2026-04-25 14:51:43,267 - INFO - Using grad scaler True amp_dtype torch.float16 use_amp True
2026-04-25 14:51:43,270 - INFO - Scheduling validation loops at epochs: [5, 10, 15, 20, 25, 30, 35, 40, 45, 50, 55, 60, 65]
2026-04-25 14:51:43,270 - INFO - adding datalist (0): datalists/puma_datalist.json
2026-04-25 14:51:43,275 - INFO - train files 153
2026-04-25 14:51:44,950 - INFO - => loaded checkpoint ./models/model.pt (epoch 4) (best_metric 0.742350697517395) setting start_epoch 0
2026-04-25 14:51:44,968 - INFO - total parameters count 89970051 distributed False
2026-04-25 14:51:44,970 - INFO - Writing Tensorboard logs to ./models/puma
2026-04-25 14:51:44,971 - INFO - Using num_epochs => 70
 Using start_epoch => 1
 batch_size => 2 
 num_warmup_epochs => 3 
 
2026-04-25 14:51:47,989 - INFO - Epoch 1/70 0/77 loss: 0.4731 time 2.31s 
2026-04-25 14:51:48,487 - INFO - Epoch 1/70 1/77 loss: 0.7412 time 0.50s 
2026-04-25 14:51:48,807 - INFO - Epoch 1/70 2/77 loss: 0.6604 time 0.32s 
2026-04-25 14:51:49,128 - INFO - Epoch 1/70 3/77 loss: 0.6186 time 0.32s 
2026-04-25 14:51:49,447 - INFO - Epoch 1/70 4/77 loss: 0.6042 time 0.32s 
2026-04-25 14:51:49,767 - INFO - Epoch 1/70 5/77 loss: 0.5556 time 0.32s 
2026-04-25 14:51:50,089 - INFO - Epoch 1/70 6/77 loss: 0.5432 time 0.32s 
2026-04-25 14:51:50,408 - INFO - Epoch 1/70 7/77 loss: 0.5287 time 0.32s 
2026-04-25 14:51:50,730 - INFO - Epoch 1/70 8/77 loss: 0.5328 time 0.32s 
2026-04-25 14:51:51,051 - INFO - Epoch 1/70 9/77 loss: 0.5409 time 0.32s 
2026-04-25 14:51:51,371 - INFO - Epoch 1/70 10/77 loss: 0.5546 time 0.32s 
2026-04-25 14:51:51,692 - INFO - Epoch 1/70 11/77 loss: 0.5558 time 0.32s 
2026-04-25 14:51:52,013 - INFO - Epoch 1/70 12/77 loss: 0.5452 time 0.32s 
2026-04-25 14:51:52,337 - INFO - Epoch 1/70 13/77 loss: 0.5468 time 0.32s 
2026-04-25 14:51:52,661 - INFO - Epoch 1/70 14/77 loss: 0.5402 time 0.32s 
2026-04-25 14:51:52,980 - INFO - Epoch 1/70 15/77 loss: 0.5309 time 0.32s 
2026-04-25 14:51:53,299 - INFO - Epoch 1/70 16/77 loss: 0.5593 time 0.32s 
2026-04-25 14:51:53,619 - INFO - Epoch 1/70 17/77 loss: 0.5611 time 0.32s 
2026-04-25 14:51:53,940 - INFO - Epoch 1/70 18/77 loss: 0.5532 time 0.32s 
2026-04-25 14:51:54,260 - INFO - Epoch 1/70 19/77 loss: 0.5560 time 0.32s 
2026-04-25 14:51:54,579 - INFO - Epoch 1/70 20/77 loss: 0.5600 time 0.32s 
2026-04-25 14:51:54,900 - INFO - Epoch 1/70 21/77 loss: 0.5667 time 0.32s 
2026-04-25 14:51:55,222 - INFO - Epoch 1/70 22/77 loss: 0.5770 time 0.32s 
2026-04-25 14:51:55,542 - INFO - Epoch 1/70 23/77 loss: 0.5854 time 0.32s 
2026-04-25 14:51:55,865 - INFO - Epoch 1/70 24/77 loss: 0.5712 time 0.32s 
2026-04-25 14:51:56,186 - INFO - Epoch 1/70 25/77 loss: 0.5714 time 0.32s 
2026-04-25 14:51:56,508 - INFO - Epoch 1/70 26/77 loss: 0.5663 time 0.32s 
2026-04-25 14:51:56,828 - INFO - Epoch 1/70 27/77 loss: 0.5618 time 0.32s 
2026-04-25 14:51:57,147 - INFO - Epoch 1/70 28/77 loss: 0.5618 time 0.32s 
2026-04-25 14:51:57,470 - INFO - Epoch 1/70 29/77 loss: 0.5543 time 0.32s 
2026-04-25 14:51:57,793 - INFO - Epoch 1/70 30/77 loss: 0.5517 time 0.32s 
2026-04-25 14:51:58,112 - INFO - Epoch 1/70 31/77 loss: 0.5487 time 0.32s 
2026-04-25 14:51:58,433 - INFO - Epoch 1/70 32/77 loss: 0.5448 time 0.32s 
2026-04-25 14:51:58,753 - INFO - Epoch 1/70 33/77 loss: 0.6327 time 0.32s 
2026-04-25 14:51:59,074 - INFO - Epoch 1/70 34/77 loss: 0.6241 time 0.32s 
2026-04-25 14:51:59,396 - INFO - Epoch 1/70 35/77 loss: 0.6202 time 0.32s 
2026-04-25 14:51:59,716 - INFO - Epoch 1/70 36/77 loss: 0.6207 time 0.32s 
2026-04-25 14:52:00,037 - INFO - Epoch 1/70 37/77 loss: 0.6212 time 0.32s 
2026-04-25 14:52:00,357 - INFO - Epoch 1/70 38/77 loss: 0.6390 time 0.32s 
2026-04-25 14:52:00,677 - INFO - Epoch 1/70 39/77 loss: 0.6334 time 0.32s 
2026-04-25 14:52:00,996 - INFO - Epoch 1/70 40/77 loss: 0.6352 time 0.32s 
2026-04-25 14:52:01,317 - INFO - Epoch 1/70 41/77 loss: 0.6313 time 0.32s 
2026-04-25 14:52:01,638 - INFO - Epoch 1/70 42/77 loss: 0.6261 time 0.32s 
2026-04-25 14:52:01,957 - INFO - Epoch 1/70 43/77 loss: 0.6253 time 0.32s 
2026-04-25 14:52:02,278 - INFO - Epoch 1/70 44/77 loss: 0.6235 time 0.32s 
2026-04-25 14:52:02,597 - INFO - Epoch 1/70 45/77 loss: 0.6275 time 0.32s 
2026-04-25 14:52:02,919 - INFO - Epoch 1/70 46/77 loss: 0.6246 time 0.32s 
2026-04-25 14:52:03,239 - INFO - Epoch 1/70 47/77 loss: 0.6223 time 0.32s 
2026-04-25 14:52:03,561 - INFO - Epoch 1/70 48/77 loss: 0.6199 time 0.32s 
2026-04-25 14:52:03,881 - INFO - Epoch 1/70 49/77 loss: 0.6162 time 0.32s 
2026-04-25 14:52:04,203 - INFO - Epoch 1/70 50/77 loss: 0.6106 time 0.32s 
2026-04-25 14:52:04,521 - INFO - Epoch 1/70 51/77 loss: 0.6052 time 0.32s 
2026-04-25 14:52:04,842 - INFO - Epoch 1/70 52/77 loss: 0.6071 time 0.32s 
2026-04-25 14:52:05,165 - INFO - Epoch 1/70 53/77 loss: 0.6102 time 0.32s 
2026-04-25 14:52:05,486 - INFO - Epoch 1/70 54/77 loss: 0.6090 time 0.32s 
2026-04-25 14:52:05,805 - INFO - Epoch 1/70 55/77 loss: 0.6026 time 0.32s 
2026-04-25 14:52:06,127 - INFO - Epoch 1/70 56/77 loss: 0.6028 time 0.32s 
2026-04-25 14:52:06,448 - INFO - Epoch 1/70 57/77 loss: 0.5956 time 0.32s 
2026-04-25 14:52:06,770 - INFO - Epoch 1/70 58/77 loss: 0.5920 time 0.32s 
2026-04-25 14:52:07,088 - INFO - Epoch 1/70 59/77 loss: 0.5910 time 0.32s 
2026-04-25 14:52:07,410 - INFO - Epoch 1/70 60/77 loss: 0.5947 time 0.32s 
2026-04-25 14:52:07,729 - INFO - Epoch 1/70 61/77 loss: 0.5963 time 0.32s 
2026-04-25 14:52:08,048 - INFO - Epoch 1/70 62/77 loss: 0.5932 time 0.32s 
2026-04-25 14:52:08,367 - INFO - Epoch 1/70 63/77 loss: 0.5941 time 0.32s 
2026-04-25 14:52:08,687 - INFO - Epoch 1/70 64/77 loss: 0.5961 time 0.32s 
2026-04-25 14:52:09,009 - INFO - Epoch 1/70 65/77 loss: 0.5941 time 0.32s 
2026-04-25 14:52:09,330 - INFO - Epoch 1/70 66/77 loss: 0.5937 time 0.32s 
2026-04-25 14:52:09,650 - INFO - Epoch 1/70 67/77 loss: 0.5939 time 0.32s 
2026-04-25 14:52:09,971 - INFO - Epoch 1/70 68/77 loss: 0.6018 time 0.32s 
2026-04-25 14:52:10,291 - INFO - Epoch 1/70 69/77 loss: 0.6030 time 0.32s 
2026-04-25 14:52:10,610 - INFO - Epoch 1/70 70/77 loss: 0.5997 time 0.32s 
2026-04-25 14:52:10,928 - INFO - Epoch 1/70 71/77 loss: 0.5977 time 0.32s 
2026-04-25 14:52:11,246 - INFO - Epoch 1/70 72/77 loss: 0.5969 time 0.32s 
2026-04-25 14:52:11,562 - INFO - Epoch 1/70 73/77 loss: 0.5970 time 0.32s 
2026-04-25 14:52:11,880 - INFO - Epoch 1/70 74/77 loss: 0.5995 time 0.32s 
2026-04-25 14:52:12,198 - INFO - Epoch 1/70 75/77 loss: 0.6027 time 0.32s 
2026-04-25 14:52:13,098 - INFO - Epoch 1/70 76/77 loss: 0.6037 time 0.90s 
2026-04-25 14:52:13,181 - INFO - Latest training  1/69 loss: 0.6037 time 27.50s  lr: 1.0000e-04
2026-04-25 14:52:13,184 - INFO - Estimated remaining training time for the current model fold 0 is 0.63 hr, running time 0.01 hr, est total time 0.63 hr 

2026-04-25 14:52:14,177 - INFO - Epoch 2/70 0/77 loss: 0.7482 time 0.99s 
2026-04-25 14:52:14,500 - INFO - Epoch 2/70 1/77 loss: 0.7504 time 0.32s 
2026-04-25 14:52:14,821 - INFO - Epoch 2/70 2/77 loss: 0.6508 time 0.32s 
2026-04-25 14:52:15,143 - INFO - Epoch 2/70 3/77 loss: 0.6188 time 0.32s 
2026-04-25 14:52:15,463 - INFO - Epoch 2/70 4/77 loss: 0.6859 time 0.32s 
2026-04-25 14:52:15,783 - INFO - Epoch 2/70 5/77 loss: 0.6954 time 0.32s 
2026-04-25 14:52:16,105 - INFO - Epoch 2/70 6/77 loss: 0.6785 time 0.32s 
2026-04-25 14:52:16,426 - INFO - Epoch 2/70 7/77 loss: 0.6531 time 0.32s 
2026-04-25 14:52:16,749 - INFO - Epoch 2/70 8/77 loss: 0.6191 time 0.32s 
2026-04-25 14:52:17,071 - INFO - Epoch 2/70 9/77 loss: 0.6019 time 0.32s 
2026-04-25 14:52:17,391 - INFO - Epoch 2/70 10/77 loss: 0.6194 time 0.32s 
2026-04-25 14:52:17,712 - INFO - Epoch 2/70 11/77 loss: 0.6123 time 0.32s 
2026-04-25 14:52:18,032 - INFO - Epoch 2/70 12/77 loss: 0.5990 time 0.32s 
2026-04-25 14:52:18,353 - INFO - Epoch 2/70 13/77 loss: 0.6079 time 0.32s 
2026-04-25 14:52:18,674 - INFO - Epoch 2/70 14/77 loss: 0.6110 time 0.32s 
2026-04-25 14:52:18,995 - INFO - Epoch 2/70 15/77 loss: 0.5927 time 0.32s 
2026-04-25 14:52:19,317 - INFO - Epoch 2/70 16/77 loss: 0.5894 time 0.32s 
2026-04-25 14:52:19,638 - INFO - Epoch 2/70 17/77 loss: 0.5796 time 0.32s 
2026-04-25 14:52:19,961 - INFO - Epoch 2/70 18/77 loss: 0.5755 time 0.32s 
2026-04-25 14:52:20,282 - INFO - Epoch 2/70 19/77 loss: 0.5839 time 0.32s 
2026-04-25 14:52:20,602 - INFO - Epoch 2/70 20/77 loss: 0.5757 time 0.32s 
2026-04-25 14:52:20,929 - INFO - Epoch 2/70 21/77 loss: 0.5753 time 0.33s 
2026-04-25 14:52:21,251 - INFO - Epoch 2/70 22/77 loss: 0.5666 time 0.32s 
2026-04-25 14:52:21,570 - INFO - Epoch 2/70 23/77 loss: 0.5648 time 0.32s 
2026-04-25 14:52:21,892 - INFO - Epoch 2/70 24/77 loss: 0.5649 time 0.32s 
2026-04-25 14:52:22,214 - INFO - Epoch 2/70 25/77 loss: 0.5623 time 0.32s 
2026-04-25 14:52:22,534 - INFO - Epoch 2/70 26/77 loss: 0.5511 time 0.32s 
2026-04-25 14:52:22,855 - INFO - Epoch 2/70 27/77 loss: 0.5478 time 0.32s 
2026-04-25 14:52:23,175 - INFO - Epoch 2/70 28/77 loss: 0.5440 time 0.32s 
2026-04-25 14:52:23,494 - INFO - Epoch 2/70 29/77 loss: 0.5367 time 0.32s 
2026-04-25 14:52:23,818 - INFO - Epoch 2/70 30/77 loss: 0.5347 time 0.32s 
2026-04-25 14:52:24,139 - INFO - Epoch 2/70 31/77 loss: 0.5403 time 0.32s 
2026-04-25 14:52:24,459 - INFO - Epoch 2/70 32/77 loss: 0.5395 time 0.32s 
2026-04-25 14:52:24,780 - INFO - Epoch 2/70 33/77 loss: 0.5332 time 0.32s 
2026-04-25 14:52:25,100 - INFO - Epoch 2/70 34/77 loss: 0.5325 time 0.32s 
2026-04-25 14:52:25,420 - INFO - Epoch 2/70 35/77 loss: 0.5385 time 0.32s 
2026-04-25 14:52:25,741 - INFO - Epoch 2/70 36/77 loss: 0.5303 time 0.32s 
2026-04-25 14:52:26,061 - INFO - Epoch 2/70 37/77 loss: 0.5318 time 0.32s 
2026-04-25 14:52:26,380 - INFO - Epoch 2/70 38/77 loss: 0.5340 time 0.32s 
2026-04-25 14:52:26,701 - INFO - Epoch 2/70 39/77 loss: 0.5340 time 0.32s 
2026-04-25 14:52:27,022 - INFO - Epoch 2/70 40/77 loss: 0.5327 time 0.32s 
2026-04-25 14:52:27,343 - INFO - Epoch 2/70 41/77 loss: 0.5392 time 0.32s 
2026-04-25 14:52:27,665 - INFO - Epoch 2/70 42/77 loss: 0.5358 time 0.32s 
2026-04-25 14:52:27,985 - INFO - Epoch 2/70 43/77 loss: 0.5325 time 0.32s 
2026-04-25 14:52:28,307 - INFO - Epoch 2/70 44/77 loss: 0.5337 time 0.32s 
2026-04-25 14:52:28,629 - INFO - Epoch 2/70 45/77 loss: 0.5316 time 0.32s 
2026-04-25 14:52:28,950 - INFO - Epoch 2/70 46/77 loss: 0.5343 time 0.32s 
2026-04-25 14:52:29,270 - INFO - Epoch 2/70 47/77 loss: 0.5374 time 0.32s 
2026-04-25 14:52:29,591 - INFO - Epoch 2/70 48/77 loss: 0.5414 time 0.32s 
2026-04-25 14:52:29,912 - INFO - Epoch 2/70 49/77 loss: 0.5403 time 0.32s 
2026-04-25 14:52:30,233 - INFO - Epoch 2/70 50/77 loss: 0.5364 time 0.32s 
2026-04-25 14:52:30,554 - INFO - Epoch 2/70 51/77 loss: 0.5337 time 0.32s 
2026-04-25 14:52:30,877 - INFO - Epoch 2/70 52/77 loss: 0.5297 time 0.32s 
2026-04-25 14:52:31,199 - INFO - Epoch 2/70 53/77 loss: 0.5283 time 0.32s 
2026-04-25 14:52:31,519 - INFO - Epoch 2/70 54/77 loss: 0.5256 time 0.32s 
2026-04-25 14:52:31,840 - INFO - Epoch 2/70 55/77 loss: 0.5293 time 0.32s 
2026-04-25 14:52:32,161 - INFO - Epoch 2/70 56/77 loss: 0.5277 time 0.32s 
2026-04-25 14:52:32,483 - INFO - Epoch 2/70 57/77 loss: 0.5296 time 0.32s 
2026-04-25 14:52:32,804 - INFO - Epoch 2/70 58/77 loss: 0.5275 time 0.32s 
2026-04-25 14:52:33,128 - INFO - Epoch 2/70 59/77 loss: 0.5253 time 0.32s 
2026-04-25 14:52:33,448 - INFO - Epoch 2/70 60/77 loss: 0.5220 time 0.32s 
2026-04-25 14:52:33,769 - INFO - Epoch 2/70 61/77 loss: 0.5227 time 0.32s 
2026-04-25 14:52:34,090 - INFO - Epoch 2/70 62/77 loss: 0.5210 time 0.32s 
2026-04-25 14:52:34,412 - INFO - Epoch 2/70 63/77 loss: 0.5201 time 0.32s 
2026-04-25 14:52:34,734 - INFO - Epoch 2/70 64/77 loss: 0.5169 time 0.32s 
2026-04-25 14:52:35,054 - INFO - Epoch 2/70 65/77 loss: 0.5210 time 0.32s 
2026-04-25 14:52:35,375 - INFO - Epoch 2/70 66/77 loss: 0.5182 time 0.32s 
2026-04-25 14:52:35,699 - INFO - Epoch 2/70 67/77 loss: 0.5152 time 0.32s 
2026-04-25 14:52:36,021 - INFO - Epoch 2/70 68/77 loss: 0.5153 time 0.32s 
2026-04-25 14:52:36,340 - INFO - Epoch 2/70 69/77 loss: 0.5150 time 0.32s 
2026-04-25 14:52:36,657 - INFO - Epoch 2/70 70/77 loss: 0.5143 time 0.32s 
2026-04-25 14:52:36,975 - INFO - Epoch 2/70 71/77 loss: 0.5135 time 0.32s 
2026-04-25 14:52:37,293 - INFO - Epoch 2/70 72/77 loss: 0.5121 time 0.32s 
2026-04-25 14:52:37,611 - INFO - Epoch 2/70 73/77 loss: 0.5151 time 0.32s 
2026-04-25 14:52:37,930 - INFO - Epoch 2/70 74/77 loss: 0.5159 time 0.32s 
2026-04-25 14:52:38,248 - INFO - Epoch 2/70 75/77 loss: 0.5148 time 0.32s 
2026-04-25 14:52:38,425 - INFO - Epoch 2/70 76/77 loss: 0.5133 time 0.18s 
2026-04-25 14:52:38,497 - INFO - Latest training  2/69 loss: 0.5133 time 25.31s  lr: 1.0000e-04
2026-04-25 14:52:38,498 - INFO - Estimated remaining training time for the current model fold 0 is 0.58 hr, running time 0.01 hr, est total time 0.59 hr 

2026-04-25 14:52:39,439 - INFO - Epoch 3/70 0/77 loss: 0.4589 time 0.94s 
2026-04-25 14:52:39,761 - INFO - Epoch 3/70 1/77 loss: 0.4595 time 0.32s 
2026-04-25 14:52:40,084 - INFO - Epoch 3/70 2/77 loss: 0.4155 time 0.32s 
2026-04-25 14:52:40,409 - INFO - Epoch 3/70 3/77 loss: 0.4099 time 0.32s 
2026-04-25 14:52:40,728 - INFO - Epoch 3/70 4/77 loss: 0.4098 time 0.32s 
2026-04-25 14:52:41,048 - INFO - Epoch 3/70 5/77 loss: 0.4343 time 0.32s 
2026-04-25 14:52:41,371 - INFO - Epoch 3/70 6/77 loss: 0.4486 time 0.32s 
2026-04-25 14:52:41,691 - INFO - Epoch 3/70 7/77 loss: 0.4884 time 0.32s 
2026-04-25 14:52:42,012 - INFO - Epoch 3/70 8/77 loss: 0.5268 time 0.32s 
2026-04-25 14:52:42,333 - INFO - Epoch 3/70 9/77 loss: 0.5279 time 0.32s 
2026-04-25 14:52:42,656 - INFO - Epoch 3/70 10/77 loss: 0.5533 time 0.32s 
2026-04-25 14:52:42,979 - INFO - Epoch 3/70 11/77 loss: 0.5574 time 0.32s 
2026-04-25 14:52:43,298 - INFO - Epoch 3/70 12/77 loss: 0.5770 time 0.32s 
2026-04-25 14:52:43,620 - INFO - Epoch 3/70 13/77 loss: 0.6054 time 0.32s 
2026-04-25 14:52:43,945 - INFO - Epoch 3/70 14/77 loss: 0.6225 time 0.32s 
2026-04-25 14:52:44,265 - INFO - Epoch 3/70 15/77 loss: 0.5995 time 0.32s 
2026-04-25 14:52:44,588 - INFO - Epoch 3/70 16/77 loss: 0.5912 time 0.32s 
2026-04-25 14:52:44,907 - INFO - Epoch 3/70 17/77 loss: 0.5805 time 0.32s 
2026-04-25 14:52:45,230 - INFO - Epoch 3/70 18/77 loss: 0.5849 time 0.32s 
2026-04-25 14:52:45,552 - INFO - Epoch 3/70 19/77 loss: 0.5831 time 0.32s 
2026-04-25 14:52:45,873 - INFO - Epoch 3/70 20/77 loss: 0.5721 time 0.32s 
2026-04-25 14:52:46,195 - INFO - Epoch 3/70 21/77 loss: 0.5834 time 0.32s 
2026-04-25 14:52:46,516 - INFO - Epoch 3/70 22/77 loss: 0.5789 time 0.32s 
2026-04-25 14:52:46,838 - INFO - Epoch 3/70 23/77 loss: 0.5788 time 0.32s 
2026-04-25 14:52:47,161 - INFO - Epoch 3/70 24/77 loss: 0.5677 time 0.32s 
2026-04-25 14:52:47,480 - INFO - Epoch 3/70 25/77 loss: 0.5664 time 0.32s 
2026-04-25 14:52:47,804 - INFO - Epoch 3/70 26/77 loss: 0.5688 time 0.32s 
2026-04-25 14:52:48,125 - INFO - Epoch 3/70 27/77 loss: 0.5647 time 0.32s 
2026-04-25 14:52:48,446 - INFO - Epoch 3/70 28/77 loss: 0.5540 time 0.32s 
2026-04-25 14:52:48,768 - INFO - Epoch 3/70 29/77 loss: 0.5545 time 0.32s 
2026-04-25 14:52:49,091 - INFO - Epoch 3/70 30/77 loss: 0.5622 time 0.32s 
2026-04-25 14:52:49,411 - INFO - Epoch 3/70 31/77 loss: 0.5649 time 0.32s 
2026-04-25 14:52:49,731 - INFO - Epoch 3/70 32/77 loss: 0.5687 time 0.32s 
2026-04-25 14:52:50,053 - INFO - Epoch 3/70 33/77 loss: 0.5673 time 0.32s 
2026-04-25 14:52:50,375 - INFO - Epoch 3/70 34/77 loss: 0.5684 time 0.32s 
2026-04-25 14:52:50,696 - INFO - Epoch 3/70 35/77 loss: 0.5700 time 0.32s 
2026-04-25 14:52:51,017 - INFO - Epoch 3/70 36/77 loss: 0.5653 time 0.32s 
2026-04-25 14:52:51,339 - INFO - Epoch 3/70 37/77 loss: 0.5589 time 0.32s 
2026-04-25 14:52:51,661 - INFO - Epoch 3/70 38/77 loss: 0.5559 time 0.32s 
2026-04-25 14:52:51,982 - INFO - Epoch 3/70 39/77 loss: 0.5542 time 0.32s 
2026-04-25 14:52:52,304 - INFO - Epoch 3/70 40/77 loss: 0.5555 time 0.32s 
2026-04-25 14:52:52,625 - INFO - Epoch 3/70 41/77 loss: 0.5505 time 0.32s 
2026-04-25 14:52:52,945 - INFO - Epoch 3/70 42/77 loss: 0.5505 time 0.32s 
2026-04-25 14:52:53,265 - INFO - Epoch 3/70 43/77 loss: 0.5475 time 0.32s 
2026-04-25 14:52:53,589 - INFO - Epoch 3/70 44/77 loss: 0.5487 time 0.32s 
2026-04-25 14:52:53,909 - INFO - Epoch 3/70 45/77 loss: 0.5441 time 0.32s 
2026-04-25 14:52:54,230 - INFO - Epoch 3/70 46/77 loss: 0.5413 time 0.32s 
2026-04-25 14:52:54,551 - INFO - Epoch 3/70 47/77 loss: 0.5362 time 0.32s 
2026-04-25 14:52:54,872 - INFO - Epoch 3/70 48/77 loss: 0.5448 time 0.32s 
2026-04-25 14:52:55,194 - INFO - Epoch 3/70 49/77 loss: 0.5469 time 0.32s 
2026-04-25 14:52:55,516 - INFO - Epoch 3/70 50/77 loss: 0.5470 time 0.32s 
2026-04-25 14:52:55,838 - INFO - Epoch 3/70 51/77 loss: 0.5466 time 0.32s 
2026-04-25 14:52:56,160 - INFO - Epoch 3/70 52/77 loss: 0.5431 time 0.32s 
2026-04-25 14:52:56,482 - INFO - Epoch 3/70 53/77 loss: 0.5383 time 0.32s 
2026-04-25 14:52:56,802 - INFO - Epoch 3/70 54/77 loss: 0.5368 time 0.32s 
2026-04-25 14:52:57,124 - INFO - Epoch 3/70 55/77 loss: 0.5319 time 0.32s 
2026-04-25 14:52:57,444 - INFO - Epoch 3/70 56/77 loss: 0.5313 time 0.32s 
2026-04-25 14:52:57,766 - INFO - Epoch 3/70 57/77 loss: 0.5304 time 0.32s 
2026-04-25 14:52:58,087 - INFO - Epoch 3/70 58/77 loss: 0.5309 time 0.32s 
2026-04-25 14:52:58,408 - INFO - Epoch 3/70 59/77 loss: 0.5358 time 0.32s 
2026-04-25 14:52:58,728 - INFO - Epoch 3/70 60/77 loss: 0.5332 time 0.32s 
2026-04-25 14:52:59,047 - INFO - Epoch 3/70 61/77 loss: 0.5386 time 0.32s 
2026-04-25 14:52:59,369 - INFO - Epoch 3/70 62/77 loss: 0.5336 time 0.32s 
2026-04-25 14:52:59,690 - INFO - Epoch 3/70 63/77 loss: 0.5300 time 0.32s 
2026-04-25 14:53:00,011 - INFO - Epoch 3/70 64/77 loss: 0.5290 time 0.32s 
2026-04-25 14:53:00,335 - INFO - Epoch 3/70 65/77 loss: 0.5325 time 0.32s 
2026-04-25 14:53:00,657 - INFO - Epoch 3/70 66/77 loss: 0.5314 time 0.32s 
2026-04-25 14:53:00,977 - INFO - Epoch 3/70 67/77 loss: 0.5328 time 0.32s 
2026-04-25 14:53:01,297 - INFO - Epoch 3/70 68/77 loss: 0.5326 time 0.32s 
2026-04-25 14:53:01,615 - INFO - Epoch 3/70 69/77 loss: 0.5328 time 0.32s 
2026-04-25 14:53:01,934 - INFO - Epoch 3/70 70/77 loss: 0.5305 time 0.32s 
2026-04-25 14:53:02,251 - INFO - Epoch 3/70 71/77 loss: 0.5351 time 0.32s 
2026-04-25 14:53:02,569 - INFO - Epoch 3/70 72/77 loss: 0.5314 time 0.32s 
2026-04-25 14:53:02,887 - INFO - Epoch 3/70 73/77 loss: 0.5275 time 0.32s 
2026-04-25 14:53:03,206 - INFO - Epoch 3/70 74/77 loss: 0.5247 time 0.32s 
2026-04-25 14:53:03,522 - INFO - Epoch 3/70 75/77 loss: 0.5249 time 0.32s 
2026-04-25 14:53:03,699 - INFO - Epoch 3/70 76/77 loss: 0.5311 time 0.18s 
2026-04-25 14:53:03,776 - INFO - Latest training  3/69 loss: 0.5311 time 25.28s  lr: 1.0000e-04
2026-04-25 14:53:03,776 - INFO - Estimated remaining training time for the current model fold 0 is 0.57 hr, running time 0.02 hr, est total time 0.59 hr 

2026-04-25 14:53:04,719 - INFO - Epoch 4/70 0/77 loss: 0.5704 time 0.94s 
2026-04-25 14:53:05,041 - INFO - Epoch 4/70 1/77 loss: 0.5403 time 0.32s 
2026-04-25 14:53:05,362 - INFO - Epoch 4/70 2/77 loss: 0.4818 time 0.32s 
2026-04-25 14:53:05,686 - INFO - Epoch 4/70 3/77 loss: 0.4396 time 0.32s 
2026-04-25 14:53:06,007 - INFO - Epoch 4/70 4/77 loss: 0.5135 time 0.32s 
2026-04-25 14:53:06,331 - INFO - Epoch 4/70 5/77 loss: 0.4918 time 0.32s 
2026-04-25 14:53:06,655 - INFO - Epoch 4/70 6/77 loss: 0.4708 time 0.32s 
2026-04-25 14:53:06,981 - INFO - Epoch 4/70 7/77 loss: 0.4390 time 0.32s 
2026-04-25 14:53:07,308 - INFO - Epoch 4/70 8/77 loss: 0.4353 time 0.33s 
2026-04-25 14:53:07,632 - INFO - Epoch 4/70 9/77 loss: 0.4346 time 0.32s 
2026-04-25 14:53:07,953 - INFO - Epoch 4/70 10/77 loss: 0.4413 time 0.32s 
2026-04-25 14:53:08,275 - INFO - Epoch 4/70 11/77 loss: 0.4498 time 0.32s 
2026-04-25 14:53:08,598 - INFO - Epoch 4/70 12/77 loss: 0.4633 time 0.32s 
2026-04-25 14:53:08,919 - INFO - Epoch 4/70 13/77 loss: 0.4628 time 0.32s 
2026-04-25 14:53:09,242 - INFO - Epoch 4/70 14/77 loss: 0.4916 time 0.32s 
2026-04-25 14:53:09,563 - INFO - Epoch 4/70 15/77 loss: 0.4976 time 0.32s 
2026-04-25 14:53:09,886 - INFO - Epoch 4/70 16/77 loss: 0.4982 time 0.32s 
2026-04-25 14:53:10,209 - INFO - Epoch 4/70 17/77 loss: 0.4962 time 0.32s 
2026-04-25 14:53:10,530 - INFO - Epoch 4/70 18/77 loss: 0.4975 time 0.32s 
2026-04-25 14:53:10,853 - INFO - Epoch 4/70 19/77 loss: 0.4897 time 0.32s 
2026-04-25 14:53:11,174 - INFO - Epoch 4/70 20/77 loss: 0.4856 time 0.32s 
2026-04-25 14:53:11,499 - INFO - Epoch 4/70 21/77 loss: 0.4973 time 0.32s 
2026-04-25 14:53:11,820 - INFO - Epoch 4/70 22/77 loss: 0.5052 time 0.32s 
2026-04-25 14:53:12,142 - INFO - Epoch 4/70 23/77 loss: 0.4956 time 0.32s 
2026-04-25 14:53:12,463 - INFO - Epoch 4/70 24/77 loss: 0.4908 time 0.32s 
2026-04-25 14:53:12,785 - INFO - Epoch 4/70 25/77 loss: 0.4841 time 0.32s 
2026-04-25 14:53:13,107 - INFO - Epoch 4/70 26/77 loss: 0.4874 time 0.32s 
2026-04-25 14:53:13,428 - INFO - Epoch 4/70 27/77 loss: 0.4840 time 0.32s 
2026-04-25 14:53:13,750 - INFO - Epoch 4/70 28/77 loss: 0.4850 time 0.32s 
2026-04-25 14:53:14,070 - INFO - Epoch 4/70 29/77 loss: 0.4790 time 0.32s 
2026-04-25 14:53:14,391 - INFO - Epoch 4/70 30/77 loss: 0.4797 time 0.32s 
2026-04-25 14:53:14,713 - INFO - Epoch 4/70 31/77 loss: 0.4833 time 0.32s 
2026-04-25 14:53:15,035 - INFO - Epoch 4/70 32/77 loss: 0.4842 time 0.32s 
2026-04-25 14:53:15,356 - INFO - Epoch 4/70 33/77 loss: 0.4831 time 0.32s 
2026-04-25 14:53:15,680 - INFO - Epoch 4/70 34/77 loss: 0.4878 time 0.32s 
2026-04-25 14:53:16,001 - INFO - Epoch 4/70 35/77 loss: 0.4831 time 0.32s 
2026-04-25 14:53:16,323 - INFO - Epoch 4/70 36/77 loss: 0.4905 time 0.32s 
2026-04-25 14:53:16,646 - INFO - Epoch 4/70 37/77 loss: 0.4908 time 0.32s 
2026-04-25 14:53:16,967 - INFO - Epoch 4/70 38/77 loss: 0.4926 time 0.32s 
2026-04-25 14:53:17,290 - INFO - Epoch 4/70 39/77 loss: 0.4910 time 0.32s 
2026-04-25 14:53:17,610 - INFO - Epoch 4/70 40/77 loss: 0.4983 time 0.32s 
2026-04-25 14:53:17,931 - INFO - Epoch 4/70 41/77 loss: 0.4976 time 0.32s 
2026-04-25 14:53:18,251 - INFO - Epoch 4/70 42/77 loss: 0.4956 time 0.32s 
2026-04-25 14:53:18,573 - INFO - Epoch 4/70 43/77 loss: 0.4966 time 0.32s 
2026-04-25 14:53:18,895 - INFO - Epoch 4/70 44/77 loss: 0.4954 time 0.32s 
2026-04-25 14:53:19,217 - INFO - Epoch 4/70 45/77 loss: 0.4980 time 0.32s 
2026-04-25 14:53:19,540 - INFO - Epoch 4/70 46/77 loss: 0.5017 time 0.32s 
2026-04-25 14:53:19,862 - INFO - Epoch 4/70 47/77 loss: 0.5038 time 0.32s 
2026-04-25 14:53:20,183 - INFO - Epoch 4/70 48/77 loss: 0.5022 time 0.32s 
2026-04-25 14:53:20,505 - INFO - Epoch 4/70 49/77 loss: 0.5053 time 0.32s 
2026-04-25 14:53:20,825 - INFO - Epoch 4/70 50/77 loss: 0.5045 time 0.32s 
2026-04-25 14:53:21,146 - INFO - Epoch 4/70 51/77 loss: 0.5046 time 0.32s 
2026-04-25 14:53:21,467 - INFO - Epoch 4/70 52/77 loss: 0.5084 time 0.32s 
2026-04-25 14:53:21,788 - INFO - Epoch 4/70 53/77 loss: 0.5029 time 0.32s 
2026-04-25 14:53:22,110 - INFO - Epoch 4/70 54/77 loss: 0.5024 time 0.32s 
2026-04-25 14:53:22,433 - INFO - Epoch 4/70 55/77 loss: 0.5000 time 0.32s 
2026-04-25 14:53:22,755 - INFO - Epoch 4/70 56/77 loss: 0.5076 time 0.32s 
2026-04-25 14:53:23,078 - INFO - Epoch 4/70 57/77 loss: 0.5150 time 0.32s 
2026-04-25 14:53:23,398 - INFO - Epoch 4/70 58/77 loss: 0.5233 time 0.32s 
2026-04-25 14:53:23,719 - INFO - Epoch 4/70 59/77 loss: 0.5218 time 0.32s 
2026-04-25 14:53:24,040 - INFO - Epoch 4/70 60/77 loss: 0.5218 time 0.32s 
2026-04-25 14:53:24,361 - INFO - Epoch 4/70 61/77 loss: 0.5171 time 0.32s 
2026-04-25 14:53:24,683 - INFO - Epoch 4/70 62/77 loss: 0.5152 time 0.32s 
2026-04-25 14:53:25,005 - INFO - Epoch 4/70 63/77 loss: 0.5182 time 0.32s 
2026-04-25 14:53:25,326 - INFO - Epoch 4/70 64/77 loss: 0.5130 time 0.32s 
2026-04-25 14:53:25,647 - INFO - Epoch 4/70 65/77 loss: 0.5146 time 0.32s 
2026-04-25 14:53:25,967 - INFO - Epoch 4/70 66/77 loss: 0.5147 time 0.32s 
2026-04-25 14:53:26,288 - INFO - Epoch 4/70 67/77 loss: 0.5182 time 0.32s 
2026-04-25 14:53:26,609 - INFO - Epoch 4/70 68/77 loss: 0.5169 time 0.32s 
2026-04-25 14:53:26,928 - INFO - Epoch 4/70 69/77 loss: 0.5178 time 0.32s 
2026-04-25 14:53:27,246 - INFO - Epoch 4/70 70/77 loss: 0.5191 time 0.32s 
2026-04-25 14:53:27,564 - INFO - Epoch 4/70 71/77 loss: 0.5239 time 0.32s 
2026-04-25 14:53:27,881 - INFO - Epoch 4/70 72/77 loss: 0.5222 time 0.32s 
2026-04-25 14:53:28,199 - INFO - Epoch 4/70 73/77 loss: 0.5228 time 0.32s 
2026-04-25 14:53:28,517 - INFO - Epoch 4/70 74/77 loss: 0.5220 time 0.32s 
2026-04-25 14:53:28,834 - INFO - Epoch 4/70 75/77 loss: 0.5194 time 0.32s 
2026-04-25 14:53:29,011 - INFO - Epoch 4/70 76/77 loss: 0.5182 time 0.18s 
2026-04-25 14:53:29,106 - INFO - Latest training  4/69 loss: 0.5182 time 25.33s  lr: 1.0000e-04
2026-04-25 14:53:37,441 - INFO - Val 4/70 0/30 loss: 0.7991 acc 0.7268722466960352  time 8.32s
2026-04-25 14:53:41,061 - INFO - Val 4/70 1/30 loss: 0.6133 acc 0.8525345622119815  time 3.62s
2026-04-25 14:53:44,695 - INFO - Val 4/70 2/30 loss: 0.5338 acc 0.8470588235294118  time 3.63s
2026-04-25 14:53:48,217 - INFO - Val 4/70 3/30 loss: 0.3973 acc 0.8553459119496856  time 3.52s
2026-04-25 14:53:51,797 - INFO - Val 4/70 4/30 loss: 0.4292 acc 0.7731788079470199  time 3.58s
2026-04-25 14:53:55,505 - INFO - Val 4/70 5/30 loss: 0.6945 acc 0.848729792147806  time 3.71s
2026-04-25 14:53:59,155 - INFO - Val 4/70 6/30 loss: 0.6544 acc 0.7611111111111111  time 3.65s
2026-04-25 14:54:02,705 - INFO - Val 4/70 7/30 loss: 0.3124 acc 0.9  time 3.55s
2026-04-25 14:54:06,396 - INFO - Val 4/70 8/30 loss: 0.7917 acc 0.8299155609167672  time 3.69s
2026-04-25 14:54:10,054 - INFO - Val 4/70 9/30 loss: 0.5212 acc 0.8774002954209749  time 3.66s
2026-04-25 14:54:13,601 - INFO - Val 4/70 10/30 loss: 0.3541 acc 0.8900523560209425  time 3.55s
2026-04-25 14:54:17,176 - INFO - Val 4/70 11/30 loss: 0.3611 acc 0.9054054054054054  time 3.57s
2026-04-25 14:54:20,690 - INFO - Val 4/70 12/30 loss: 0.3565 acc 0.8109090909090909  time 3.51s
2026-04-25 14:54:24,343 - INFO - Val 4/70 13/30 loss: 0.5926 acc 0.8631732168850073  time 3.65s
2026-04-25 14:54:27,818 - INFO - Val 4/70 14/30 loss: 0.2168 acc 0.7763157894736842  time 3.48s
2026-04-25 14:54:31,349 - INFO - Val 4/70 15/30 loss: 0.3198 acc 0.8638297872340426  time 3.53s
2026-04-25 14:54:35,009 - INFO - Val 4/70 16/30 loss: 0.6628 acc 0.8707865168539326  time 3.66s
2026-04-25 14:54:38,619 - INFO - Val 4/70 17/30 loss: 0.4562 acc 0.7946428571428571  time 3.61s
2026-04-25 14:54:42,190 - INFO - Val 4/70 18/30 loss: 0.6196 acc 0.7750511247443763  time 3.57s
2026-04-25 14:54:45,773 - INFO - Val 4/70 19/30 loss: 0.4616 acc 0.8504098360655737  time 3.58s
2026-04-25 14:54:49,372 - INFO - Val 4/70 20/30 loss: 0.3016 acc 0.8938547486033519  time 3.60s
2026-04-25 14:54:52,936 - INFO - Val 4/70 21/30 loss: 0.2746 acc 0.8938547486033519  time 3.56s
2026-04-25 14:54:56,406 - INFO - Val 4/70 22/30 loss: 0.2241 acc 0.8452830188679246  time 3.47s
2026-04-25 14:55:00,114 - INFO - Val 4/70 23/30 loss: 0.5402 acc 0.8446601941747572  time 3.71s
2026-04-25 14:55:03,689 - INFO - Val 4/70 24/30 loss: 0.2646 acc 0.9051546391752577  time 3.58s
2026-04-25 14:55:07,230 - INFO - Val 4/70 25/30 loss: 0.4417 acc 0.7286063569682152  time 3.54s
2026-04-25 14:55:11,054 - INFO - Val 4/70 26/30 loss: 0.8513 acc 0.8477366255144033  time 3.82s
2026-04-25 14:55:14,615 - INFO - Val 4/70 27/30 loss: 0.6812 acc 0.7189189189189189  time 3.56s
2026-04-25 14:55:18,268 - INFO - Val 4/70 28/30 loss: 0.5473 acc 0.8421807747489239  time 3.65s
2026-04-25 14:55:21,799 - INFO - Val 4/70 29/30 loss: 0.3579 acc 0.824390243902439  time 3.53s
2026-04-25 14:55:21,878 - INFO - Latest validation 4/69 loss: 0.4878 acc_avg: 0.8339 acc: 0.8339121341705322 time: 112.77s
2026-04-25 14:55:21,879 - INFO - New best metric (-1.000000 --> 0.833912). 
2026-04-25 14:55:25,488 - INFO - Saving checkpoint process: ./models/puma/model.pt, {'epoch': 4, 'best_metric': 0.8339121341705322}, save_time 3.61s
2026-04-25 14:55:25,492 - INFO - Progress: best_avg_score_epoch: 4, best_avg_score: 0.8339121341705322, save_time: 3.6092607975006104, time: 0.06 hr, train_time: 25.33s, validation_time: 112.77s, epoch_time: 138.10s, model: ./models/puma/model.pt, date: 2026-04-25 14:55:25
2026-04-25 14:55:28,951 - INFO - Estimated remaining training time for the current model fold 0 is 0.84 hr, running time 0.06 hr, est total time 0.90 hr 

2026-04-25 14:55:30,013 - INFO - Epoch 5/70 0/77 loss: 0.3680 time 1.06s 
2026-04-25 14:55:30,341 - INFO - Epoch 5/70 1/77 loss: 0.6035 time 0.33s 
2026-04-25 14:55:30,661 - INFO - Epoch 5/70 2/77 loss: 0.5171 time 0.32s 
2026-04-25 14:55:30,983 - INFO - Epoch 5/70 3/77 loss: 0.5021 time 0.32s 
2026-04-25 14:55:31,306 - INFO - Epoch 5/70 4/77 loss: 0.4867 time 0.32s 
2026-04-25 14:55:31,626 - INFO - Epoch 5/70 5/77 loss: 0.4726 time 0.32s 
2026-04-25 14:55:31,947 - INFO - Epoch 5/70 6/77 loss: 0.4913 time 0.32s 
2026-04-25 14:55:32,267 - INFO - Epoch 5/70 7/77 loss: 0.5422 time 0.32s 
2026-04-25 14:55:32,589 - INFO - Epoch 5/70 8/77 loss: 0.5675 time 0.32s 
2026-04-25 14:55:32,909 - INFO - Epoch 5/70 9/77 loss: 0.5780 time 0.32s 
2026-04-25 14:55:33,229 - INFO - Epoch 5/70 10/77 loss: 0.5605 time 0.32s 
2026-04-25 14:55:33,549 - INFO - Epoch 5/70 11/77 loss: 0.5680 time 0.32s 
2026-04-25 14:55:33,870 - INFO - Epoch 5/70 12/77 loss: 0.5611 time 0.32s 
2026-04-25 14:55:34,191 - INFO - Epoch 5/70 13/77 loss: 0.5533 time 0.32s 
2026-04-25 14:55:34,510 - INFO - Epoch 5/70 14/77 loss: 0.5408 time 0.32s 
2026-04-25 14:55:34,831 - INFO - Epoch 5/70 15/77 loss: 0.5340 time 0.32s 
2026-04-25 14:55:35,154 - INFO - Epoch 5/70 16/77 loss: 0.5322 time 0.32s 
2026-04-25 14:55:35,475 - INFO - Epoch 5/70 17/77 loss: 0.5440 time 0.32s 
2026-04-25 14:55:35,797 - INFO - Epoch 5/70 18/77 loss: 0.5316 time 0.32s 
2026-04-25 14:55:36,120 - INFO - Epoch 5/70 19/77 loss: 0.5282 time 0.32s 
2026-04-25 14:55:36,440 - INFO - Epoch 5/70 20/77 loss: 0.5220 time 0.32s 
2026-04-25 14:55:36,761 - INFO - Epoch 5/70 21/77 loss: 0.5269 time 0.32s 
2026-04-25 14:55:37,084 - INFO - Epoch 5/70 22/77 loss: 0.5446 time 0.32s 
2026-04-25 14:55:37,405 - INFO - Epoch 5/70 23/77 loss: 0.5374 time 0.32s 
2026-04-25 14:55:37,726 - INFO - Epoch 5/70 24/77 loss: 0.5364 time 0.32s 
2026-04-25 14:55:38,047 - INFO - Epoch 5/70 25/77 loss: 0.5391 time 0.32s 
2026-04-25 14:55:38,369 - INFO - Epoch 5/70 26/77 loss: 0.5303 time 0.32s 
2026-04-25 14:55:38,690 - INFO - Epoch 5/70 27/77 loss: 0.5325 time 0.32s 
2026-04-25 14:55:39,013 - INFO - Epoch 5/70 28/77 loss: 0.5326 time 0.32s 
2026-04-25 14:55:39,333 - INFO - Epoch 5/70 29/77 loss: 0.5312 time 0.32s 
2026-04-25 14:55:39,655 - INFO - Epoch 5/70 30/77 loss: 0.5295 time 0.32s 
2026-04-25 14:55:39,976 - INFO - Epoch 5/70 31/77 loss: 0.5386 time 0.32s 
2026-04-25 14:55:40,298 - INFO - Epoch 5/70 32/77 loss: 0.5300 time 0.32s 
2026-04-25 14:55:40,619 - INFO - Epoch 5/70 33/77 loss: 0.5289 time 0.32s 
2026-04-25 14:55:40,938 - INFO - Epoch 5/70 34/77 loss: 0.5220 time 0.32s 
2026-04-25 14:55:41,260 - INFO - Epoch 5/70 35/77 loss: 0.5145 time 0.32s 
2026-04-25 14:55:41,582 - INFO - Epoch 5/70 36/77 loss: 0.5149 time 0.32s 
2026-04-25 14:55:41,903 - INFO - Epoch 5/70 37/77 loss: 0.5092 time 0.32s 
2026-04-25 14:55:42,225 - INFO - Epoch 5/70 38/77 loss: 0.5102 time 0.32s 
2026-04-25 14:55:42,546 - INFO - Epoch 5/70 39/77 loss: 0.5168 time 0.32s 
2026-04-25 14:55:42,868 - INFO - Epoch 5/70 40/77 loss: 0.5120 time 0.32s 
2026-04-25 14:55:43,188 - INFO - Epoch 5/70 41/77 loss: 0.5092 time 0.32s 
2026-04-25 14:55:43,509 - INFO - Epoch 5/70 42/77 loss: 0.5149 time 0.32s 
2026-04-25 14:55:43,829 - INFO - Epoch 5/70 43/77 loss: 0.5114 time 0.32s 
2026-04-25 14:55:44,150 - INFO - Epoch 5/70 44/77 loss: 0.5097 time 0.32s 
2026-04-25 14:55:44,470 - INFO - Epoch 5/70 45/77 loss: 0.5103 time 0.32s 
2026-04-25 14:55:44,792 - INFO - Epoch 5/70 46/77 loss: 0.5093 time 0.32s 
2026-04-25 14:55:45,113 - INFO - Epoch 5/70 47/77 loss: 0.5065 time 0.32s 
2026-04-25 14:55:45,433 - INFO - Epoch 5/70 48/77 loss: 0.5026 time 0.32s 
2026-04-25 14:55:45,758 - INFO - Epoch 5/70 49/77 loss: 0.5021 time 0.32s 
2026-04-25 14:55:46,078 - INFO - Epoch 5/70 50/77 loss: 0.5056 time 0.32s 
2026-04-25 14:55:46,398 - INFO - Epoch 5/70 51/77 loss: 0.5036 time 0.32s 
2026-04-25 14:55:46,720 - INFO - Epoch 5/70 52/77 loss: 0.5001 time 0.32s 
2026-04-25 14:55:47,040 - INFO - Epoch 5/70 53/77 loss: 0.4954 time 0.32s 
2026-04-25 14:55:47,362 - INFO - Epoch 5/70 54/77 loss: 0.4946 time 0.32s 
2026-04-25 14:55:47,683 - INFO - Epoch 5/70 55/77 loss: 0.4984 time 0.32s 
2026-04-25 14:55:48,007 - INFO - Epoch 5/70 56/77 loss: 0.4982 time 0.32s 
2026-04-25 14:55:48,326 - INFO - Epoch 5/70 57/77 loss: 0.4991 time 0.32s 
2026-04-25 14:55:48,649 - INFO - Epoch 5/70 58/77 loss: 0.5013 time 0.32s 
2026-04-25 14:55:48,968 - INFO - Epoch 5/70 59/77 loss: 0.5029 time 0.32s 
2026-04-25 14:55:49,289 - INFO - Epoch 5/70 60/77 loss: 0.5057 time 0.32s 
2026-04-25 14:55:49,610 - INFO - Epoch 5/70 61/77 loss: 0.5061 time 0.32s 
2026-04-25 14:55:49,934 - INFO - Epoch 5/70 62/77 loss: 0.5049 time 0.32s 
2026-04-25 14:55:50,254 - INFO - Epoch 5/70 63/77 loss: 0.5020 time 0.32s 
2026-04-25 14:55:50,576 - INFO - Epoch 5/70 64/77 loss: 0.5036 time 0.32s 
2026-04-25 14:55:50,897 - INFO - Epoch 5/70 65/77 loss: 0.5015 time 0.32s 
2026-04-25 14:55:51,217 - INFO - Epoch 5/70 66/77 loss: 0.5030 time 0.32s 
2026-04-25 14:55:51,538 - INFO - Epoch 5/70 67/77 loss: 0.5030 time 0.32s 
2026-04-25 14:55:51,859 - INFO - Epoch 5/70 68/77 loss: 0.5034 time 0.32s 
2026-04-25 14:55:52,178 - INFO - Epoch 5/70 69/77 loss: 0.5005 time 0.32s 
2026-04-25 14:55:52,497 - INFO - Epoch 5/70 70/77 loss: 0.5019 time 0.32s 
2026-04-25 14:55:52,814 - INFO - Epoch 5/70 71/77 loss: 0.5030 time 0.32s 
2026-04-25 14:55:53,130 - INFO - Epoch 5/70 72/77 loss: 0.5027 time 0.32s 
2026-04-25 14:55:53,447 - INFO - Epoch 5/70 73/77 loss: 0.4988 time 0.32s 
2026-04-25 14:55:53,763 - INFO - Epoch 5/70 74/77 loss: 0.5001 time 0.32s 
2026-04-25 14:55:54,081 - INFO - Epoch 5/70 75/77 loss: 0.4987 time 0.32s 
2026-04-25 14:55:54,259 - INFO - Epoch 5/70 76/77 loss: 0.4992 time 0.18s 
2026-04-25 14:55:54,338 - INFO - Latest training  5/69 loss: 0.4992 time 25.39s  lr: 1.0000e-04
2026-04-25 14:55:54,339 - INFO - Estimated remaining training time for the current model fold 0 is 0.83 hr, running time 0.07 hr, est total time 0.90 hr 

2026-04-25 14:55:55,284 - INFO - Epoch 6/70 0/77 loss: 0.4198 time 0.94s 
2026-04-25 14:55:55,605 - INFO - Epoch 6/70 1/77 loss: 0.5008 time 0.32s 
2026-04-25 14:55:55,927 - INFO - Epoch 6/70 2/77 loss: 0.5358 time 0.32s 
2026-04-25 14:55:56,248 - INFO - Epoch 6/70 3/77 loss: 0.4839 time 0.32s 
2026-04-25 14:55:56,570 - INFO - Epoch 6/70 4/77 loss: 0.5186 time 0.32s 
2026-04-25 14:55:56,891 - INFO - Epoch 6/70 5/77 loss: 0.5534 time 0.32s 
2026-04-25 14:55:57,212 - INFO - Epoch 6/70 6/77 loss: 0.5321 time 0.32s 
2026-04-25 14:55:57,536 - INFO - Epoch 6/70 7/77 loss: 0.5386 time 0.32s 
2026-04-25 14:55:57,859 - INFO - Epoch 6/70 8/77 loss: 0.5267 time 0.32s 
2026-04-25 14:55:58,180 - INFO - Epoch 6/70 9/77 loss: 0.5186 time 0.32s 
2026-04-25 14:55:58,501 - INFO - Epoch 6/70 10/77 loss: 0.5154 time 0.32s 
2026-04-25 14:55:58,821 - INFO - Epoch 6/70 11/77 loss: 0.5239 time 0.32s 
2026-04-25 14:55:59,142 - INFO - Epoch 6/70 12/77 loss: 0.5106 time 0.32s 
2026-04-25 14:55:59,466 - INFO - Epoch 6/70 13/77 loss: 0.5261 time 0.32s 
2026-04-25 14:55:59,787 - INFO - Epoch 6/70 14/77 loss: 0.5579 time 0.32s 
2026-04-25 14:56:00,111 - INFO - Epoch 6/70 15/77 loss: 0.5431 time 0.32s 
2026-04-25 14:56:00,432 - INFO - Epoch 6/70 16/77 loss: 0.5576 time 0.32s 
2026-04-25 14:56:00,753 - INFO - Epoch 6/70 17/77 loss: 0.5591 time 0.32s 
2026-04-25 14:56:01,074 - INFO - Epoch 6/70 18/77 loss: 0.5447 time 0.32s 
2026-04-25 14:56:01,395 - INFO - Epoch 6/70 19/77 loss: 0.5499 time 0.32s 
2026-04-25 14:56:01,715 - INFO - Epoch 6/70 20/77 loss: 0.5466 time 0.32s 
2026-04-25 14:56:02,038 - INFO - Epoch 6/70 21/77 loss: 0.5466 time 0.32s 
2026-04-25 14:56:02,359 - INFO - Epoch 6/70 22/77 loss: 0.5520 time 0.32s 
2026-04-25 14:56:02,682 - INFO - Epoch 6/70 23/77 loss: 0.5462 time 0.32s 
2026-04-25 14:56:03,001 - INFO - Epoch 6/70 24/77 loss: 0.5415 time 0.32s 
2026-04-25 14:56:03,321 - INFO - Epoch 6/70 25/77 loss: 0.5474 time 0.32s 
2026-04-25 14:56:03,642 - INFO - Epoch 6/70 26/77 loss: 0.5493 time 0.32s 
2026-04-25 14:56:03,964 - INFO - Epoch 6/70 27/77 loss: 0.5461 time 0.32s 
2026-04-25 14:56:04,283 - INFO - Epoch 6/70 28/77 loss: 0.5554 time 0.32s 
2026-04-25 14:56:04,606 - INFO - Epoch 6/70 29/77 loss: 0.5614 time 0.32s 
2026-04-25 14:56:04,927 - INFO - Epoch 6/70 30/77 loss: 0.5561 time 0.32s 
2026-04-25 14:56:05,247 - INFO - Epoch 6/70 31/77 loss: 0.5524 time 0.32s 
2026-04-25 14:56:05,569 - INFO - Epoch 6/70 32/77 loss: 0.5660 time 0.32s 
2026-04-25 14:56:05,889 - INFO - Epoch 6/70 33/77 loss: 0.5561 time 0.32s 
2026-04-25 14:56:06,210 - INFO - Epoch 6/70 34/77 loss: 0.5605 time 0.32s 
2026-04-25 14:56:06,530 - INFO - Epoch 6/70 35/77 loss: 0.5605 time 0.32s 
2026-04-25 14:56:06,851 - INFO - Epoch 6/70 36/77 loss: 0.5555 time 0.32s 
2026-04-25 14:56:07,174 - INFO - Epoch 6/70 37/77 loss: 0.5636 time 0.32s 
2026-04-25 14:56:07,494 - INFO - Epoch 6/70 38/77 loss: 0.5580 time 0.32s 
2026-04-25 14:56:07,815 - INFO - Epoch 6/70 39/77 loss: 0.5550 time 0.32s 
2026-04-25 14:56:08,138 - INFO - Epoch 6/70 40/77 loss: 0.5528 time 0.32s 
2026-04-25 14:56:08,459 - INFO - Epoch 6/70 41/77 loss: 0.5541 time 0.32s 
2026-04-25 14:56:08,780 - INFO - Epoch 6/70 42/77 loss: 0.5513 time 0.32s 
2026-04-25 14:56:09,101 - INFO - Epoch 6/70 43/77 loss: 0.5484 time 0.32s 
2026-04-25 14:56:09,422 - INFO - Epoch 6/70 44/77 loss: 0.5468 time 0.32s 
2026-04-25 14:56:09,743 - INFO - Epoch 6/70 45/77 loss: 0.5453 time 0.32s 
2026-04-25 14:56:10,065 - INFO - Epoch 6/70 46/77 loss: 0.5420 time 0.32s 
2026-04-25 14:56:10,383 - INFO - Epoch 6/70 47/77 loss: 0.5368 time 0.32s 
2026-04-25 14:56:10,705 - INFO - Epoch 6/70 48/77 loss: 0.5326 time 0.32s 
2026-04-25 14:56:11,026 - INFO - Epoch 6/70 49/77 loss: 0.5301 time 0.32s 
2026-04-25 14:56:11,347 - INFO - Epoch 6/70 50/77 loss: 0.5330 time 0.32s 
2026-04-25 14:56:11,669 - INFO - Epoch 6/70 51/77 loss: 0.5264 time 0.32s 
2026-04-25 14:56:11,990 - INFO - Epoch 6/70 52/77 loss: 0.5248 time 0.32s 
2026-04-25 14:56:12,311 - INFO - Epoch 6/70 53/77 loss: 0.5253 time 0.32s 
2026-04-25 14:56:12,633 - INFO - Epoch 6/70 54/77 loss: 0.5233 time 0.32s 
2026-04-25 14:56:12,954 - INFO - Epoch 6/70 55/77 loss: 0.5239 time 0.32s 
2026-04-25 14:56:13,276 - INFO - Epoch 6/70 56/77 loss: 0.5256 time 0.32s 
2026-04-25 14:56:13,596 - INFO - Epoch 6/70 57/77 loss: 0.5271 time 0.32s 
2026-04-25 14:56:13,917 - INFO - Epoch 6/70 58/77 loss: 0.5248 time 0.32s 
2026-04-25 14:56:14,240 - INFO - Epoch 6/70 59/77 loss: 0.5269 time 0.32s 
2026-04-25 14:56:14,563 - INFO - Epoch 6/70 60/77 loss: 0.5242 time 0.32s 
2026-04-25 14:56:14,884 - INFO - Epoch 6/70 61/77 loss: 0.5202 time 0.32s 
2026-04-25 14:56:15,206 - INFO - Epoch 6/70 62/77 loss: 0.5200 time 0.32s 
2026-04-25 14:56:15,527 - INFO - Epoch 6/70 63/77 loss: 0.5180 time 0.32s 
2026-04-25 14:56:15,849 - INFO - Epoch 6/70 64/77 loss: 0.5173 time 0.32s 
2026-04-25 14:56:16,171 - INFO - Epoch 6/70 65/77 loss: 0.5186 time 0.32s 
2026-04-25 14:56:16,491 - INFO - Epoch 6/70 66/77 loss: 0.5147 time 0.32s 
2026-04-25 14:56:16,812 - INFO - Epoch 6/70 67/77 loss: 0.5120 time 0.32s 
2026-04-25 14:56:17,133 - INFO - Epoch 6/70 68/77 loss: 0.5129 time 0.32s 
2026-04-25 14:56:17,451 - INFO - Epoch 6/70 69/77 loss: 0.5111 time 0.32s 
2026-04-25 14:56:17,768 - INFO - Epoch 6/70 70/77 loss: 0.5091 time 0.32s 
2026-04-25 14:56:18,086 - INFO - Epoch 6/70 71/77 loss: 0.5117 time 0.32s 
2026-04-25 14:56:18,402 - INFO - Epoch 6/70 72/77 loss: 0.5115 time 0.32s 
2026-04-25 14:56:18,720 - INFO - Epoch 6/70 73/77 loss: 0.5072 time 0.32s 
2026-04-25 14:56:19,036 - INFO - Epoch 6/70 74/77 loss: 0.5044 time 0.32s 
2026-04-25 14:56:19,352 - INFO - Epoch 6/70 75/77 loss: 0.5029 time 0.32s 
2026-04-25 14:56:19,530 - INFO - Epoch 6/70 76/77 loss: 0.5015 time 0.18s 
2026-04-25 14:56:19,619 - INFO - Latest training  6/69 loss: 0.5015 time 25.28s  lr: 1.0000e-04
2026-04-25 14:56:19,620 - INFO - Estimated remaining training time for the current model fold 0 is 0.83 hr, running time 0.08 hr, est total time 0.90 hr 

2026-04-25 14:56:20,542 - INFO - Epoch 7/70 0/77 loss: 0.4518 time 0.92s 
2026-04-25 14:56:20,865 - INFO - Epoch 7/70 1/77 loss: 0.4715 time 0.32s 
2026-04-25 14:56:21,187 - INFO - Epoch 7/70 2/77 loss: 0.4557 time 0.32s 
2026-04-25 14:56:21,507 - INFO - Epoch 7/70 3/77 loss: 0.4151 time 0.32s 
2026-04-25 14:56:21,827 - INFO - Epoch 7/70 4/77 loss: 0.4616 time 0.32s 
2026-04-25 14:56:22,148 - INFO - Epoch 7/70 5/77 loss: 0.4868 time 0.32s 
2026-04-25 14:56:22,469 - INFO - Epoch 7/70 6/77 loss: 0.4744 time 0.32s 
2026-04-25 14:56:22,790 - INFO - Epoch 7/70 7/77 loss: 0.4801 time 0.32s 
2026-04-25 14:56:23,110 - INFO - Epoch 7/70 8/77 loss: 0.4998 time 0.32s 
2026-04-25 14:56:23,431 - INFO - Epoch 7/70 9/77 loss: 0.4846 time 0.32s 
2026-04-25 14:56:23,755 - INFO - Epoch 7/70 10/77 loss: 0.5032 time 0.32s 
2026-04-25 14:56:24,077 - INFO - Epoch 7/70 11/77 loss: 0.4878 time 0.32s 
2026-04-25 14:56:24,398 - INFO - Epoch 7/70 12/77 loss: 0.4836 time 0.32s 
2026-04-25 14:56:24,719 - INFO - Epoch 7/70 13/77 loss: 0.4745 time 0.32s 
2026-04-25 14:56:25,041 - INFO - Epoch 7/70 14/77 loss: 0.4602 time 0.32s 
2026-04-25 14:56:25,363 - INFO - Epoch 7/70 15/77 loss: 0.4535 time 0.32s 
2026-04-25 14:56:25,685 - INFO - Epoch 7/70 16/77 loss: 0.4611 time 0.32s 
2026-04-25 14:56:26,008 - INFO - Epoch 7/70 17/77 loss: 0.4672 time 0.32s 
2026-04-25 14:56:26,329 - INFO - Epoch 7/70 18/77 loss: 0.4575 time 0.32s 
2026-04-25 14:56:26,651 - INFO - Epoch 7/70 19/77 loss: 0.4620 time 0.32s 
2026-04-25 14:56:26,972 - INFO - Epoch 7/70 20/77 loss: 0.4569 time 0.32s 
2026-04-25 14:56:27,294 - INFO - Epoch 7/70 21/77 loss: 0.4575 time 0.32s 
2026-04-25 14:56:27,614 - INFO - Epoch 7/70 22/77 loss: 0.4665 time 0.32s 
2026-04-25 14:56:27,936 - INFO - Epoch 7/70 23/77 loss: 0.4645 time 0.32s 
2026-04-25 14:56:28,257 - INFO - Epoch 7/70 24/77 loss: 0.4602 time 0.32s 
2026-04-25 14:56:28,577 - INFO - Epoch 7/70 25/77 loss: 0.4677 time 0.32s 
2026-04-25 14:56:28,899 - INFO - Epoch 7/70 26/77 loss: 0.4783 time 0.32s 
2026-04-25 14:56:29,220 - INFO - Epoch 7/70 27/77 loss: 0.4708 time 0.32s 
2026-04-25 14:56:29,543 - INFO - Epoch 7/70 28/77 loss: 0.4849 time 0.32s 
2026-04-25 14:56:29,864 - INFO - Epoch 7/70 29/77 loss: 0.4815 time 0.32s 
2026-04-25 14:56:30,184 - INFO - Epoch 7/70 30/77 loss: 0.4835 time 0.32s 
2026-04-25 14:56:30,506 - INFO - Epoch 7/70 31/77 loss: 0.4777 time 0.32s 
2026-04-25 14:56:30,828 - INFO - Epoch 7/70 32/77 loss: 0.4778 time 0.32s 
2026-04-25 14:56:31,148 - INFO - Epoch 7/70 33/77 loss: 0.4720 time 0.32s 
2026-04-25 14:56:31,468 - INFO - Epoch 7/70 34/77 loss: 0.4704 time 0.32s 
2026-04-25 14:56:31,791 - INFO - Epoch 7/70 35/77 loss: 0.4693 time 0.32s 
2026-04-25 14:56:32,111 - INFO - Epoch 7/70 36/77 loss: 0.4640 time 0.32s 
2026-04-25 14:56:32,431 - INFO - Epoch 7/70 37/77 loss: 0.4650 time 0.32s 
2026-04-25 14:56:32,761 - INFO - Epoch 7/70 38/77 loss: 0.4644 time 0.33s 
2026-04-25 14:56:33,082 - INFO - Epoch 7/70 39/77 loss: 0.4738 time 0.32s 
2026-04-25 14:56:33,402 - INFO - Epoch 7/70 40/77 loss: 0.4761 time 0.32s 
2026-04-25 14:56:33,724 - INFO - Epoch 7/70 41/77 loss: 0.4804 time 0.32s 
2026-04-25 14:56:34,047 - INFO - Epoch 7/70 42/77 loss: 0.4779 time 0.32s 
2026-04-25 14:56:34,369 - INFO - Epoch 7/70 43/77 loss: 0.4821 time 0.32s 
2026-04-25 14:56:34,690 - INFO - Epoch 7/70 44/77 loss: 0.4901 time 0.32s 
2026-04-25 14:56:35,011 - INFO - Epoch 7/70 45/77 loss: 0.4970 time 0.32s 
2026-04-25 14:56:35,333 - INFO - Epoch 7/70 46/77 loss: 0.4944 time 0.32s 
2026-04-25 14:56:35,660 - INFO - Epoch 7/70 47/77 loss: 0.4943 time 0.33s 
2026-04-25 14:56:35,985 - INFO - Epoch 7/70 48/77 loss: 0.4984 time 0.33s 
2026-04-25 14:56:36,310 - INFO - Epoch 7/70 49/77 loss: 0.4972 time 0.32s 
2026-04-25 14:56:36,632 - INFO - Epoch 7/70 50/77 loss: 0.4947 time 0.32s 
2026-04-25 14:56:36,954 - INFO - Epoch 7/70 51/77 loss: 0.4909 time 0.32s 
2026-04-25 14:56:37,281 - INFO - Epoch 7/70 52/77 loss: 0.4940 time 0.33s 
2026-04-25 14:56:37,604 - INFO - Epoch 7/70 53/77 loss: 0.4930 time 0.32s 
2026-04-25 14:56:37,926 - INFO - Epoch 7/70 54/77 loss: 0.4889 time 0.32s 
2026-04-25 14:56:38,250 - INFO - Epoch 7/70 55/77 loss: 0.4908 time 0.32s 
2026-04-25 14:56:38,575 - INFO - Epoch 7/70 56/77 loss: 0.4867 time 0.32s 
2026-04-25 14:56:38,897 - INFO - Epoch 7/70 57/77 loss: 0.4859 time 0.32s 
2026-04-25 14:56:39,221 - INFO - Epoch 7/70 58/77 loss: 0.4836 time 0.32s 
2026-04-25 14:56:39,545 - INFO - Epoch 7/70 59/77 loss: 0.4864 time 0.32s 
2026-04-25 14:56:39,866 - INFO - Epoch 7/70 60/77 loss: 0.4855 time 0.32s 
2026-04-25 14:56:40,188 - INFO - Epoch 7/70 61/77 loss: 0.4846 time 0.32s 
2026-04-25 14:56:40,511 - INFO - Epoch 7/70 62/77 loss: 0.4846 time 0.32s 
2026-04-25 14:56:40,836 - INFO - Epoch 7/70 63/77 loss: 0.4868 time 0.32s 
2026-04-25 14:56:41,157 - INFO - Epoch 7/70 64/77 loss: 0.4863 time 0.32s 
2026-04-25 14:56:41,479 - INFO - Epoch 7/70 65/77 loss: 0.4858 time 0.32s 
2026-04-25 14:56:41,800 - INFO - Epoch 7/70 66/77 loss: 0.4885 time 0.32s 
2026-04-25 14:56:42,120 - INFO - Epoch 7/70 67/77 loss: 0.4903 time 0.32s 
2026-04-25 14:56:42,441 - INFO - Epoch 7/70 68/77 loss: 0.4912 time 0.32s 
2026-04-25 14:56:42,759 - INFO - Epoch 7/70 69/77 loss: 0.4989 time 0.32s 
2026-04-25 14:56:43,078 - INFO - Epoch 7/70 70/77 loss: 0.4950 time 0.32s 
2026-04-25 14:56:43,396 - INFO - Epoch 7/70 71/77 loss: 0.4942 time 0.32s 
2026-04-25 14:56:43,713 - INFO - Epoch 7/70 72/77 loss: 0.4971 time 0.32s 
2026-04-25 14:56:44,029 - INFO - Epoch 7/70 73/77 loss: 0.4974 time 0.32s 
2026-04-25 14:56:44,349 - INFO - Epoch 7/70 74/77 loss: 0.4949 time 0.32s 
2026-04-25 14:56:44,667 - INFO - Epoch 7/70 75/77 loss: 0.4940 time 0.32s 
2026-04-25 14:56:44,844 - INFO - Epoch 7/70 76/77 loss: 0.4944 time 0.18s 
2026-04-25 14:56:44,933 - INFO - Latest training  7/69 loss: 0.4944 time 25.31s  lr: 1.0000e-04
2026-04-25 14:56:44,933 - INFO - Estimated remaining training time for the current model fold 0 is 0.82 hr, running time 0.08 hr, est total time 0.90 hr 

2026-04-25 14:56:45,878 - INFO - Epoch 8/70 0/77 loss: 0.2956 time 0.94s 
2026-04-25 14:56:46,209 - INFO - Epoch 8/70 1/77 loss: 0.3623 time 0.33s 
2026-04-25 14:56:46,532 - INFO - Epoch 8/70 2/77 loss: 0.3867 time 0.32s 
2026-04-25 14:56:46,857 - INFO - Epoch 8/70 3/77 loss: 0.4057 time 0.32s 
2026-04-25 14:56:47,180 - INFO - Epoch 8/70 4/77 loss: 0.3828 time 0.32s 
2026-04-25 14:56:47,503 - INFO - Epoch 8/70 5/77 loss: 0.3937 time 0.32s 
2026-04-25 14:56:47,826 - INFO - Epoch 8/70 6/77 loss: 0.4448 time 0.32s 
2026-04-25 14:56:48,149 - INFO - Epoch 8/70 7/77 loss: 0.4422 time 0.32s 
2026-04-25 14:56:48,475 - INFO - Epoch 8/70 8/77 loss: 0.4511 time 0.33s 
2026-04-25 14:56:48,798 - INFO - Epoch 8/70 9/77 loss: 0.4489 time 0.32s 
2026-04-25 14:56:49,123 - INFO - Epoch 8/70 10/77 loss: 0.4477 time 0.32s 
2026-04-25 14:56:49,446 - INFO - Epoch 8/70 11/77 loss: 0.4275 time 0.32s 
2026-04-25 14:56:49,769 - INFO - Epoch 8/70 12/77 loss: 0.4214 time 0.32s 
2026-04-25 14:56:50,093 - INFO - Epoch 8/70 13/77 loss: 0.4253 time 0.32s 
2026-04-25 14:56:50,418 - INFO - Epoch 8/70 14/77 loss: 0.4193 time 0.32s 
2026-04-25 14:56:50,742 - INFO - Epoch 8/70 15/77 loss: 0.4261 time 0.32s 
2026-04-25 14:56:51,066 - INFO - Epoch 8/70 16/77 loss: 0.4201 time 0.32s 
2026-04-25 14:56:51,390 - INFO - Epoch 8/70 17/77 loss: 0.4258 time 0.32s 
2026-04-25 14:56:51,713 - INFO - Epoch 8/70 18/77 loss: 0.4441 time 0.32s 
2026-04-25 14:56:52,040 - INFO - Epoch 8/70 19/77 loss: 0.4623 time 0.33s 
2026-04-25 14:56:52,365 - INFO - Epoch 8/70 20/77 loss: 0.4775 time 0.32s 
2026-04-25 14:56:52,689 - INFO - Epoch 8/70 21/77 loss: 0.4738 time 0.32s 
2026-04-25 14:56:53,012 - INFO - Epoch 8/70 22/77 loss: 0.4671 time 0.32s 
2026-04-25 14:56:53,337 - INFO - Epoch 8/70 23/77 loss: 0.4637 time 0.32s 
2026-04-25 14:56:53,661 - INFO - Epoch 8/70 24/77 loss: 0.4688 time 0.32s 
2026-04-25 14:56:53,984 - INFO - Epoch 8/70 25/77 loss: 0.4718 time 0.32s 
2026-04-25 14:56:54,307 - INFO - Epoch 8/70 26/77 loss: 0.4718 time 0.32s 
2026-04-25 14:56:54,633 - INFO - Epoch 8/70 27/77 loss: 0.4662 time 0.33s 
2026-04-25 14:56:54,956 - INFO - Epoch 8/70 28/77 loss: 0.4647 time 0.32s 
2026-04-25 14:56:55,280 - INFO - Epoch 8/70 29/77 loss: 0.4718 time 0.32s 
2026-04-25 14:56:55,605 - INFO - Epoch 8/70 30/77 loss: 0.4697 time 0.32s 
2026-04-25 14:56:55,928 - INFO - Epoch 8/70 31/77 loss: 0.4799 time 0.32s 
2026-04-25 14:56:56,253 - INFO - Epoch 8/70 32/77 loss: 0.4740 time 0.32s 
2026-04-25 14:56:56,578 - INFO - Epoch 8/70 33/77 loss: 0.4713 time 0.32s 
2026-04-25 14:56:56,902 - INFO - Epoch 8/70 34/77 loss: 0.4812 time 0.32s 
2026-04-25 14:56:57,225 - INFO - Epoch 8/70 35/77 loss: 0.4793 time 0.32s 
2026-04-25 14:56:57,550 - INFO - Epoch 8/70 36/77 loss: 0.4779 time 0.32s 
2026-04-25 14:56:57,874 - INFO - Epoch 8/70 37/77 loss: 0.4777 time 0.32s 
2026-04-25 14:56:58,197 - INFO - Epoch 8/70 38/77 loss: 0.4795 time 0.32s 
2026-04-25 14:56:58,521 - INFO - Epoch 8/70 39/77 loss: 0.4766 time 0.32s 
2026-04-25 14:56:58,845 - INFO - Epoch 8/70 40/77 loss: 0.4797 time 0.32s 
2026-04-25 14:56:59,168 - INFO - Epoch 8/70 41/77 loss: 0.4762 time 0.32s 
2026-04-25 14:56:59,491 - INFO - Epoch 8/70 42/77 loss: 0.4800 time 0.32s 
2026-04-25 14:56:59,815 - INFO - Epoch 8/70 43/77 loss: 0.4766 time 0.32s 
2026-04-25 14:57:00,139 - INFO - Epoch 8/70 44/77 loss: 0.4761 time 0.32s 
2026-04-25 14:57:00,464 - INFO - Epoch 8/70 45/77 loss: 0.4749 time 0.32s 
2026-04-25 14:57:00,786 - INFO - Epoch 8/70 46/77 loss: 0.4720 time 0.32s 
2026-04-25 14:57:01,111 - INFO - Epoch 8/70 47/77 loss: 0.4722 time 0.32s 
2026-04-25 14:57:01,434 - INFO - Epoch 8/70 48/77 loss: 0.4710 time 0.32s 
2026-04-25 14:57:01,758 - INFO - Epoch 8/70 49/77 loss: 0.4695 time 0.32s 
2026-04-25 14:57:02,081 - INFO - Epoch 8/70 50/77 loss: 0.4681 time 0.32s 
2026-04-25 14:57:02,407 - INFO - Epoch 8/70 51/77 loss: 0.4691 time 0.33s 
2026-04-25 14:57:02,730 - INFO - Epoch 8/70 52/77 loss: 0.4629 time 0.32s 
2026-04-25 14:57:03,054 - INFO - Epoch 8/70 53/77 loss: 0.4687 time 0.32s 
2026-04-25 14:57:03,377 - INFO - Epoch 8/70 54/77 loss: 0.4680 time 0.32s 
2026-04-25 14:57:03,700 - INFO - Epoch 8/70 55/77 loss: 0.4653 time 0.32s 
2026-04-25 14:57:04,023 - INFO - Epoch 8/70 56/77 loss: 0.4597 time 0.32s 
2026-04-25 14:57:04,346 - INFO - Epoch 8/70 57/77 loss: 0.4585 time 0.32s 
2026-04-25 14:57:04,670 - INFO - Epoch 8/70 58/77 loss: 0.4549 time 0.32s 
2026-04-25 14:57:04,994 - INFO - Epoch 8/70 59/77 loss: 0.4534 time 0.32s 
2026-04-25 14:57:05,315 - INFO - Epoch 8/70 60/77 loss: 0.4506 time 0.32s 
2026-04-25 14:57:05,637 - INFO - Epoch 8/70 61/77 loss: 0.4503 time 0.32s 
2026-04-25 14:57:05,958 - INFO - Epoch 8/70 62/77 loss: 0.4572 time 0.32s 
2026-04-25 14:57:06,282 - INFO - Epoch 8/70 63/77 loss: 0.4572 time 0.32s 
2026-04-25 14:57:06,602 - INFO - Epoch 8/70 64/77 loss: 0.4553 time 0.32s 
2026-04-25 14:57:06,923 - INFO - Epoch 8/70 65/77 loss: 0.4575 time 0.32s 
2026-04-25 14:57:07,244 - INFO - Epoch 8/70 66/77 loss: 0.4562 time 0.32s 
2026-04-25 14:57:07,565 - INFO - Epoch 8/70 67/77 loss: 0.4553 time 0.32s 
2026-04-25 14:57:07,887 - INFO - Epoch 8/70 68/77 loss: 0.4562 time 0.32s 
2026-04-25 14:57:08,204 - INFO - Epoch 8/70 69/77 loss: 0.4571 time 0.32s 
2026-04-25 14:57:08,520 - INFO - Epoch 8/70 70/77 loss: 0.4590 time 0.32s 
2026-04-25 14:57:08,836 - INFO - Epoch 8/70 71/77 loss: 0.4584 time 0.32s 
2026-04-25 14:57:09,154 - INFO - Epoch 8/70 72/77 loss: 0.4604 time 0.32s 
2026-04-25 14:57:09,471 - INFO - Epoch 8/70 73/77 loss: 0.4650 time 0.32s 
2026-04-25 14:57:09,787 - INFO - Epoch 8/70 74/77 loss: 0.4642 time 0.32s 
2026-04-25 14:57:10,105 - INFO - Epoch 8/70 75/77 loss: 0.4670 time 0.32s 
2026-04-25 14:57:10,283 - INFO - Epoch 8/70 76/77 loss: 0.4662 time 0.18s 
2026-04-25 14:57:10,353 - INFO - Latest training  8/69 loss: 0.4662 time 25.42s  lr: 1.0000e-04
2026-04-25 14:57:10,353 - INFO - Estimated remaining training time for the current model fold 0 is 0.81 hr, running time 0.09 hr, est total time 0.90 hr 

2026-04-25 14:57:11,411 - INFO - Epoch 9/70 0/77 loss: 0.6539 time 1.06s 
2026-04-25 14:57:11,737 - INFO - Epoch 9/70 1/77 loss: 0.5269 time 0.33s 
2026-04-25 14:57:12,060 - INFO - Epoch 9/70 2/77 loss: 0.4873 time 0.32s 
2026-04-25 14:57:12,382 - INFO - Epoch 9/70 3/77 loss: 0.4874 time 0.32s 
2026-04-25 14:57:12,707 - INFO - Epoch 9/70 4/77 loss: 0.4957 time 0.32s 
2026-04-25 14:57:13,030 - INFO - Epoch 9/70 5/77 loss: 0.4793 time 0.32s 
2026-04-25 14:57:13,353 - INFO - Epoch 9/70 6/77 loss: 0.5156 time 0.32s 
2026-04-25 14:57:13,675 - INFO - Epoch 9/70 7/77 loss: 0.5270 time 0.32s 
2026-04-25 14:57:14,000 - INFO - Epoch 9/70 8/77 loss: 0.5315 time 0.32s 
2026-04-25 14:57:14,323 - INFO - Epoch 9/70 9/77 loss: 0.5060 time 0.32s 
2026-04-25 14:57:14,645 - INFO - Epoch 9/70 10/77 loss: 0.4921 time 0.32s 
2026-04-25 14:57:14,968 - INFO - Epoch 9/70 11/77 loss: 0.4887 time 0.32s 
2026-04-25 14:57:15,292 - INFO - Epoch 9/70 12/77 loss: 0.5090 time 0.32s 
2026-04-25 14:57:15,616 - INFO - Epoch 9/70 13/77 loss: 0.5173 time 0.32s 
2026-04-25 14:57:15,938 - INFO - Epoch 9/70 14/77 loss: 0.5015 time 0.32s 
2026-04-25 14:57:16,261 - INFO - Epoch 9/70 15/77 loss: 0.5095 time 0.32s 
2026-04-25 14:57:16,586 - INFO - Epoch 9/70 16/77 loss: 0.5058 time 0.32s 
2026-04-25 14:57:16,909 - INFO - Epoch 9/70 17/77 loss: 0.5068 time 0.32s 
2026-04-25 14:57:17,233 - INFO - Epoch 9/70 18/77 loss: 0.5013 time 0.32s 
2026-04-25 14:57:17,557 - INFO - Epoch 9/70 19/77 loss: 0.5094 time 0.32s 
2026-04-25 14:57:17,883 - INFO - Epoch 9/70 20/77 loss: 0.5045 time 0.33s 
2026-04-25 14:57:18,209 - INFO - Epoch 9/70 21/77 loss: 0.4945 time 0.32s 
2026-04-25 14:57:18,533 - INFO - Epoch 9/70 22/77 loss: 0.4992 time 0.32s 
2026-04-25 14:57:18,858 - INFO - Epoch 9/70 23/77 loss: 0.4935 time 0.33s 
2026-04-25 14:57:19,180 - INFO - Epoch 9/70 24/77 loss: 0.4916 time 0.32s 
2026-04-25 14:57:19,504 - INFO - Epoch 9/70 25/77 loss: 0.4884 time 0.32s 
2026-04-25 14:57:19,829 - INFO - Epoch 9/70 26/77 loss: 0.4806 time 0.33s 
2026-04-25 14:57:20,152 - INFO - Epoch 9/70 27/77 loss: 0.5014 time 0.32s 
2026-04-25 14:57:20,475 - INFO - Epoch 9/70 28/77 loss: 0.5024 time 0.32s 
2026-04-25 14:57:20,802 - INFO - Epoch 9/70 29/77 loss: 0.5090 time 0.33s 
2026-04-25 14:57:21,127 - INFO - Epoch 9/70 30/77 loss: 0.5114 time 0.32s 
2026-04-25 14:57:21,451 - INFO - Epoch 9/70 31/77 loss: 0.5031 time 0.32s 
2026-04-25 14:57:21,774 - INFO - Epoch 9/70 32/77 loss: 0.5004 time 0.32s 
2026-04-25 14:57:22,097 - INFO - Epoch 9/70 33/77 loss: 0.4967 time 0.32s 
2026-04-25 14:57:22,420 - INFO - Epoch 9/70 34/77 loss: 0.4959 time 0.32s 
2026-04-25 14:57:22,743 - INFO - Epoch 9/70 35/77 loss: 0.5114 time 0.32s 
2026-04-25 14:57:23,065 - INFO - Epoch 9/70 36/77 loss: 0.5097 time 0.32s 
2026-04-25 14:57:23,388 - INFO - Epoch 9/70 37/77 loss: 0.5062 time 0.32s 
2026-04-25 14:57:23,712 - INFO - Epoch 9/70 38/77 loss: 0.5099 time 0.32s 
2026-04-25 14:57:24,035 - INFO - Epoch 9/70 39/77 loss: 0.5037 time 0.32s 
2026-04-25 14:57:24,358 - INFO - Epoch 9/70 40/77 loss: 0.5052 time 0.32s 
2026-04-25 14:57:24,681 - INFO - Epoch 9/70 41/77 loss: 0.5098 time 0.32s 
2026-04-25 14:57:25,004 - INFO - Epoch 9/70 42/77 loss: 0.5068 time 0.32s 
2026-04-25 14:57:25,327 - INFO - Epoch 9/70 43/77 loss: 0.5073 time 0.32s 
2026-04-25 14:57:25,651 - INFO - Epoch 9/70 44/77 loss: 0.5063 time 0.32s 
2026-04-25 14:57:25,973 - INFO - Epoch 9/70 45/77 loss: 0.5038 time 0.32s 
2026-04-25 14:57:26,297 - INFO - Epoch 9/70 46/77 loss: 0.5064 time 0.32s 
2026-04-25 14:57:26,620 - INFO - Epoch 9/70 47/77 loss: 0.5043 time 0.32s 
2026-04-25 14:57:26,944 - INFO - Epoch 9/70 48/77 loss: 0.5049 time 0.32s 
2026-04-25 14:57:27,269 - INFO - Epoch 9/70 49/77 loss: 0.5042 time 0.33s 
2026-04-25 14:57:27,591 - INFO - Epoch 9/70 50/77 loss: 0.5040 time 0.32s 
2026-04-25 14:57:27,914 - INFO - Epoch 9/70 51/77 loss: 0.5069 time 0.32s 
2026-04-25 14:57:28,236 - INFO - Epoch 9/70 52/77 loss: 0.5063 time 0.32s 
2026-04-25 14:57:28,559 - INFO - Epoch 9/70 53/77 loss: 0.5061 time 0.32s 
2026-04-25 14:57:28,882 - INFO - Epoch 9/70 54/77 loss: 0.5059 time 0.32s 
2026-04-25 14:57:29,204 - INFO - Epoch 9/70 55/77 loss: 0.5055 time 0.32s 
2026-04-25 14:57:29,528 - INFO - Epoch 9/70 56/77 loss: 0.5065 time 0.32s 
2026-04-25 14:57:29,852 - INFO - Epoch 9/70 57/77 loss: 0.5074 time 0.32s 
2026-04-25 14:57:30,175 - INFO - Epoch 9/70 58/77 loss: 0.5064 time 0.32s 
2026-04-25 14:57:30,500 - INFO - Epoch 9/70 59/77 loss: 0.5008 time 0.32s 
2026-04-25 14:57:30,822 - INFO - Epoch 9/70 60/77 loss: 0.4992 time 0.32s 
2026-04-25 14:57:31,144 - INFO - Epoch 9/70 61/77 loss: 0.4985 time 0.32s 
2026-04-25 14:57:31,468 - INFO - Epoch 9/70 62/77 loss: 0.4970 time 0.32s 
2026-04-25 14:57:31,793 - INFO - Epoch 9/70 63/77 loss: 0.4954 time 0.32s 
2026-04-25 14:57:32,118 - INFO - Epoch 9/70 64/77 loss: 0.4950 time 0.32s 
2026-04-25 14:57:32,440 - INFO - Epoch 9/70 65/77 loss: 0.4966 time 0.32s 
2026-04-25 14:57:32,765 - INFO - Epoch 9/70 66/77 loss: 0.4947 time 0.32s 
2026-04-25 14:57:33,088 - INFO - Epoch 9/70 67/77 loss: 0.4930 time 0.32s 
2026-04-25 14:57:33,411 - INFO - Epoch 9/70 68/77 loss: 0.4918 time 0.32s 
2026-04-25 14:57:33,730 - INFO - Epoch 9/70 69/77 loss: 0.4899 time 0.32s 
2026-04-25 14:57:34,049 - INFO - Epoch 9/70 70/77 loss: 0.4908 time 0.32s 
2026-04-25 14:57:34,369 - INFO - Epoch 9/70 71/77 loss: 0.4913 time 0.32s 
2026-04-25 14:57:34,686 - INFO - Epoch 9/70 72/77 loss: 0.4895 time 0.32s 
2026-04-25 14:57:35,007 - INFO - Epoch 9/70 73/77 loss: 0.4910 time 0.32s 
2026-04-25 14:57:35,328 - INFO - Epoch 9/70 74/77 loss: 0.4885 time 0.32s 
2026-04-25 14:57:35,648 - INFO - Epoch 9/70 75/77 loss: 0.4884 time 0.32s 
2026-04-25 14:57:35,829 - INFO - Epoch 9/70 76/77 loss: 0.4918 time 0.18s 
2026-04-25 14:57:35,916 - INFO - Latest training  9/69 loss: 0.4918 time 25.56s  lr: 1.0000e-04
2026-04-25 14:57:41,395 - INFO - Val 9/70 0/30 loss: 0.8184 acc 0.7262931034482759  time 5.45s
2026-04-25 14:57:44,989 - INFO - Val 9/70 1/30 loss: 0.5891 acc 0.8568129330254042  time 3.59s
2026-04-25 14:57:48,616 - INFO - Val 9/70 2/30 loss: 0.5637 acc 0.8159420289855073  time 3.63s
2026-04-25 14:57:52,152 - INFO - Val 9/70 3/30 loss: 0.3709 acc 0.8544891640866873  time 3.54s
2026-04-25 14:57:55,730 - INFO - Val 9/70 4/30 loss: 0.4133 acc 0.7761437908496732  time 3.58s
2026-04-25 14:57:59,441 - INFO - Val 9/70 5/30 loss: 0.6487 acc 0.8505747126436781  time 3.71s
2026-04-25 14:58:03,067 - INFO - Val 9/70 6/30 loss: 0.6592 acc 0.7572413793103449  time 3.63s
2026-04-25 14:58:06,612 - INFO - Val 9/70 7/30 loss: 0.2981 acc 0.8947368421052632  time 3.55s
2026-04-25 14:58:10,320 - INFO - Val 9/70 8/30 loss: 0.8839 acc 0.8179640718562874  time 3.71s
2026-04-25 14:58:13,972 - INFO - Val 9/70 9/30 loss: 0.5309 acc 0.8644314868804664  time 3.65s
2026-04-25 14:58:17,520 - INFO - Val 9/70 10/30 loss: 0.3087 acc 0.8785529715762274  time 3.55s
2026-04-25 14:58:21,087 - INFO - Val 9/70 11/30 loss: 0.3784 acc 0.8822222222222222  time 3.57s
2026-04-25 14:58:24,583 - INFO - Val 9/70 12/30 loss: 0.3637 acc 0.7517241379310344  time 3.50s
2026-04-25 14:58:28,247 - INFO - Val 9/70 13/30 loss: 0.6052 acc 0.8490028490028491  time 3.66s
2026-04-25 14:58:31,726 - INFO - Val 9/70 14/30 loss: 0.2076 acc 0.8114478114478114  time 3.48s
2026-04-25 14:58:35,262 - INFO - Val 9/70 15/30 loss: 0.3362 acc 0.8475991649269311  time 3.54s
2026-04-25 14:58:38,936 - INFO - Val 9/70 16/30 loss: 0.6853 acc 0.8624484181568088  time 3.67s
2026-04-25 14:58:42,519 - INFO - Val 9/70 17/30 loss: 0.4719 acc 0.7887323943661971  time 3.58s
2026-04-25 14:58:46,097 - INFO - Val 9/70 18/30 loss: 0.5962 acc 0.7845528455284553  time 3.58s
2026-04-25 14:58:49,667 - INFO - Val 9/70 19/30 loss: 0.4340 acc 0.8303393213572854  time 3.57s
2026-04-25 14:58:53,242 - INFO - Val 9/70 20/30 loss: 0.3039 acc 0.8892988929889298  time 3.57s
2026-04-25 14:58:56,863 - INFO - Val 9/70 21/30 loss: 0.2807 acc 0.8907407407407407  time 3.62s
2026-04-25 14:59:00,326 - INFO - Val 9/70 22/30 loss: 0.1982 acc 0.8484848484848485  time 3.46s
2026-04-25 14:59:04,039 - INFO - Val 9/70 23/30 loss: 0.5561 acc 0.8506224066390041  time 3.71s
2026-04-25 14:59:07,635 - INFO - Val 9/70 24/30 loss: 0.2798 acc 0.9010309278350516  time 3.60s
2026-04-25 14:59:11,154 - INFO - Val 9/70 25/30 loss: 0.3948 acc 0.7288135593220338  time 3.52s
2026-04-25 14:59:14,952 - INFO - Val 9/70 26/30 loss: 0.8174 acc 0.860488798370672  time 3.80s
2026-04-25 14:59:18,510 - INFO - Val 9/70 27/30 loss: 0.6291 acc 0.6735751295336787  time 3.56s
2026-04-25 14:59:22,160 - INFO - Val 9/70 28/30 loss: 0.5877 acc 0.8251057827926658  time 3.65s
2026-04-25 14:59:25,703 - INFO - Val 9/70 29/30 loss: 0.3405 acc 0.7956730769230769  time 3.54s
2026-04-25 14:59:25,776 - INFO - Latest validation 9/69 loss: 0.4850 acc_avg: 0.8255 acc: 0.8255028128623962 time: 109.86s
2026-04-25 14:59:29,566 - INFO - Saving checkpoint process: ./models/puma/model_final.pt, {'epoch': 9, 'best_metric': 0.8255028128623962}, save_time 3.79s
2026-04-25 14:59:29,567 - INFO - Estimated remaining training time for the current model fold 0 is 0.77 hr, running time 0.13 hr, est total time 0.90 hr 

2026-04-25 14:59:30,682 - INFO - Epoch 10/70 0/77 loss: 0.4297 time 1.11s 
2026-04-25 14:59:31,007 - INFO - Epoch 10/70 1/77 loss: 0.5234 time 0.32s 
2026-04-25 14:59:31,329 - INFO - Epoch 10/70 2/77 loss: 0.5689 time 0.32s 
2026-04-25 14:59:31,650 - INFO - Epoch 10/70 3/77 loss: 0.5339 time 0.32s 
2026-04-25 14:59:31,974 - INFO - Epoch 10/70 4/77 loss: 0.5230 time 0.32s 
2026-04-25 14:59:32,295 - INFO - Epoch 10/70 5/77 loss: 0.4796 time 0.32s 
2026-04-25 14:59:32,617 - INFO - Epoch 10/70 6/77 loss: 0.5018 time 0.32s 
2026-04-25 14:59:32,940 - INFO - Epoch 10/70 7/77 loss: 0.4951 time 0.32s 
2026-04-25 14:59:33,259 - INFO - Epoch 10/70 8/77 loss: 0.4683 time 0.32s 
2026-04-25 14:59:33,581 - INFO - Epoch 10/70 9/77 loss: 0.4707 time 0.32s 
2026-04-25 14:59:33,902 - INFO - Epoch 10/70 10/77 loss: 0.4968 time 0.32s 
2026-04-25 14:59:34,222 - INFO - Epoch 10/70 11/77 loss: 0.4978 time 0.32s 
2026-04-25 14:59:34,543 - INFO - Epoch 10/70 12/77 loss: 0.5050 time 0.32s 
2026-04-25 14:59:34,863 - INFO - Epoch 10/70 13/77 loss: 0.5083 time 0.32s 
2026-04-25 14:59:35,182 - INFO - Epoch 10/70 14/77 loss: 0.4961 time 0.32s 
2026-04-25 14:59:35,504 - INFO - Epoch 10/70 15/77 loss: 0.5063 time 0.32s 
2026-04-25 14:59:35,823 - INFO - Epoch 10/70 16/77 loss: 0.5115 time 0.32s 
2026-04-25 14:59:36,144 - INFO - Epoch 10/70 17/77 loss: 0.5058 time 0.32s 
2026-04-25 14:59:36,467 - INFO - Epoch 10/70 18/77 loss: 0.4936 time 0.32s 
2026-04-25 14:59:36,789 - INFO - Epoch 10/70 19/77 loss: 0.4979 time 0.32s 
2026-04-25 14:59:37,111 - INFO - Epoch 10/70 20/77 loss: 0.5093 time 0.32s 
2026-04-25 14:59:37,433 - INFO - Epoch 10/70 21/77 loss: 0.5158 time 0.32s 
2026-04-25 14:59:37,754 - INFO - Epoch 10/70 22/77 loss: 0.5073 time 0.32s 
2026-04-25 14:59:38,076 - INFO - Epoch 10/70 23/77 loss: 0.4985 time 0.32s 
2026-04-25 14:59:38,398 - INFO - Epoch 10/70 24/77 loss: 0.4970 time 0.32s 
2026-04-25 14:59:38,721 - INFO - Epoch 10/70 25/77 loss: 0.4916 time 0.32s 
2026-04-25 14:59:39,042 - INFO - Epoch 10/70 26/77 loss: 0.4868 time 0.32s 
2026-04-25 14:59:39,363 - INFO - Epoch 10/70 27/77 loss: 0.4906 time 0.32s 
2026-04-25 14:59:39,684 - INFO - Epoch 10/70 28/77 loss: 0.4912 time 0.32s 
2026-04-25 14:59:40,008 - INFO - Epoch 10/70 29/77 loss: 0.4960 time 0.32s 
2026-04-25 14:59:40,329 - INFO - Epoch 10/70 30/77 loss: 0.4921 time 0.32s 
2026-04-25 14:59:40,650 - INFO - Epoch 10/70 31/77 loss: 0.4955 time 0.32s 
2026-04-25 14:59:40,972 - INFO - Epoch 10/70 32/77 loss: 0.4907 time 0.32s 
2026-04-25 14:59:41,293 - INFO - Epoch 10/70 33/77 loss: 0.4901 time 0.32s 
2026-04-25 14:59:41,615 - INFO - Epoch 10/70 34/77 loss: 0.4965 time 0.32s 
2026-04-25 14:59:41,937 - INFO - Epoch 10/70 35/77 loss: 0.4973 time 0.32s 
2026-04-25 14:59:42,261 - INFO - Epoch 10/70 36/77 loss: 0.4902 time 0.32s 
2026-04-25 14:59:42,583 - INFO - Epoch 10/70 37/77 loss: 0.4881 time 0.32s 
2026-04-25 14:59:42,905 - INFO - Epoch 10/70 38/77 loss: 0.4847 time 0.32s 
2026-04-25 14:59:43,224 - INFO - Epoch 10/70 39/77 loss: 0.4872 time 0.32s 
2026-04-25 14:59:43,545 - INFO - Epoch 10/70 40/77 loss: 0.4852 time 0.32s 
2026-04-25 14:59:43,865 - INFO - Epoch 10/70 41/77 loss: 0.4841 time 0.32s 
2026-04-25 14:59:44,187 - INFO - Epoch 10/70 42/77 loss: 0.4809 time 0.32s 
2026-04-25 14:59:44,507 - INFO - Epoch 10/70 43/77 loss: 0.4793 time 0.32s 
2026-04-25 14:59:44,827 - INFO - Epoch 10/70 44/77 loss: 0.4820 time 0.32s 
2026-04-25 14:59:45,147 - INFO - Epoch 10/70 45/77 loss: 0.4791 time 0.32s 
2026-04-25 14:59:45,469 - INFO - Epoch 10/70 46/77 loss: 0.4765 time 0.32s 
2026-04-25 14:59:45,793 - INFO - Epoch 10/70 47/77 loss: 0.4762 time 0.32s 
2026-04-25 14:59:46,116 - INFO - Epoch 10/70 48/77 loss: 0.4708 time 0.32s 
2026-04-25 14:59:46,447 - INFO - Epoch 10/70 49/77 loss: 0.4708 time 0.33s 
2026-04-25 14:59:46,769 - INFO - Epoch 10/70 50/77 loss: 0.4694 time 0.32s 
2026-04-25 14:59:47,093 - INFO - Epoch 10/70 51/77 loss: 0.4700 time 0.32s 
2026-04-25 14:59:47,414 - INFO - Epoch 10/70 52/77 loss: 0.4727 time 0.32s 
2026-04-25 14:59:47,736 - INFO - Epoch 10/70 53/77 loss: 0.4751 time 0.32s 
2026-04-25 14:59:48,056 - INFO - Epoch 10/70 54/77 loss: 0.4720 time 0.32s 
2026-04-25 14:59:48,377 - INFO - Epoch 10/70 55/77 loss: 0.4789 time 0.32s 
2026-04-25 14:59:48,698 - INFO - Epoch 10/70 56/77 loss: 0.4802 time 0.32s 
2026-04-25 14:59:49,019 - INFO - Epoch 10/70 57/77 loss: 0.4798 time 0.32s 
2026-04-25 14:59:49,340 - INFO - Epoch 10/70 58/77 loss: 0.4824 time 0.32s 
2026-04-25 14:59:49,663 - INFO - Epoch 10/70 59/77 loss: 0.4807 time 0.32s 
2026-04-25 14:59:49,983 - INFO - Epoch 10/70 60/77 loss: 0.4785 time 0.32s 
2026-04-25 14:59:50,305 - INFO - Epoch 10/70 61/77 loss: 0.4761 time 0.32s 
2026-04-25 14:59:50,627 - INFO - Epoch 10/70 62/77 loss: 0.4752 time 0.32s 
2026-04-25 14:59:50,948 - INFO - Epoch 10/70 63/77 loss: 0.4742 time 0.32s 
2026-04-25 14:59:51,271 - INFO - Epoch 10/70 64/77 loss: 0.4772 time 0.32s 
2026-04-25 14:59:51,594 - INFO - Epoch 10/70 65/77 loss: 0.4769 time 0.32s 
2026-04-25 14:59:51,918 - INFO - Epoch 10/70 66/77 loss: 0.4792 time 0.32s 
2026-04-25 14:59:52,239 - INFO - Epoch 10/70 67/77 loss: 0.4773 time 0.32s 
2026-04-25 14:59:52,560 - INFO - Epoch 10/70 68/77 loss: 0.4761 time 0.32s 
2026-04-25 14:59:52,878 - INFO - Epoch 10/70 69/77 loss: 0.4777 time 0.32s 
2026-04-25 14:59:53,196 - INFO - Epoch 10/70 70/77 loss: 0.4776 time 0.32s 
2026-04-25 14:59:53,513 - INFO - Epoch 10/70 71/77 loss: 0.4750 time 0.32s 
2026-04-25 14:59:53,832 - INFO - Epoch 10/70 72/77 loss: 0.4725 time 0.32s 
2026-04-25 14:59:54,152 - INFO - Epoch 10/70 73/77 loss: 0.4715 time 0.32s 
2026-04-25 14:59:54,469 - INFO - Epoch 10/70 74/77 loss: 0.4752 time 0.32s 
2026-04-25 14:59:54,787 - INFO - Epoch 10/70 75/77 loss: 0.4764 time 0.32s 
2026-04-25 14:59:54,965 - INFO - Epoch 10/70 76/77 loss: 0.4821 time 0.18s 
2026-04-25 14:59:55,049 - INFO - Latest training  10/69 loss: 0.4821 time 25.48s  lr: 1.0000e-04
2026-04-25 14:59:55,050 - INFO - Estimated remaining training time for the current model fold 0 is 0.76 hr, running time 0.14 hr, est total time 0.90 hr 

2026-04-25 14:59:56,026 - INFO - Epoch 11/70 0/77 loss: 0.3536 time 0.98s 
2026-04-25 14:59:56,349 - INFO - Epoch 11/70 1/77 loss: 0.4234 time 0.32s 
2026-04-25 14:59:56,670 - INFO - Epoch 11/70 2/77 loss: 0.4488 time 0.32s 
2026-04-25 14:59:56,992 - INFO - Epoch 11/70 3/77 loss: 0.4204 time 0.32s 
2026-04-25 14:59:57,314 - INFO - Epoch 11/70 4/77 loss: 0.4444 time 0.32s 
2026-04-25 14:59:57,635 - INFO - Epoch 11/70 5/77 loss: 0.4567 time 0.32s 
2026-04-25 14:59:57,957 - INFO - Epoch 11/70 6/77 loss: 0.4653 time 0.32s 
2026-04-25 14:59:58,278 - INFO - Epoch 11/70 7/77 loss: 0.4567 time 0.32s 
2026-04-25 14:59:58,601 - INFO - Epoch 11/70 8/77 loss: 0.4602 time 0.32s 
2026-04-25 14:59:58,923 - INFO - Epoch 11/70 9/77 loss: 0.4716 time 0.32s 
2026-04-25 14:59:59,244 - INFO - Epoch 11/70 10/77 loss: 0.4575 time 0.32s 
2026-04-25 14:59:59,564 - INFO - Epoch 11/70 11/77 loss: 0.4379 time 0.32s 
2026-04-25 14:59:59,885 - INFO - Epoch 11/70 12/77 loss: 0.4428 time 0.32s 
2026-04-25 15:00:00,207 - INFO - Epoch 11/70 13/77 loss: 0.4649 time 0.32s 
2026-04-25 15:00:00,526 - INFO - Epoch 11/70 14/77 loss: 0.4603 time 0.32s 
2026-04-25 15:00:00,849 - INFO - Epoch 11/70 15/77 loss: 0.4640 time 0.32s 
2026-04-25 15:00:01,169 - INFO - Epoch 11/70 16/77 loss: 0.4666 time 0.32s 
2026-04-25 15:00:01,490 - INFO - Epoch 11/70 17/77 loss: 0.4713 time 0.32s 
2026-04-25 15:00:01,811 - INFO - Epoch 11/70 18/77 loss: 0.4739 time 0.32s 
2026-04-25 15:00:02,133 - INFO - Epoch 11/70 19/77 loss: 0.4650 time 0.32s 
2026-04-25 15:00:02,454 - INFO - Epoch 11/70 20/77 loss: 0.4776 time 0.32s 
2026-04-25 15:00:02,774 - INFO - Epoch 11/70 21/77 loss: 0.4761 time 0.32s 
2026-04-25 15:00:03,096 - INFO - Epoch 11/70 22/77 loss: 0.4750 time 0.32s 
2026-04-25 15:00:03,417 - INFO - Epoch 11/70 23/77 loss: 0.4783 time 0.32s 
2026-04-25 15:00:03,743 - INFO - Epoch 11/70 24/77 loss: 0.4809 time 0.33s 
2026-04-25 15:00:04,066 - INFO - Epoch 11/70 25/77 loss: 0.4798 time 0.32s 
2026-04-25 15:00:04,387 - INFO - Epoch 11/70 26/77 loss: 0.4820 time 0.32s 
2026-04-25 15:00:04,710 - INFO - Epoch 11/70 27/77 loss: 0.4761 time 0.32s 
2026-04-25 15:00:05,030 - INFO - Epoch 11/70 28/77 loss: 0.4695 time 0.32s 
2026-04-25 15:00:05,351 - INFO - Epoch 11/70 29/77 loss: 0.4674 time 0.32s 
2026-04-25 15:00:05,672 - INFO - Epoch 11/70 30/77 loss: 0.4730 time 0.32s 
2026-04-25 15:00:05,995 - INFO - Epoch 11/70 31/77 loss: 0.4878 time 0.32s 
2026-04-25 15:00:06,317 - INFO - Epoch 11/70 32/77 loss: 0.4804 time 0.32s 
2026-04-25 15:00:06,640 - INFO - Epoch 11/70 33/77 loss: 0.4800 time 0.32s 
2026-04-25 15:00:06,962 - INFO - Epoch 11/70 34/77 loss: 0.4804 time 0.32s 
2026-04-25 15:00:07,284 - INFO - Epoch 11/70 35/77 loss: 0.4819 time 0.32s 
2026-04-25 15:00:07,606 - INFO - Epoch 11/70 36/77 loss: 0.4843 time 0.32s 
2026-04-25 15:00:07,930 - INFO - Epoch 11/70 37/77 loss: 0.4808 time 0.32s 
2026-04-25 15:00:08,251 - INFO - Epoch 11/70 38/77 loss: 0.4768 time 0.32s 
2026-04-25 15:00:08,573 - INFO - Epoch 11/70 39/77 loss: 0.4791 time 0.32s 
2026-04-25 15:00:08,895 - INFO - Epoch 11/70 40/77 loss: 0.4795 time 0.32s 
2026-04-25 15:00:09,221 - INFO - Epoch 11/70 41/77 loss: 0.4805 time 0.33s 
2026-04-25 15:00:09,544 - INFO - Epoch 11/70 42/77 loss: 0.4896 time 0.32s 
2026-04-25 15:00:09,865 - INFO - Epoch 11/70 43/77 loss: 0.4872 time 0.32s 
2026-04-25 15:00:10,185 - INFO - Epoch 11/70 44/77 loss: 0.4846 time 0.32s 
2026-04-25 15:00:10,507 - INFO - Epoch 11/70 45/77 loss: 0.4813 time 0.32s 
2026-04-25 15:00:10,831 - INFO - Epoch 11/70 46/77 loss: 0.4826 time 0.32s 
2026-04-25 15:00:11,151 - INFO - Epoch 11/70 47/77 loss: 0.4782 time 0.32s 
2026-04-25 15:00:11,471 - INFO - Epoch 11/70 48/77 loss: 0.4743 time 0.32s 
2026-04-25 15:00:11,793 - INFO - Epoch 11/70 49/77 loss: 0.4812 time 0.32s 
2026-04-25 15:00:12,115 - INFO - Epoch 11/70 50/77 loss: 0.4785 time 0.32s 
2026-04-25 15:00:12,445 - INFO - Epoch 11/70 51/77 loss: 0.4779 time 0.33s 
2026-04-25 15:00:12,766 - INFO - Epoch 11/70 52/77 loss: 0.4813 time 0.32s 
2026-04-25 15:00:13,090 - INFO - Epoch 11/70 53/77 loss: 0.4845 time 0.32s 
2026-04-25 15:00:13,411 - INFO - Epoch 11/70 54/77 loss: 0.4849 time 0.32s 
2026-04-25 15:00:13,733 - INFO - Epoch 11/70 55/77 loss: 0.4855 time 0.32s 
2026-04-25 15:00:14,054 - INFO - Epoch 11/70 56/77 loss: 0.4830 time 0.32s 
2026-04-25 15:00:14,375 - INFO - Epoch 11/70 57/77 loss: 0.4840 time 0.32s 
2026-04-25 15:00:14,697 - INFO - Epoch 11/70 58/77 loss: 0.4864 time 0.32s 
2026-04-25 15:00:15,018 - INFO - Epoch 11/70 59/77 loss: 0.4839 time 0.32s 
2026-04-25 15:00:15,339 - INFO - Epoch 11/70 60/77 loss: 0.4868 time 0.32s 
2026-04-25 15:00:15,660 - INFO - Epoch 11/70 61/77 loss: 0.4865 time 0.32s 
2026-04-25 15:00:15,980 - INFO - Epoch 11/70 62/77 loss: 0.4926 time 0.32s 
2026-04-25 15:00:16,302 - INFO - Epoch 11/70 63/77 loss: 0.4923 time 0.32s 
2026-04-25 15:00:16,624 - INFO - Epoch 11/70 64/77 loss: 0.4924 time 0.32s 
2026-04-25 15:00:16,946 - INFO - Epoch 11/70 65/77 loss: 0.4943 time 0.32s 
2026-04-25 15:00:17,269 - INFO - Epoch 11/70 66/77 loss: 0.4931 time 0.32s 
2026-04-25 15:00:17,588 - INFO - Epoch 11/70 67/77 loss: 0.4927 time 0.32s 
2026-04-25 15:00:17,909 - INFO - Epoch 11/70 68/77 loss: 0.4926 time 0.32s 
2026-04-25 15:00:18,228 - INFO - Epoch 11/70 69/77 loss: 0.4947 time 0.32s 
2026-04-25 15:00:18,547 - INFO - Epoch 11/70 70/77 loss: 0.4947 time 0.32s 
2026-04-25 15:00:18,865 - INFO - Epoch 11/70 71/77 loss: 0.4952 time 0.32s 
2026-04-25 15:00:19,181 - INFO - Epoch 11/70 72/77 loss: 0.4921 time 0.32s 
2026-04-25 15:00:19,497 - INFO - Epoch 11/70 73/77 loss: 0.4932 time 0.31s 
2026-04-25 15:00:19,814 - INFO - Epoch 11/70 74/77 loss: 0.4903 time 0.32s 
2026-04-25 15:00:20,134 - INFO - Epoch 11/70 75/77 loss: 0.4880 time 0.32s 
2026-04-25 15:00:20,311 - INFO - Epoch 11/70 76/77 loss: 0.4892 time 0.18s 
2026-04-25 15:00:20,400 - INFO - Latest training  11/69 loss: 0.4892 time 25.35s  lr: 1.0000e-04
2026-04-25 15:00:20,401 - INFO - Estimated remaining training time for the current model fold 0 is 0.75 hr, running time 0.14 hr, est total time 0.89 hr 

2026-04-25 15:00:21,385 - INFO - Epoch 12/70 0/77 loss: 0.4045 time 0.98s 
2026-04-25 15:00:21,709 - INFO - Epoch 12/70 1/77 loss: 0.3684 time 0.32s 
2026-04-25 15:00:22,029 - INFO - Epoch 12/70 2/77 loss: 0.3918 time 0.32s 
2026-04-25 15:00:22,352 - INFO - Epoch 12/70 3/77 loss: 0.4184 time 0.32s 
2026-04-25 15:00:22,675 - INFO - Epoch 12/70 4/77 loss: 0.4341 time 0.32s 
2026-04-25 15:00:22,996 - INFO - Epoch 12/70 5/77 loss: 0.4639 time 0.32s 
2026-04-25 15:00:23,317 - INFO - Epoch 12/70 6/77 loss: 0.4973 time 0.32s 
2026-04-25 15:00:23,637 - INFO - Epoch 12/70 7/77 loss: 0.4975 time 0.32s 
2026-04-25 15:00:23,959 - INFO - Epoch 12/70 8/77 loss: 0.4706 time 0.32s 
2026-04-25 15:00:24,282 - INFO - Epoch 12/70 9/77 loss: 0.4960 time 0.32s 
2026-04-25 15:00:24,601 - INFO - Epoch 12/70 10/77 loss: 0.4754 time 0.32s 
2026-04-25 15:00:24,922 - INFO - Epoch 12/70 11/77 loss: 0.4694 time 0.32s 
2026-04-25 15:00:25,243 - INFO - Epoch 12/70 12/77 loss: 0.4766 time 0.32s 
2026-04-25 15:00:25,563 - INFO - Epoch 12/70 13/77 loss: 0.4591 time 0.32s 
2026-04-25 15:00:25,884 - INFO - Epoch 12/70 14/77 loss: 0.4666 time 0.32s 
2026-04-25 15:00:26,207 - INFO - Epoch 12/70 15/77 loss: 0.4620 time 0.32s 
2026-04-25 15:00:26,527 - INFO - Epoch 12/70 16/77 loss: 0.4611 time 0.32s 
2026-04-25 15:00:26,849 - INFO - Epoch 12/70 17/77 loss: 0.4539 time 0.32s 
2026-04-25 15:00:27,170 - INFO - Epoch 12/70 18/77 loss: 0.4562 time 0.32s 
2026-04-25 15:00:27,491 - INFO - Epoch 12/70 19/77 loss: 0.4608 time 0.32s 
2026-04-25 15:00:27,812 - INFO - Epoch 12/70 20/77 loss: 0.4760 time 0.32s 
2026-04-25 15:00:28,133 - INFO - Epoch 12/70 21/77 loss: 0.4727 time 0.32s 
2026-04-25 15:00:28,455 - INFO - Epoch 12/70 22/77 loss: 0.4788 time 0.32s 
2026-04-25 15:00:28,777 - INFO - Epoch 12/70 23/77 loss: 0.4690 time 0.32s 
2026-04-25 15:00:29,100 - INFO - Epoch 12/70 24/77 loss: 0.4644 time 0.32s 
2026-04-25 15:00:29,422 - INFO - Epoch 12/70 25/77 loss: 0.4791 time 0.32s 
2026-04-25 15:00:29,744 - INFO - Epoch 12/70 26/77 loss: 0.4701 time 0.32s 
2026-04-25 15:00:30,066 - INFO - Epoch 12/70 27/77 loss: 0.4724 time 0.32s 
2026-04-25 15:00:30,388 - INFO - Epoch 12/70 28/77 loss: 0.4867 time 0.32s 
2026-04-25 15:00:30,709 - INFO - Epoch 12/70 29/77 loss: 0.4894 time 0.32s 
2026-04-25 15:00:31,031 - INFO - Epoch 12/70 30/77 loss: 0.4901 time 0.32s 
2026-04-25 15:00:31,353 - INFO - Epoch 12/70 31/77 loss: 0.4913 time 0.32s 
2026-04-25 15:00:31,673 - INFO - Epoch 12/70 32/77 loss: 0.4868 time 0.32s 
2026-04-25 15:00:31,997 - INFO - Epoch 12/70 33/77 loss: 0.4866 time 0.32s 
2026-04-25 15:00:32,317 - INFO - Epoch 12/70 34/77 loss: 0.4873 time 0.32s 
2026-04-25 15:00:32,638 - INFO - Epoch 12/70 35/77 loss: 0.4934 time 0.32s 
2026-04-25 15:00:32,963 - INFO - Epoch 12/70 36/77 loss: 0.4934 time 0.32s 
2026-04-25 15:00:33,284 - INFO - Epoch 12/70 37/77 loss: 0.5001 time 0.32s 
2026-04-25 15:00:33,604 - INFO - Epoch 12/70 38/77 loss: 0.4985 time 0.32s 
2026-04-25 15:00:33,926 - INFO - Epoch 12/70 39/77 loss: 0.4922 time 0.32s 
2026-04-25 15:00:34,249 - INFO - Epoch 12/70 40/77 loss: 0.4924 time 0.32s 
2026-04-25 15:00:34,572 - INFO - Epoch 12/70 41/77 loss: 0.4974 time 0.32s 
2026-04-25 15:00:34,892 - INFO - Epoch 12/70 42/77 loss: 0.4990 time 0.32s 
2026-04-25 15:00:35,214 - INFO - Epoch 12/70 43/77 loss: 0.5021 time 0.32s 
2026-04-25 15:00:35,536 - INFO - Epoch 12/70 44/77 loss: 0.5049 time 0.32s 
2026-04-25 15:00:35,856 - INFO - Epoch 12/70 45/77 loss: 0.5125 time 0.32s 
2026-04-25 15:00:36,179 - INFO - Epoch 12/70 46/77 loss: 0.5114 time 0.32s 
2026-04-25 15:00:36,499 - INFO - Epoch 12/70 47/77 loss: 0.5170 time 0.32s 
2026-04-25 15:00:36,822 - INFO - Epoch 12/70 48/77 loss: 0.5150 time 0.32s 
2026-04-25 15:00:37,142 - INFO - Epoch 12/70 49/77 loss: 0.5112 time 0.32s 
2026-04-25 15:00:37,465 - INFO - Epoch 12/70 50/77 loss: 0.5113 time 0.32s 
2026-04-25 15:00:37,786 - INFO - Epoch 12/70 51/77 loss: 0.5098 time 0.32s 
2026-04-25 15:00:38,107 - INFO - Epoch 12/70 52/77 loss: 0.5097 time 0.32s 
2026-04-25 15:00:38,428 - INFO - Epoch 12/70 53/77 loss: 0.5067 time 0.32s 
2026-04-25 15:00:38,751 - INFO - Epoch 12/70 54/77 loss: 0.5065 time 0.32s 
2026-04-25 15:00:39,072 - INFO - Epoch 12/70 55/77 loss: 0.5055 time 0.32s 
2026-04-25 15:00:39,394 - INFO - Epoch 12/70 56/77 loss: 0.5028 time 0.32s 
2026-04-25 15:00:39,715 - INFO - Epoch 12/70 57/77 loss: 0.5040 time 0.32s 
2026-04-25 15:00:40,040 - INFO - Epoch 12/70 58/77 loss: 0.5015 time 0.32s 
2026-04-25 15:00:40,361 - INFO - Epoch 12/70 59/77 loss: 0.5066 time 0.32s 
2026-04-25 15:00:40,681 - INFO - Epoch 12/70 60/77 loss: 0.5094 time 0.32s 
2026-04-25 15:00:41,002 - INFO - Epoch 12/70 61/77 loss: 0.5062 time 0.32s 
2026-04-25 15:00:41,322 - INFO - Epoch 12/70 62/77 loss: 0.5031 time 0.32s 
2026-04-25 15:00:41,644 - INFO - Epoch 12/70 63/77 loss: 0.5012 time 0.32s 
2026-04-25 15:00:41,965 - INFO - Epoch 12/70 64/77 loss: 0.4978 time 0.32s 
2026-04-25 15:00:42,287 - INFO - Epoch 12/70 65/77 loss: 0.4943 time 0.32s 
2026-04-25 15:00:42,609 - INFO - Epoch 12/70 66/77 loss: 0.4929 time 0.32s 
2026-04-25 15:00:42,939 - INFO - Epoch 12/70 67/77 loss: 0.4926 time 0.33s 
2026-04-25 15:00:43,258 - INFO - Epoch 12/70 68/77 loss: 0.4911 time 0.32s 
2026-04-25 15:00:43,577 - INFO - Epoch 12/70 69/77 loss: 0.4910 time 0.32s 
2026-04-25 15:00:43,895 - INFO - Epoch 12/70 70/77 loss: 0.4913 time 0.32s 
2026-04-25 15:00:44,213 - INFO - Epoch 12/70 71/77 loss: 0.4904 time 0.32s 
2026-04-25 15:00:44,531 - INFO - Epoch 12/70 72/77 loss: 0.4941 time 0.32s 
2026-04-25 15:00:44,849 - INFO - Epoch 12/70 73/77 loss: 0.4902 time 0.32s 
2026-04-25 15:00:45,165 - INFO - Epoch 12/70 74/77 loss: 0.4895 time 0.32s 
2026-04-25 15:00:45,482 - INFO - Epoch 12/70 75/77 loss: 0.4909 time 0.32s 
2026-04-25 15:00:45,660 - INFO - Epoch 12/70 76/77 loss: 0.4917 time 0.18s 
2026-04-25 15:00:45,745 - INFO - Latest training  12/69 loss: 0.4917 time 25.34s  lr: 1.0000e-04
2026-04-25 15:00:45,746 - INFO - Estimated remaining training time for the current model fold 0 is 0.74 hr, running time 0.15 hr, est total time 0.89 hr 

2026-04-25 15:00:46,758 - INFO - Epoch 13/70 0/77 loss: 0.6058 time 1.01s 
2026-04-25 15:00:47,081 - INFO - Epoch 13/70 1/77 loss: 0.5320 time 0.32s 
2026-04-25 15:00:47,403 - INFO - Epoch 13/70 2/77 loss: 0.4578 time 0.32s 
2026-04-25 15:00:47,730 - INFO - Epoch 13/70 3/77 loss: 0.4463 time 0.33s 
2026-04-25 15:00:48,050 - INFO - Epoch 13/70 4/77 loss: 0.4289 time 0.32s 
2026-04-25 15:00:48,369 - INFO - Epoch 13/70 5/77 loss: 0.4432 time 0.32s 
2026-04-25 15:00:48,692 - INFO - Epoch 13/70 6/77 loss: 0.4409 time 0.32s 
2026-04-25 15:00:49,012 - INFO - Epoch 13/70 7/77 loss: 0.4199 time 0.32s 
2026-04-25 15:00:49,337 - INFO - Epoch 13/70 8/77 loss: 0.4604 time 0.32s 
2026-04-25 15:00:49,658 - INFO - Epoch 13/70 9/77 loss: 0.4741 time 0.32s 
2026-04-25 15:00:49,981 - INFO - Epoch 13/70 10/77 loss: 0.4941 time 0.32s 
2026-04-25 15:00:50,303 - INFO - Epoch 13/70 11/77 loss: 0.4738 time 0.32s 
2026-04-25 15:00:50,624 - INFO - Epoch 13/70 12/77 loss: 0.4558 time 0.32s 
2026-04-25 15:00:50,944 - INFO - Epoch 13/70 13/77 loss: 0.4594 time 0.32s 
2026-04-25 15:00:51,265 - INFO - Epoch 13/70 14/77 loss: 0.4574 time 0.32s 
2026-04-25 15:00:51,587 - INFO - Epoch 13/70 15/77 loss: 0.4498 time 0.32s 
2026-04-25 15:00:51,908 - INFO - Epoch 13/70 16/77 loss: 0.4477 time 0.32s 
2026-04-25 15:00:52,229 - INFO - Epoch 13/70 17/77 loss: 0.4348 time 0.32s 
2026-04-25 15:00:52,550 - INFO - Epoch 13/70 18/77 loss: 0.4311 time 0.32s 
2026-04-25 15:00:52,872 - INFO - Epoch 13/70 19/77 loss: 0.4234 time 0.32s 
2026-04-25 15:00:53,193 - INFO - Epoch 13/70 20/77 loss: 0.4326 time 0.32s 
2026-04-25 15:00:53,515 - INFO - Epoch 13/70 21/77 loss: 0.4279 time 0.32s 
2026-04-25 15:00:53,836 - INFO - Epoch 13/70 22/77 loss: 0.4205 time 0.32s 
2026-04-25 15:00:54,157 - INFO - Epoch 13/70 23/77 loss: 0.4168 time 0.32s 
2026-04-25 15:00:54,478 - INFO - Epoch 13/70 24/77 loss: 0.4125 time 0.32s 
2026-04-25 15:00:54,800 - INFO - Epoch 13/70 25/77 loss: 0.4129 time 0.32s 
2026-04-25 15:00:55,123 - INFO - Epoch 13/70 26/77 loss: 0.4119 time 0.32s 
2026-04-25 15:00:55,443 - INFO - Epoch 13/70 27/77 loss: 0.4286 time 0.32s 
2026-04-25 15:00:55,763 - INFO - Epoch 13/70 28/77 loss: 0.4287 time 0.32s 
2026-04-25 15:00:56,085 - INFO - Epoch 13/70 29/77 loss: 0.4313 time 0.32s 
2026-04-25 15:00:56,406 - INFO - Epoch 13/70 30/77 loss: 0.4308 time 0.32s 
2026-04-25 15:00:56,726 - INFO - Epoch 13/70 31/77 loss: 0.4388 time 0.32s 
2026-04-25 15:00:57,049 - INFO - Epoch 13/70 32/77 loss: 0.4381 time 0.32s 
2026-04-25 15:00:57,372 - INFO - Epoch 13/70 33/77 loss: 0.4364 time 0.32s 
2026-04-25 15:00:57,693 - INFO - Epoch 13/70 34/77 loss: 0.4326 time 0.32s 
2026-04-25 15:00:58,014 - INFO - Epoch 13/70 35/77 loss: 0.4327 time 0.32s 
2026-04-25 15:00:58,335 - INFO - Epoch 13/70 36/77 loss: 0.4320 time 0.32s 
2026-04-25 15:00:58,657 - INFO - Epoch 13/70 37/77 loss: 0.4341 time 0.32s 
2026-04-25 15:00:58,978 - INFO - Epoch 13/70 38/77 loss: 0.4335 time 0.32s 
2026-04-25 15:00:59,300 - INFO - Epoch 13/70 39/77 loss: 0.4338 time 0.32s 
2026-04-25 15:00:59,620 - INFO - Epoch 13/70 40/77 loss: 0.4302 time 0.32s 
2026-04-25 15:00:59,941 - INFO - Epoch 13/70 41/77 loss: 0.4329 time 0.32s 
2026-04-25 15:01:00,263 - INFO - Epoch 13/70 42/77 loss: 0.4327 time 0.32s 
2026-04-25 15:01:00,583 - INFO - Epoch 13/70 43/77 loss: 0.4363 time 0.32s 
2026-04-25 15:01:00,905 - INFO - Epoch 13/70 44/77 loss: 0.4376 time 0.32s 
2026-04-25 15:01:01,228 - INFO - Epoch 13/70 45/77 loss: 0.4442 time 0.32s 
2026-04-25 15:01:01,548 - INFO - Epoch 13/70 46/77 loss: 0.4445 time 0.32s 
2026-04-25 15:01:01,867 - INFO - Epoch 13/70 47/77 loss: 0.4439 time 0.32s 
2026-04-25 15:01:02,188 - INFO - Epoch 13/70 48/77 loss: 0.4463 time 0.32s 
2026-04-25 15:01:02,510 - INFO - Epoch 13/70 49/77 loss: 0.4473 time 0.32s 
2026-04-25 15:01:02,833 - INFO - Epoch 13/70 50/77 loss: 0.4494 time 0.32s 
2026-04-25 15:01:03,153 - INFO - Epoch 13/70 51/77 loss: 0.4531 time 0.32s 
2026-04-25 15:01:03,473 - INFO - Epoch 13/70 52/77 loss: 0.4518 time 0.32s 
2026-04-25 15:01:03,796 - INFO - Epoch 13/70 53/77 loss: 0.4525 time 0.32s 
2026-04-25 15:01:04,117 - INFO - Epoch 13/70 54/77 loss: 0.4503 time 0.32s 
2026-04-25 15:01:04,440 - INFO - Epoch 13/70 55/77 loss: 0.4488 time 0.32s 
2026-04-25 15:01:04,760 - INFO - Epoch 13/70 56/77 loss: 0.4524 time 0.32s 
2026-04-25 15:01:05,080 - INFO - Epoch 13/70 57/77 loss: 0.4537 time 0.32s 
2026-04-25 15:01:05,401 - INFO - Epoch 13/70 58/77 loss: 0.4571 time 0.32s 
2026-04-25 15:01:05,721 - INFO - Epoch 13/70 59/77 loss: 0.4569 time 0.32s 
2026-04-25 15:01:06,043 - INFO - Epoch 13/70 60/77 loss: 0.4607 time 0.32s 
2026-04-25 15:01:06,364 - INFO - Epoch 13/70 61/77 loss: 0.4671 time 0.32s 
2026-04-25 15:01:06,686 - INFO - Epoch 13/70 62/77 loss: 0.4640 time 0.32s 
2026-04-25 15:01:07,008 - INFO - Epoch 13/70 63/77 loss: 0.4632 time 0.32s 
2026-04-25 15:01:07,328 - INFO - Epoch 13/70 64/77 loss: 0.4610 time 0.32s 
2026-04-25 15:01:07,650 - INFO - Epoch 13/70 65/77 loss: 0.4616 time 0.32s 
2026-04-25 15:01:07,973 - INFO - Epoch 13/70 66/77 loss: 0.4634 time 0.32s 
2026-04-25 15:01:08,293 - INFO - Epoch 13/70 67/77 loss: 0.4616 time 0.32s 
2026-04-25 15:01:08,614 - INFO - Epoch 13/70 68/77 loss: 0.4622 time 0.32s 
2026-04-25 15:01:08,930 - INFO - Epoch 13/70 69/77 loss: 0.4696 time 0.32s 
2026-04-25 15:01:09,248 - INFO - Epoch 13/70 70/77 loss: 0.4690 time 0.32s 
2026-04-25 15:01:09,563 - INFO - Epoch 13/70 71/77 loss: 0.4662 time 0.32s 
2026-04-25 15:01:09,882 - INFO - Epoch 13/70 72/77 loss: 0.4718 time 0.32s 
2026-04-25 15:01:10,199 - INFO - Epoch 13/70 73/77 loss: 0.4724 time 0.32s 
2026-04-25 15:01:10,514 - INFO - Epoch 13/70 74/77 loss: 0.4706 time 0.32s 
2026-04-25 15:01:10,831 - INFO - Epoch 13/70 75/77 loss: 0.4689 time 0.32s 
2026-04-25 15:01:11,010 - INFO - Epoch 13/70 76/77 loss: 0.4724 time 0.18s 
2026-04-25 15:01:11,086 - INFO - Latest training  13/69 loss: 0.4724 time 25.34s  lr: 1.0000e-04
2026-04-25 15:01:11,087 - INFO - Estimated remaining training time for the current model fold 0 is 0.74 hr, running time 0.16 hr, est total time 0.89 hr 

2026-04-25 15:01:12,010 - INFO - Epoch 14/70 0/77 loss: 0.4416 time 0.92s 
2026-04-25 15:01:12,334 - INFO - Epoch 14/70 1/77 loss: 0.5929 time 0.32s 
2026-04-25 15:01:12,662 - INFO - Epoch 14/70 2/77 loss: 0.6153 time 0.33s 
2026-04-25 15:01:12,989 - INFO - Epoch 14/70 3/77 loss: 0.5634 time 0.33s 
2026-04-25 15:01:13,309 - INFO - Epoch 14/70 4/77 loss: 0.5203 time 0.32s 
2026-04-25 15:01:13,629 - INFO - Epoch 14/70 5/77 loss: 0.5185 time 0.32s 
2026-04-25 15:01:13,949 - INFO - Epoch 14/70 6/77 loss: 0.5541 time 0.32s 
2026-04-25 15:01:14,270 - INFO - Epoch 14/70 7/77 loss: 0.5386 time 0.32s 
2026-04-25 15:01:14,592 - INFO - Epoch 14/70 8/77 loss: 0.5830 time 0.32s 
2026-04-25 15:01:14,914 - INFO - Epoch 14/70 9/77 loss: 0.5727 time 0.32s 
2026-04-25 15:01:15,235 - INFO - Epoch 14/70 10/77 loss: 0.5478 time 0.32s 
2026-04-25 15:01:15,555 - INFO - Epoch 14/70 11/77 loss: 0.5233 time 0.32s 
2026-04-25 15:01:15,877 - INFO - Epoch 14/70 12/77 loss: 0.5158 time 0.32s 
2026-04-25 15:01:16,199 - INFO - Epoch 14/70 13/77 loss: 0.5363 time 0.32s 
2026-04-25 15:01:16,520 - INFO - Epoch 14/70 14/77 loss: 0.5443 time 0.32s 
2026-04-25 15:01:16,841 - INFO - Epoch 14/70 15/77 loss: 0.5337 time 0.32s 
2026-04-25 15:01:17,161 - INFO - Epoch 14/70 16/77 loss: 0.5462 time 0.32s 
2026-04-25 15:01:17,482 - INFO - Epoch 14/70 17/77 loss: 0.5467 time 0.32s 
2026-04-25 15:01:17,805 - INFO - Epoch 14/70 18/77 loss: 0.5490 time 0.32s 
2026-04-25 15:01:18,128 - INFO - Epoch 14/70 19/77 loss: 0.5644 time 0.32s 
2026-04-25 15:01:18,449 - INFO - Epoch 14/70 20/77 loss: 0.5555 time 0.32s 
2026-04-25 15:01:18,770 - INFO - Epoch 14/70 21/77 loss: 0.5615 time 0.32s 
2026-04-25 15:01:19,092 - INFO - Epoch 14/70 22/77 loss: 0.5639 time 0.32s 
2026-04-25 15:01:19,414 - INFO - Epoch 14/70 23/77 loss: 0.5527 time 0.32s 
2026-04-25 15:01:19,737 - INFO - Epoch 14/70 24/77 loss: 0.5534 time 0.32s 
2026-04-25 15:01:20,060 - INFO - Epoch 14/70 25/77 loss: 0.5565 time 0.32s 
2026-04-25 15:01:20,383 - INFO - Epoch 14/70 26/77 loss: 0.5522 time 0.32s 
2026-04-25 15:01:20,703 - INFO - Epoch 14/70 27/77 loss: 0.5547 time 0.32s 
2026-04-25 15:01:21,023 - INFO - Epoch 14/70 28/77 loss: 0.5525 time 0.32s 
2026-04-25 15:01:21,346 - INFO - Epoch 14/70 29/77 loss: 0.5489 time 0.32s 
2026-04-25 15:01:21,667 - INFO - Epoch 14/70 30/77 loss: 0.5411 time 0.32s 
2026-04-25 15:01:21,987 - INFO - Epoch 14/70 31/77 loss: 0.5365 time 0.32s 
2026-04-25 15:01:22,306 - INFO - Epoch 14/70 32/77 loss: 0.5268 time 0.32s 
2026-04-25 15:01:22,627 - INFO - Epoch 14/70 33/77 loss: 0.5241 time 0.32s 
2026-04-25 15:01:22,949 - INFO - Epoch 14/70 34/77 loss: 0.5258 time 0.32s 
2026-04-25 15:01:23,270 - INFO - Epoch 14/70 35/77 loss: 0.5291 time 0.32s 
2026-04-25 15:01:23,591 - INFO - Epoch 14/70 36/77 loss: 0.5278 time 0.32s 
2026-04-25 15:01:23,911 - INFO - Epoch 14/70 37/77 loss: 0.5319 time 0.32s 
2026-04-25 15:01:24,232 - INFO - Epoch 14/70 38/77 loss: 0.5270 time 0.32s 
2026-04-25 15:01:24,553 - INFO - Epoch 14/70 39/77 loss: 0.5191 time 0.32s 
2026-04-25 15:01:24,877 - INFO - Epoch 14/70 40/77 loss: 0.5187 time 0.32s 
2026-04-25 15:01:25,199 - INFO - Epoch 14/70 41/77 loss: 0.5167 time 0.32s 
2026-04-25 15:01:25,523 - INFO - Epoch 14/70 42/77 loss: 0.5115 time 0.32s 
2026-04-25 15:01:25,843 - INFO - Epoch 14/70 43/77 loss: 0.5137 time 0.32s 
2026-04-25 15:01:26,167 - INFO - Epoch 14/70 44/77 loss: 0.5148 time 0.32s 
2026-04-25 15:01:26,486 - INFO - Epoch 14/70 45/77 loss: 0.5121 time 0.32s 
2026-04-25 15:01:26,808 - INFO - Epoch 14/70 46/77 loss: 0.5109 time 0.32s 
2026-04-25 15:01:27,130 - INFO - Epoch 14/70 47/77 loss: 0.5106 time 0.32s 
2026-04-25 15:01:27,451 - INFO - Epoch 14/70 48/77 loss: 0.5088 time 0.32s 
2026-04-25 15:01:27,771 - INFO - Epoch 14/70 49/77 loss: 0.5112 time 0.32s 
2026-04-25 15:01:28,092 - INFO - Epoch 14/70 50/77 loss: 0.5082 time 0.32s 
2026-04-25 15:01:28,414 - INFO - Epoch 14/70 51/77 loss: 0.5046 time 0.32s 
2026-04-25 15:01:28,740 - INFO - Epoch 14/70 52/77 loss: 0.5074 time 0.33s 
2026-04-25 15:01:29,065 - INFO - Epoch 14/70 53/77 loss: 0.5082 time 0.32s 
2026-04-25 15:01:29,388 - INFO - Epoch 14/70 54/77 loss: 0.5098 time 0.32s 
2026-04-25 15:01:29,710 - INFO - Epoch 14/70 55/77 loss: 0.5116 time 0.32s 
2026-04-25 15:01:30,032 - INFO - Epoch 14/70 56/77 loss: 0.5102 time 0.32s 
2026-04-25 15:01:30,355 - INFO - Epoch 14/70 57/77 loss: 0.5098 time 0.32s 
2026-04-25 15:01:30,674 - INFO - Epoch 14/70 58/77 loss: 0.5141 time 0.32s 
2026-04-25 15:01:30,996 - INFO - Epoch 14/70 59/77 loss: 0.5112 time 0.32s 
2026-04-25 15:01:31,317 - INFO - Epoch 14/70 60/77 loss: 0.5115 time 0.32s 
2026-04-25 15:01:31,637 - INFO - Epoch 14/70 61/77 loss: 0.5092 time 0.32s 
2026-04-25 15:01:31,957 - INFO - Epoch 14/70 62/77 loss: 0.5096 time 0.32s 
2026-04-25 15:01:32,279 - INFO - Epoch 14/70 63/77 loss: 0.5069 time 0.32s 
2026-04-25 15:01:32,601 - INFO - Epoch 14/70 64/77 loss: 0.5035 time 0.32s 
2026-04-25 15:01:32,924 - INFO - Epoch 14/70 65/77 loss: 0.5003 time 0.32s 
2026-04-25 15:01:33,245 - INFO - Epoch 14/70 66/77 loss: 0.4983 time 0.32s 
2026-04-25 15:01:33,567 - INFO - Epoch 14/70 67/77 loss: 0.4981 time 0.32s 
2026-04-25 15:01:33,887 - INFO - Epoch 14/70 68/77 loss: 0.4975 time 0.32s 
2026-04-25 15:01:34,207 - INFO - Epoch 14/70 69/77 loss: 0.4955 time 0.32s 
2026-04-25 15:01:34,526 - INFO - Epoch 14/70 70/77 loss: 0.4943 time 0.32s 
2026-04-25 15:01:34,843 - INFO - Epoch 14/70 71/77 loss: 0.4945 time 0.32s 
2026-04-25 15:01:35,161 - INFO - Epoch 14/70 72/77 loss: 0.4935 time 0.32s 
2026-04-25 15:01:35,480 - INFO - Epoch 14/70 73/77 loss: 0.4910 time 0.32s 
2026-04-25 15:01:35,799 - INFO - Epoch 14/70 74/77 loss: 0.4941 time 0.32s 
2026-04-25 15:01:36,116 - INFO - Epoch 14/70 75/77 loss: 0.4938 time 0.32s 
2026-04-25 15:01:36,294 - INFO - Epoch 14/70 76/77 loss: 0.4928 time 0.18s 
2026-04-25 15:01:36,379 - INFO - Latest training  14/69 loss: 0.4928 time 25.29s  lr: 1.0000e-04
2026-04-25 15:01:41,841 - INFO - Val 14/70 0/30 loss: 0.8680 acc 0.703344120819849  time 5.45s
2026-04-25 15:01:45,438 - INFO - Val 14/70 1/30 loss: 0.5774 acc 0.8321678321678322  time 3.60s
2026-04-25 15:01:49,076 - INFO - Val 14/70 2/30 loss: 0.5089 acc 0.8442503639010189  time 3.64s
2026-04-25 15:01:52,604 - INFO - Val 14/70 3/30 loss: 0.3628 acc 0.861198738170347  time 3.53s
2026-04-25 15:01:56,184 - INFO - Val 14/70 4/30 loss: 0.4190 acc 0.7928802588996764  time 3.58s
2026-04-25 15:01:59,898 - INFO - Val 14/70 5/30 loss: 0.7176 acc 0.8469387755102041  time 3.71s
2026-04-25 15:02:03,544 - INFO - Val 14/70 6/30 loss: 0.7022 acc 0.7530529172320217  time 3.65s
2026-04-25 15:02:07,095 - INFO - Val 14/70 7/30 loss: 0.3205 acc 0.8960244648318043  time 3.55s
2026-04-25 15:02:10,780 - INFO - Val 14/70 8/30 loss: 0.8629 acc 0.800235017626322  time 3.69s
2026-04-25 15:02:14,438 - INFO - Val 14/70 9/30 loss: 0.5256 acc 0.8604651162790697  time 3.66s
2026-04-25 15:02:17,983 - INFO - Val 14/70 10/30 loss: 0.3452 acc 0.884020618556701  time 3.54s
2026-04-25 15:02:21,568 - INFO - Val 14/70 11/30 loss: 0.3641 acc 0.8741721854304636  time 3.58s
2026-04-25 15:02:25,060 - INFO - Val 14/70 12/30 loss: 0.3801 acc 0.7724137931034483  time 3.49s
2026-04-25 15:02:28,732 - INFO - Val 14/70 13/30 loss: 0.6053 acc 0.8561151079136691  time 3.67s
2026-04-25 15:02:32,211 - INFO - Val 14/70 14/30 loss: 0.1977 acc 0.8243243243243243  time 3.48s
2026-04-25 15:02:35,763 - INFO - Val 14/70 15/30 loss: 0.3109 acc 0.8514644351464435  time 3.55s
2026-04-25 15:02:39,517 - INFO - Val 14/70 16/30 loss: 0.6493 acc 0.8545953360768176  time 3.75s
2026-04-25 15:02:43,144 - INFO - Val 14/70 17/30 loss: 0.4187 acc 0.8067375886524822  time 3.63s
2026-04-25 15:02:46,835 - INFO - Val 14/70 18/30 loss: 0.6256 acc 0.7829614604462475  time 3.69s
2026-04-25 15:02:50,455 - INFO - Val 14/70 19/30 loss: 0.4592 acc 0.8313253012048193  time 3.62s
2026-04-25 15:02:54,042 - INFO - Val 14/70 20/30 loss: 0.2845 acc 0.9010989010989011  time 3.59s
2026-04-25 15:02:57,640 - INFO - Val 14/70 21/30 loss: 0.2459 acc 0.9137614678899083  time 3.60s
2026-04-25 15:03:01,118 - INFO - Val 14/70 22/30 loss: 0.1871 acc 0.9080459770114943  time 3.48s
2026-04-25 15:03:04,830 - INFO - Val 14/70 23/30 loss: 0.4946 acc 0.8563458856345886  time 3.71s
2026-04-25 15:03:08,418 - INFO - Val 14/70 24/30 loss: 0.2422 acc 0.9130434782608695  time 3.59s
2026-04-25 15:03:11,966 - INFO - Val 14/70 25/30 loss: 0.3965 acc 0.7057416267942583  time 3.55s
2026-04-25 15:03:15,757 - INFO - Val 14/70 26/30 loss: 0.8170 acc 0.8429584599797366  time 3.79s
2026-04-25 15:03:19,321 - INFO - Val 14/70 27/30 loss: 0.5936 acc 0.7205479452054795  time 3.56s
2026-04-25 15:03:22,987 - INFO - Val 14/70 28/30 loss: 0.5540 acc 0.8363636363636363  time 3.67s
2026-04-25 15:03:26,534 - INFO - Val 14/70 29/30 loss: 0.3362 acc 0.8173076923076923  time 3.55s
2026-04-25 15:03:26,612 - INFO - Latest validation 14/69 loss: 0.4791 acc_avg: 0.8315 acc: 0.8314635157585144 time: 110.23s
2026-04-25 15:03:30,332 - INFO - Saving checkpoint process: ./models/puma/model_final.pt, {'epoch': 14, 'best_metric': 0.8314635157585144}, save_time 3.72s
2026-04-25 15:03:30,333 - INFO - Estimated remaining training time for the current model fold 0 is 0.70 hr, running time 0.20 hr, est total time 0.90 hr 

2026-04-25 15:03:31,373 - INFO - Epoch 15/70 0/77 loss: 0.8552 time 1.04s 
2026-04-25 15:03:31,699 - INFO - Epoch 15/70 1/77 loss: 0.6240 time 0.33s 
2026-04-25 15:03:32,025 - INFO - Epoch 15/70 2/77 loss: 0.6158 time 0.33s 
2026-04-25 15:03:32,350 - INFO - Epoch 15/70 3/77 loss: 0.5712 time 0.32s 
2026-04-25 15:03:32,672 - INFO - Epoch 15/70 4/77 loss: 0.5764 time 0.32s 
2026-04-25 15:03:32,998 - INFO - Epoch 15/70 5/77 loss: 0.5356 time 0.33s 
2026-04-25 15:03:33,322 - INFO - Epoch 15/70 6/77 loss: 0.5236 time 0.32s 
2026-04-25 15:03:33,647 - INFO - Epoch 15/70 7/77 loss: 0.4956 time 0.33s 
2026-04-25 15:03:33,970 - INFO - Epoch 15/70 8/77 loss: 0.5097 time 0.32s 
2026-04-25 15:03:34,293 - INFO - Epoch 15/70 9/77 loss: 0.4777 time 0.32s 
2026-04-25 15:03:34,617 - INFO - Epoch 15/70 10/77 loss: 0.4570 time 0.32s 
2026-04-25 15:03:34,942 - INFO - Epoch 15/70 11/77 loss: 0.4470 time 0.32s 
2026-04-25 15:03:35,267 - INFO - Epoch 15/70 12/77 loss: 0.4398 time 0.32s 
2026-04-25 15:03:35,590 - INFO - Epoch 15/70 13/77 loss: 0.4466 time 0.32s 
2026-04-25 15:03:35,913 - INFO - Epoch 15/70 14/77 loss: 0.4511 time 0.32s 
2026-04-25 15:03:36,240 - INFO - Epoch 15/70 15/77 loss: 0.4512 time 0.33s 
2026-04-25 15:03:36,563 - INFO - Epoch 15/70 16/77 loss: 0.4554 time 0.32s 
2026-04-25 15:03:36,885 - INFO - Epoch 15/70 17/77 loss: 0.4543 time 0.32s 
2026-04-25 15:03:37,207 - INFO - Epoch 15/70 18/77 loss: 0.4507 time 0.32s 
2026-04-25 15:03:37,529 - INFO - Epoch 15/70 19/77 loss: 0.4536 time 0.32s 
2026-04-25 15:03:37,851 - INFO - Epoch 15/70 20/77 loss: 0.4455 time 0.32s 
2026-04-25 15:03:38,175 - INFO - Epoch 15/70 21/77 loss: 0.4483 time 0.32s 
2026-04-25 15:03:38,494 - INFO - Epoch 15/70 22/77 loss: 0.4521 time 0.32s 
2026-04-25 15:03:38,817 - INFO - Epoch 15/70 23/77 loss: 0.4480 time 0.32s 
2026-04-25 15:03:39,141 - INFO - Epoch 15/70 24/77 loss: 0.4513 time 0.32s 
2026-04-25 15:03:39,465 - INFO - Epoch 15/70 25/77 loss: 0.4530 time 0.32s 
2026-04-25 15:03:39,788 - INFO - Epoch 15/70 26/77 loss: 0.4574 time 0.32s 
2026-04-25 15:03:40,109 - INFO - Epoch 15/70 27/77 loss: 0.4539 time 0.32s 
2026-04-25 15:03:40,431 - INFO - Epoch 15/70 28/77 loss: 0.4532 time 0.32s 
2026-04-25 15:03:40,752 - INFO - Epoch 15/70 29/77 loss: 0.4518 time 0.32s 
2026-04-25 15:03:41,074 - INFO - Epoch 15/70 30/77 loss: 0.4539 time 0.32s 
2026-04-25 15:03:41,395 - INFO - Epoch 15/70 31/77 loss: 0.4549 time 0.32s 
2026-04-25 15:03:41,725 - INFO - Epoch 15/70 32/77 loss: 0.4679 time 0.33s 
2026-04-25 15:03:42,046 - INFO - Epoch 15/70 33/77 loss: 0.4670 time 0.32s 
2026-04-25 15:03:42,369 - INFO - Epoch 15/70 34/77 loss: 0.4703 time 0.32s 
2026-04-25 15:03:42,695 - INFO - Epoch 15/70 35/77 loss: 0.4752 time 0.33s 
2026-04-25 15:03:43,017 - INFO - Epoch 15/70 36/77 loss: 0.4778 time 0.32s 
2026-04-25 15:03:43,340 - INFO - Epoch 15/70 37/77 loss: 0.4755 time 0.32s 
2026-04-25 15:03:43,662 - INFO - Epoch 15/70 38/77 loss: 0.4706 time 0.32s 
2026-04-25 15:03:43,987 - INFO - Epoch 15/70 39/77 loss: 0.4756 time 0.32s 
2026-04-25 15:03:44,308 - INFO - Epoch 15/70 40/77 loss: 0.4720 time 0.32s 
2026-04-25 15:03:44,629 - INFO - Epoch 15/70 41/77 loss: 0.4775 time 0.32s 
2026-04-25 15:03:44,949 - INFO - Epoch 15/70 42/77 loss: 0.4803 time 0.32s 
2026-04-25 15:03:45,269 - INFO - Epoch 15/70 43/77 loss: 0.4775 time 0.32s 
2026-04-25 15:03:45,590 - INFO - Epoch 15/70 44/77 loss: 0.4738 time 0.32s 
2026-04-25 15:03:45,909 - INFO - Epoch 15/70 45/77 loss: 0.4669 time 0.32s 
2026-04-25 15:03:46,229 - INFO - Epoch 15/70 46/77 loss: 0.4772 time 0.32s 
2026-04-25 15:03:46,549 - INFO - Epoch 15/70 47/77 loss: 0.4736 time 0.32s 
2026-04-25 15:03:46,870 - INFO - Epoch 15/70 48/77 loss: 0.4830 time 0.32s 
2026-04-25 15:03:47,193 - INFO - Epoch 15/70 49/77 loss: 0.4801 time 0.32s 
2026-04-25 15:03:47,515 - INFO - Epoch 15/70 50/77 loss: 0.4823 time 0.32s 
2026-04-25 15:03:47,837 - INFO - Epoch 15/70 51/77 loss: 0.4859 time 0.32s 
2026-04-25 15:03:48,162 - INFO - Epoch 15/70 52/77 loss: 0.4808 time 0.33s 
2026-04-25 15:03:48,483 - INFO - Epoch 15/70 53/77 loss: 0.4806 time 0.32s 
2026-04-25 15:03:48,807 - INFO - Epoch 15/70 54/77 loss: 0.4802 time 0.32s 
2026-04-25 15:03:49,128 - INFO - Epoch 15/70 55/77 loss: 0.4852 time 0.32s 
2026-04-25 15:03:49,449 - INFO - Epoch 15/70 56/77 loss: 0.4847 time 0.32s 
2026-04-25 15:03:49,771 - INFO - Epoch 15/70 57/77 loss: 0.4816 time 0.32s 
2026-04-25 15:03:50,097 - INFO - Epoch 15/70 58/77 loss: 0.4810 time 0.33s 
2026-04-25 15:03:50,422 - INFO - Epoch 15/70 59/77 loss: 0.4817 time 0.32s 
2026-04-25 15:03:50,744 - INFO - Epoch 15/70 60/77 loss: 0.4792 time 0.32s 
2026-04-25 15:03:51,066 - INFO - Epoch 15/70 61/77 loss: 0.4812 time 0.32s 
2026-04-25 15:03:51,389 - INFO - Epoch 15/70 62/77 loss: 0.4789 time 0.32s 
2026-04-25 15:03:51,712 - INFO - Epoch 15/70 63/77 loss: 0.4841 time 0.32s 
2026-04-25 15:03:52,035 - INFO - Epoch 15/70 64/77 loss: 0.4870 time 0.32s 
2026-04-25 15:03:52,358 - INFO - Epoch 15/70 65/77 loss: 0.4855 time 0.32s 
2026-04-25 15:03:52,682 - INFO - Epoch 15/70 66/77 loss: 0.4862 time 0.32s 
2026-04-25 15:03:53,004 - INFO - Epoch 15/70 67/77 loss: 0.4847 time 0.32s 
2026-04-25 15:03:53,327 - INFO - Epoch 15/70 68/77 loss: 0.4846 time 0.32s 
2026-04-25 15:03:53,646 - INFO - Epoch 15/70 69/77 loss: 0.4829 time 0.32s 
2026-04-25 15:03:53,963 - INFO - Epoch 15/70 70/77 loss: 0.4858 time 0.32s 
2026-04-25 15:03:54,280 - INFO - Epoch 15/70 71/77 loss: 0.4840 time 0.32s 
2026-04-25 15:03:54,597 - INFO - Epoch 15/70 72/77 loss: 0.4828 time 0.32s 
2026-04-25 15:03:54,913 - INFO - Epoch 15/70 73/77 loss: 0.4840 time 0.32s 
2026-04-25 15:03:55,230 - INFO - Epoch 15/70 74/77 loss: 0.4844 time 0.32s 
2026-04-25 15:03:55,548 - INFO - Epoch 15/70 75/77 loss: 0.4820 time 0.32s 
2026-04-25 15:03:55,727 - INFO - Epoch 15/70 76/77 loss: 0.4818 time 0.18s 
2026-04-25 15:03:55,815 - INFO - Latest training  15/69 loss: 0.4818 time 25.48s  lr: 1.0000e-04
2026-04-25 15:03:55,815 - INFO - Estimated remaining training time for the current model fold 0 is 0.70 hr, running time 0.20 hr, est total time 0.90 hr 

2026-04-25 15:03:56,780 - INFO - Epoch 16/70 0/77 loss: 0.2274 time 0.96s 
2026-04-25 15:03:57,103 - INFO - Epoch 16/70 1/77 loss: 0.6948 time 0.32s 
2026-04-25 15:03:57,426 - INFO - Epoch 16/70 2/77 loss: 0.5857 time 0.32s 
2026-04-25 15:03:57,748 - INFO - Epoch 16/70 3/77 loss: 0.5360 time 0.32s 
2026-04-25 15:03:58,071 - INFO - Epoch 16/70 4/77 loss: 0.4977 time 0.32s 
2026-04-25 15:03:58,392 - INFO - Epoch 16/70 5/77 loss: 0.4909 time 0.32s 
2026-04-25 15:03:58,714 - INFO - Epoch 16/70 6/77 loss: 0.4949 time 0.32s 
2026-04-25 15:03:59,037 - INFO - Epoch 16/70 7/77 loss: 0.4911 time 0.32s 
2026-04-25 15:03:59,359 - INFO - Epoch 16/70 8/77 loss: 0.4836 time 0.32s 
2026-04-25 15:03:59,681 - INFO - Epoch 16/70 9/77 loss: 0.4862 time 0.32s 
2026-04-25 15:04:00,001 - INFO - Epoch 16/70 10/77 loss: 0.5325 time 0.32s 
2026-04-25 15:04:00,324 - INFO - Epoch 16/70 11/77 loss: 0.5399 time 0.32s 
2026-04-25 15:04:00,645 - INFO - Epoch 16/70 12/77 loss: 0.5384 time 0.32s 
2026-04-25 15:04:00,967 - INFO - Epoch 16/70 13/77 loss: 0.5434 time 0.32s 
2026-04-25 15:04:01,289 - INFO - Epoch 16/70 14/77 loss: 0.5410 time 0.32s 
2026-04-25 15:04:01,610 - INFO - Epoch 16/70 15/77 loss: 0.5529 time 0.32s 
2026-04-25 15:04:01,933 - INFO - Epoch 16/70 16/77 loss: 0.5460 time 0.32s 
2026-04-25 15:04:02,255 - INFO - Epoch 16/70 17/77 loss: 0.5309 time 0.32s 
2026-04-25 15:04:02,577 - INFO - Epoch 16/70 18/77 loss: 0.5380 time 0.32s 
2026-04-25 15:04:02,898 - INFO - Epoch 16/70 19/77 loss: 0.5278 time 0.32s 
2026-04-25 15:04:03,222 - INFO - Epoch 16/70 20/77 loss: 0.5162 time 0.32s 
2026-04-25 15:04:03,547 - INFO - Epoch 16/70 21/77 loss: 0.5171 time 0.32s 
2026-04-25 15:04:03,868 - INFO - Epoch 16/70 22/77 loss: 0.5173 time 0.32s 
2026-04-25 15:04:04,192 - INFO - Epoch 16/70 23/77 loss: 0.5139 time 0.32s 
2026-04-25 15:04:04,514 - INFO - Epoch 16/70 24/77 loss: 0.5072 time 0.32s 
2026-04-25 15:04:04,838 - INFO - Epoch 16/70 25/77 loss: 0.4992 time 0.32s 
2026-04-25 15:04:05,160 - INFO - Epoch 16/70 26/77 loss: 0.4987 time 0.32s 
2026-04-25 15:04:05,482 - INFO - Epoch 16/70 27/77 loss: 0.4936 time 0.32s 
2026-04-25 15:04:05,803 - INFO - Epoch 16/70 28/77 loss: 0.4888 time 0.32s 
2026-04-25 15:04:06,129 - INFO - Epoch 16/70 29/77 loss: 0.4879 time 0.33s 
2026-04-25 15:04:06,449 - INFO - Epoch 16/70 30/77 loss: 0.4891 time 0.32s 
2026-04-25 15:04:06,769 - INFO - Epoch 16/70 31/77 loss: 0.4945 time 0.32s 
2026-04-25 15:04:07,090 - INFO - Epoch 16/70 32/77 loss: 0.4876 time 0.32s 
2026-04-25 15:04:07,412 - INFO - Epoch 16/70 33/77 loss: 0.4819 time 0.32s 
2026-04-25 15:04:07,737 - INFO - Epoch 16/70 34/77 loss: 0.4842 time 0.32s 
2026-04-25 15:04:08,058 - INFO - Epoch 16/70 35/77 loss: 0.4833 time 0.32s 
2026-04-25 15:04:08,381 - INFO - Epoch 16/70 36/77 loss: 0.4849 time 0.32s 
2026-04-25 15:04:08,703 - INFO - Epoch 16/70 37/77 loss: 0.4800 time 0.32s 
2026-04-25 15:04:09,025 - INFO - Epoch 16/70 38/77 loss: 0.4789 time 0.32s 
2026-04-25 15:04:09,346 - INFO - Epoch 16/70 39/77 loss: 0.4799 time 0.32s 
2026-04-25 15:04:09,666 - INFO - Epoch 16/70 40/77 loss: 0.4803 time 0.32s 
2026-04-25 15:04:09,990 - INFO - Epoch 16/70 41/77 loss: 0.4901 time 0.32s 
2026-04-25 15:04:10,310 - INFO - Epoch 16/70 42/77 loss: 0.4956 time 0.32s 
2026-04-25 15:04:10,632 - INFO - Epoch 16/70 43/77 loss: 0.4917 time 0.32s 
2026-04-25 15:04:10,952 - INFO - Epoch 16/70 44/77 loss: 0.4896 time 0.32s 
2026-04-25 15:04:11,273 - INFO - Epoch 16/70 45/77 loss: 0.4915 time 0.32s 
2026-04-25 15:04:11,593 - INFO - Epoch 16/70 46/77 loss: 0.4894 time 0.32s 
2026-04-25 15:04:11,914 - INFO - Epoch 16/70 47/77 loss: 0.4899 time 0.32s 
2026-04-25 15:04:12,236 - INFO - Epoch 16/70 48/77 loss: 0.4909 time 0.32s 
2026-04-25 15:04:12,558 - INFO - Epoch 16/70 49/77 loss: 0.4926 time 0.32s 
2026-04-25 15:04:12,879 - INFO - Epoch 16/70 50/77 loss: 0.4917 time 0.32s 
2026-04-25 15:04:13,200 - INFO - Epoch 16/70 51/77 loss: 0.4901 time 0.32s 
2026-04-25 15:04:13,529 - INFO - Epoch 16/70 52/77 loss: 0.4881 time 0.33s 
2026-04-25 15:04:13,850 - INFO - Epoch 16/70 53/77 loss: 0.4928 time 0.32s 
2026-04-25 15:04:14,172 - INFO - Epoch 16/70 54/77 loss: 0.4923 time 0.32s 
2026-04-25 15:04:14,494 - INFO - Epoch 16/70 55/77 loss: 0.4889 time 0.32s 
2026-04-25 15:04:14,815 - INFO - Epoch 16/70 56/77 loss: 0.4878 time 0.32s 
2026-04-25 15:04:15,137 - INFO - Epoch 16/70 57/77 loss: 0.4888 time 0.32s 
2026-04-25 15:04:15,457 - INFO - Epoch 16/70 58/77 loss: 0.4904 time 0.32s 
2026-04-25 15:04:15,780 - INFO - Epoch 16/70 59/77 loss: 0.4919 time 0.32s 
2026-04-25 15:04:16,100 - INFO - Epoch 16/70 60/77 loss: 0.4987 time 0.32s 
2026-04-25 15:04:16,420 - INFO - Epoch 16/70 61/77 loss: 0.4963 time 0.32s 
2026-04-25 15:04:16,740 - INFO - Epoch 16/70 62/77 loss: 0.4964 time 0.32s 
2026-04-25 15:04:17,061 - INFO - Epoch 16/70 63/77 loss: 0.4964 time 0.32s 
2026-04-25 15:04:17,386 - INFO - Epoch 16/70 64/77 loss: 0.4939 time 0.32s 
2026-04-25 15:04:17,706 - INFO - Epoch 16/70 65/77 loss: 0.4948 time 0.32s 
2026-04-25 15:04:18,027 - INFO - Epoch 16/70 66/77 loss: 0.4943 time 0.32s 
2026-04-25 15:04:18,349 - INFO - Epoch 16/70 67/77 loss: 0.4927 time 0.32s 
2026-04-25 15:04:18,670 - INFO - Epoch 16/70 68/77 loss: 0.4946 time 0.32s 
2026-04-25 15:04:18,987 - INFO - Epoch 16/70 69/77 loss: 0.4951 time 0.32s 
2026-04-25 15:04:19,305 - INFO - Epoch 16/70 70/77 loss: 0.4947 time 0.32s 
2026-04-25 15:04:19,621 - INFO - Epoch 16/70 71/77 loss: 0.4928 time 0.32s 
2026-04-25 15:04:19,939 - INFO - Epoch 16/70 72/77 loss: 0.4977 time 0.32s 
2026-04-25 15:04:20,257 - INFO - Epoch 16/70 73/77 loss: 0.5010 time 0.32s 
2026-04-25 15:04:20,574 - INFO - Epoch 16/70 74/77 loss: 0.4994 time 0.32s 
2026-04-25 15:04:20,893 - INFO - Epoch 16/70 75/77 loss: 0.5003 time 0.32s 
2026-04-25 15:04:21,070 - INFO - Epoch 16/70 76/77 loss: 0.4990 time 0.18s 
2026-04-25 15:04:21,150 - INFO - Latest training  16/69 loss: 0.4990 time 25.33s  lr: 1.0000e-04
2026-04-25 15:04:21,150 - INFO - Estimated remaining training time for the current model fold 0 is 0.69 hr, running time 0.21 hr, est total time 0.90 hr 

2026-04-25 15:04:22,176 - INFO - Epoch 17/70 0/77 loss: 0.4809 time 1.03s 
2026-04-25 15:04:22,498 - INFO - Epoch 17/70 1/77 loss: 0.4815 time 0.32s 
2026-04-25 15:04:22,819 - INFO - Epoch 17/70 2/77 loss: 0.4785 time 0.32s 
2026-04-25 15:04:23,141 - INFO - Epoch 17/70 3/77 loss: 0.4519 time 0.32s 
2026-04-25 15:04:23,461 - INFO - Epoch 17/70 4/77 loss: 0.4279 time 0.32s 
2026-04-25 15:04:23,782 - INFO - Epoch 17/70 5/77 loss: 0.4655 time 0.32s 
2026-04-25 15:04:24,104 - INFO - Epoch 17/70 6/77 loss: 0.4455 time 0.32s 
2026-04-25 15:04:24,424 - INFO - Epoch 17/70 7/77 loss: 0.4271 time 0.32s 
2026-04-25 15:04:24,744 - INFO - Epoch 17/70 8/77 loss: 0.4051 time 0.32s 
2026-04-25 15:04:25,068 - INFO - Epoch 17/70 9/77 loss: 0.4109 time 0.32s 
2026-04-25 15:04:25,389 - INFO - Epoch 17/70 10/77 loss: 0.4084 time 0.32s 
2026-04-25 15:04:25,711 - INFO - Epoch 17/70 11/77 loss: 0.4016 time 0.32s 
2026-04-25 15:04:26,032 - INFO - Epoch 17/70 12/77 loss: 0.4043 time 0.32s 
2026-04-25 15:04:26,354 - INFO - Epoch 17/70 13/77 loss: 0.3936 time 0.32s 
2026-04-25 15:04:26,677 - INFO - Epoch 17/70 14/77 loss: 0.4026 time 0.32s 
2026-04-25 15:04:26,998 - INFO - Epoch 17/70 15/77 loss: 0.4249 time 0.32s 
2026-04-25 15:04:27,319 - INFO - Epoch 17/70 16/77 loss: 0.4229 time 0.32s 
2026-04-25 15:04:27,641 - INFO - Epoch 17/70 17/77 loss: 0.4167 time 0.32s 
2026-04-25 15:04:27,963 - INFO - Epoch 17/70 18/77 loss: 0.4564 time 0.32s 
2026-04-25 15:04:28,283 - INFO - Epoch 17/70 19/77 loss: 0.4544 time 0.32s 
2026-04-25 15:04:28,604 - INFO - Epoch 17/70 20/77 loss: 0.4511 time 0.32s 
2026-04-25 15:04:28,925 - INFO - Epoch 17/70 21/77 loss: 0.4518 time 0.32s 
2026-04-25 15:04:29,245 - INFO - Epoch 17/70 22/77 loss: 0.4559 time 0.32s 
2026-04-25 15:04:29,567 - INFO - Epoch 17/70 23/77 loss: 0.4566 time 0.32s 
2026-04-25 15:04:29,889 - INFO - Epoch 17/70 24/77 loss: 0.4548 time 0.32s 
2026-04-25 15:04:30,211 - INFO - Epoch 17/70 25/77 loss: 0.4507 time 0.32s 
2026-04-25 15:04:30,530 - INFO - Epoch 17/70 26/77 loss: 0.4483 time 0.32s 
2026-04-25 15:04:30,852 - INFO - Epoch 17/70 27/77 loss: 0.4415 time 0.32s 
2026-04-25 15:04:31,174 - INFO - Epoch 17/70 28/77 loss: 0.4439 time 0.32s 
2026-04-25 15:04:31,496 - INFO - Epoch 17/70 29/77 loss: 0.4342 time 0.32s 
2026-04-25 15:04:31,816 - INFO - Epoch 17/70 30/77 loss: 0.4379 time 0.32s 
2026-04-25 15:04:32,141 - INFO - Epoch 17/70 31/77 loss: 0.4431 time 0.33s 
2026-04-25 15:04:32,462 - INFO - Epoch 17/70 32/77 loss: 0.4477 time 0.32s 
2026-04-25 15:04:32,784 - INFO - Epoch 17/70 33/77 loss: 0.4600 time 0.32s 
2026-04-25 15:04:33,105 - INFO - Epoch 17/70 34/77 loss: 0.4575 time 0.32s 
2026-04-25 15:04:33,427 - INFO - Epoch 17/70 35/77 loss: 0.4621 time 0.32s 
2026-04-25 15:04:33,748 - INFO - Epoch 17/70 36/77 loss: 0.4586 time 0.32s 
2026-04-25 15:04:34,068 - INFO - Epoch 17/70 37/77 loss: 0.4623 time 0.32s 
2026-04-25 15:04:34,391 - INFO - Epoch 17/70 38/77 loss: 0.4594 time 0.32s 
2026-04-25 15:04:34,713 - INFO - Epoch 17/70 39/77 loss: 0.4592 time 0.32s 
2026-04-25 15:04:35,035 - INFO - Epoch 17/70 40/77 loss: 0.4572 time 0.32s 
2026-04-25 15:04:35,356 - INFO - Epoch 17/70 41/77 loss: 0.4595 time 0.32s 
2026-04-25 15:04:35,678 - INFO - Epoch 17/70 42/77 loss: 0.4571 time 0.32s 
2026-04-25 15:04:35,999 - INFO - Epoch 17/70 43/77 loss: 0.4577 time 0.32s 
2026-04-25 15:04:36,322 - INFO - Epoch 17/70 44/77 loss: 0.4570 time 0.32s 
2026-04-25 15:04:36,642 - INFO - Epoch 17/70 45/77 loss: 0.4600 time 0.32s 
2026-04-25 15:04:36,963 - INFO - Epoch 17/70 46/77 loss: 0.4622 time 0.32s 
2026-04-25 15:04:37,285 - INFO - Epoch 17/70 47/77 loss: 0.4613 time 0.32s 
2026-04-25 15:04:37,607 - INFO - Epoch 17/70 48/77 loss: 0.4644 time 0.32s 
2026-04-25 15:04:37,930 - INFO - Epoch 17/70 49/77 loss: 0.4607 time 0.32s 
2026-04-25 15:04:38,253 - INFO - Epoch 17/70 50/77 loss: 0.4606 time 0.32s 
2026-04-25 15:04:38,578 - INFO - Epoch 17/70 51/77 loss: 0.4632 time 0.32s 
2026-04-25 15:04:38,900 - INFO - Epoch 17/70 52/77 loss: 0.4627 time 0.32s 
2026-04-25 15:04:39,221 - INFO - Epoch 17/70 53/77 loss: 0.4620 time 0.32s 
2026-04-25 15:04:39,542 - INFO - Epoch 17/70 54/77 loss: 0.4699 time 0.32s 
2026-04-25 15:04:39,862 - INFO - Epoch 17/70 55/77 loss: 0.4686 time 0.32s 
2026-04-25 15:04:40,183 - INFO - Epoch 17/70 56/77 loss: 0.4707 time 0.32s 
2026-04-25 15:04:40,503 - INFO - Epoch 17/70 57/77 loss: 0.4745 time 0.32s 
2026-04-25 15:04:40,825 - INFO - Epoch 17/70 58/77 loss: 0.4749 time 0.32s 
2026-04-25 15:04:41,149 - INFO - Epoch 17/70 59/77 loss: 0.4742 time 0.32s 
2026-04-25 15:04:41,468 - INFO - Epoch 17/70 60/77 loss: 0.4750 time 0.32s 
2026-04-25 15:04:41,788 - INFO - Epoch 17/70 61/77 loss: 0.4758 time 0.32s 
2026-04-25 15:04:42,109 - INFO - Epoch 17/70 62/77 loss: 0.4803 time 0.32s 
2026-04-25 15:04:42,430 - INFO - Epoch 17/70 63/77 loss: 0.4770 time 0.32s 
2026-04-25 15:04:42,750 - INFO - Epoch 17/70 64/77 loss: 0.4771 time 0.32s 
2026-04-25 15:04:43,072 - INFO - Epoch 17/70 65/77 loss: 0.4771 time 0.32s 
2026-04-25 15:04:43,394 - INFO - Epoch 17/70 66/77 loss: 0.4753 time 0.32s 
2026-04-25 15:04:43,716 - INFO - Epoch 17/70 67/77 loss: 0.4740 time 0.32s 
2026-04-25 15:04:44,038 - INFO - Epoch 17/70 68/77 loss: 0.4727 time 0.32s 
2026-04-25 15:04:44,358 - INFO - Epoch 17/70 69/77 loss: 0.4775 time 0.32s 
2026-04-25 15:04:44,676 - INFO - Epoch 17/70 70/77 loss: 0.4778 time 0.32s 
2026-04-25 15:04:44,995 - INFO - Epoch 17/70 71/77 loss: 0.4808 time 0.32s 
2026-04-25 15:04:45,314 - INFO - Epoch 17/70 72/77 loss: 0.4800 time 0.32s 
2026-04-25 15:04:45,631 - INFO - Epoch 17/70 73/77 loss: 0.4785 time 0.32s 
2026-04-25 15:04:45,949 - INFO - Epoch 17/70 74/77 loss: 0.4769 time 0.32s 
2026-04-25 15:04:46,266 - INFO - Epoch 17/70 75/77 loss: 0.4766 time 0.32s 
2026-04-25 15:04:46,445 - INFO - Epoch 17/70 76/77 loss: 0.4756 time 0.18s 
2026-04-25 15:04:46,516 - INFO - Latest training  17/69 loss: 0.4756 time 25.37s  lr: 1.0000e-04
2026-04-25 15:04:46,517 - INFO - Estimated remaining training time for the current model fold 0 is 0.68 hr, running time 0.22 hr, est total time 0.90 hr 

2026-04-25 15:04:47,505 - INFO - Epoch 18/70 0/77 loss: 0.3813 time 0.99s 
2026-04-25 15:04:47,829 - INFO - Epoch 18/70 1/77 loss: 0.4237 time 0.32s 
2026-04-25 15:04:48,150 - INFO - Epoch 18/70 2/77 loss: 0.4381 time 0.32s 
2026-04-25 15:04:48,474 - INFO - Epoch 18/70 3/77 loss: 0.4905 time 0.32s 
2026-04-25 15:04:48,795 - INFO - Epoch 18/70 4/77 loss: 0.5281 time 0.32s 
2026-04-25 15:04:49,119 - INFO - Epoch 18/70 5/77 loss: 0.5175 time 0.32s 
2026-04-25 15:04:49,442 - INFO - Epoch 18/70 6/77 loss: 0.4950 time 0.32s 
2026-04-25 15:04:49,765 - INFO - Epoch 18/70 7/77 loss: 0.4722 time 0.32s 
2026-04-25 15:04:50,087 - INFO - Epoch 18/70 8/77 loss: 0.4674 time 0.32s 
2026-04-25 15:04:50,411 - INFO - Epoch 18/70 9/77 loss: 0.4961 time 0.32s 
2026-04-25 15:04:50,733 - INFO - Epoch 18/70 10/77 loss: 0.5146 time 0.32s 
2026-04-25 15:04:51,054 - INFO - Epoch 18/70 11/77 loss: 0.5038 time 0.32s 
2026-04-25 15:04:51,377 - INFO - Epoch 18/70 12/77 loss: 0.4918 time 0.32s 
2026-04-25 15:04:51,700 - INFO - Epoch 18/70 13/77 loss: 0.4868 time 0.32s 
2026-04-25 15:04:52,025 - INFO - Epoch 18/70 14/77 loss: 0.4747 time 0.32s 
2026-04-25 15:04:52,347 - INFO - Epoch 18/70 15/77 loss: 0.4723 time 0.32s 
2026-04-25 15:04:52,670 - INFO - Epoch 18/70 16/77 loss: 0.4738 time 0.32s 
2026-04-25 15:04:52,994 - INFO - Epoch 18/70 17/77 loss: 0.4829 time 0.32s 
2026-04-25 15:04:53,317 - INFO - Epoch 18/70 18/77 loss: 0.4814 time 0.32s 
2026-04-25 15:04:53,640 - INFO - Epoch 18/70 19/77 loss: 0.4847 time 0.32s 
2026-04-25 15:04:53,963 - INFO - Epoch 18/70 20/77 loss: 0.4881 time 0.32s 
2026-04-25 15:04:54,285 - INFO - Epoch 18/70 21/77 loss: 0.4860 time 0.32s 
2026-04-25 15:04:54,610 - INFO - Epoch 18/70 22/77 loss: 0.4840 time 0.32s 
2026-04-25 15:04:54,934 - INFO - Epoch 18/70 23/77 loss: 0.4789 time 0.32s 
2026-04-25 15:04:55,256 - INFO - Epoch 18/70 24/77 loss: 0.4799 time 0.32s 
2026-04-25 15:04:55,582 - INFO - Epoch 18/70 25/77 loss: 0.4807 time 0.33s 
2026-04-25 15:04:55,906 - INFO - Epoch 18/70 26/77 loss: 0.4834 time 0.32s 
2026-04-25 15:04:56,231 - INFO - Epoch 18/70 27/77 loss: 0.4841 time 0.32s 
2026-04-25 15:04:56,555 - INFO - Epoch 18/70 28/77 loss: 0.4853 time 0.32s 
2026-04-25 15:04:56,881 - INFO - Epoch 18/70 29/77 loss: 0.4794 time 0.33s 
2026-04-25 15:04:57,203 - INFO - Epoch 18/70 30/77 loss: 0.4797 time 0.32s 
2026-04-25 15:04:57,526 - INFO - Epoch 18/70 31/77 loss: 0.4820 time 0.32s 
2026-04-25 15:04:57,849 - INFO - Epoch 18/70 32/77 loss: 0.4784 time 0.32s 
2026-04-25 15:04:58,172 - INFO - Epoch 18/70 33/77 loss: 0.4828 time 0.32s 
2026-04-25 15:04:58,496 - INFO - Epoch 18/70 34/77 loss: 0.4872 time 0.32s 
2026-04-25 15:04:58,821 - INFO - Epoch 18/70 35/77 loss: 0.4855 time 0.32s 
2026-04-25 15:04:59,144 - INFO - Epoch 18/70 36/77 loss: 0.4817 time 0.32s 
2026-04-25 15:04:59,469 - INFO - Epoch 18/70 37/77 loss: 0.4799 time 0.32s 
2026-04-25 15:04:59,794 - INFO - Epoch 18/70 38/77 loss: 0.4790 time 0.33s 
2026-04-25 15:05:00,120 - INFO - Epoch 18/70 39/77 loss: 0.4794 time 0.33s 
2026-04-25 15:05:00,445 - INFO - Epoch 18/70 40/77 loss: 0.4776 time 0.32s 
2026-04-25 15:05:00,768 - INFO - Epoch 18/70 41/77 loss: 0.4778 time 0.32s 
2026-04-25 15:05:01,090 - INFO - Epoch 18/70 42/77 loss: 0.4770 time 0.32s 
2026-04-25 15:05:01,411 - INFO - Epoch 18/70 43/77 loss: 0.4728 time 0.32s 
2026-04-25 15:05:01,735 - INFO - Epoch 18/70 44/77 loss: 0.4738 time 0.32s 
2026-04-25 15:05:02,058 - INFO - Epoch 18/70 45/77 loss: 0.4694 time 0.32s 
2026-04-25 15:05:02,380 - INFO - Epoch 18/70 46/77 loss: 0.4669 time 0.32s 
2026-04-25 15:05:02,706 - INFO - Epoch 18/70 47/77 loss: 0.4685 time 0.33s 
2026-04-25 15:05:03,029 - INFO - Epoch 18/70 48/77 loss: 0.4687 time 0.32s 
2026-04-25 15:05:03,353 - INFO - Epoch 18/70 49/77 loss: 0.4654 time 0.32s 
2026-04-25 15:05:03,676 - INFO - Epoch 18/70 50/77 loss: 0.4607 time 0.32s 
2026-04-25 15:05:04,002 - INFO - Epoch 18/70 51/77 loss: 0.4633 time 0.33s 
2026-04-25 15:05:04,325 - INFO - Epoch 18/70 52/77 loss: 0.4700 time 0.32s 
2026-04-25 15:05:04,650 - INFO - Epoch 18/70 53/77 loss: 0.4668 time 0.32s 
2026-04-25 15:05:04,972 - INFO - Epoch 18/70 54/77 loss: 0.4667 time 0.32s 
2026-04-25 15:05:05,299 - INFO - Epoch 18/70 55/77 loss: 0.4663 time 0.33s 
2026-04-25 15:05:05,622 - INFO - Epoch 18/70 56/77 loss: 0.4650 time 0.32s 
2026-04-25 15:05:05,945 - INFO - Epoch 18/70 57/77 loss: 0.4711 time 0.32s 
2026-04-25 15:05:06,273 - INFO - Epoch 18/70 58/77 loss: 0.4715 time 0.33s 
2026-04-25 15:05:06,597 - INFO - Epoch 18/70 59/77 loss: 0.4679 time 0.32s 
2026-04-25 15:05:06,921 - INFO - Epoch 18/70 60/77 loss: 0.4700 time 0.32s 
2026-04-25 15:05:07,246 - INFO - Epoch 18/70 61/77 loss: 0.4710 time 0.32s 
2026-04-25 15:05:07,571 - INFO - Epoch 18/70 62/77 loss: 0.4699 time 0.32s 
2026-04-25 15:05:07,898 - INFO - Epoch 18/70 63/77 loss: 0.4699 time 0.33s 
2026-04-25 15:05:08,221 - INFO - Epoch 18/70 64/77 loss: 0.4692 time 0.32s 
2026-04-25 15:05:08,546 - INFO - Epoch 18/70 65/77 loss: 0.4681 time 0.32s 
2026-04-25 15:05:08,871 - INFO - Epoch 18/70 66/77 loss: 0.4695 time 0.32s 
2026-04-25 15:05:09,195 - INFO - Epoch 18/70 67/77 loss: 0.4696 time 0.32s 
2026-04-25 15:05:09,519 - INFO - Epoch 18/70 68/77 loss: 0.4698 time 0.32s 
2026-04-25 15:05:09,838 - INFO - Epoch 18/70 69/77 loss: 0.4689 time 0.32s 
2026-04-25 15:05:10,158 - INFO - Epoch 18/70 70/77 loss: 0.4683 time 0.32s 
2026-04-25 15:05:10,476 - INFO - Epoch 18/70 71/77 loss: 0.4670 time 0.32s 
2026-04-25 15:05:10,798 - INFO - Epoch 18/70 72/77 loss: 0.4646 time 0.32s 
2026-04-25 15:05:11,121 - INFO - Epoch 18/70 73/77 loss: 0.4629 time 0.32s 
2026-04-25 15:05:11,442 - INFO - Epoch 18/70 74/77 loss: 0.4661 time 0.32s 
2026-04-25 15:05:11,763 - INFO - Epoch 18/70 75/77 loss: 0.4640 time 0.32s 
2026-04-25 15:05:11,944 - INFO - Epoch 18/70 76/77 loss: 0.4628 time 0.18s 
2026-04-25 15:05:12,034 - INFO - Latest training  18/69 loss: 0.4628 time 25.52s  lr: 1.0000e-04
2026-04-25 15:05:12,035 - INFO - Estimated remaining training time for the current model fold 0 is 0.67 hr, running time 0.22 hr, est total time 0.90 hr 

2026-04-25 15:05:13,075 - INFO - Epoch 19/70 0/77 loss: 0.3548 time 1.04s 
2026-04-25 15:05:13,398 - INFO - Epoch 19/70 1/77 loss: 0.3890 time 0.32s 
2026-04-25 15:05:13,721 - INFO - Epoch 19/70 2/77 loss: 0.3777 time 0.32s 
2026-04-25 15:05:14,043 - INFO - Epoch 19/70 3/77 loss: 0.3756 time 0.32s 
2026-04-25 15:05:14,365 - INFO - Epoch 19/70 4/77 loss: 0.3540 time 0.32s 
2026-04-25 15:05:14,686 - INFO - Epoch 19/70 5/77 loss: 0.3526 time 0.32s 
2026-04-25 15:05:15,007 - INFO - Epoch 19/70 6/77 loss: 0.3679 time 0.32s 
2026-04-25 15:05:15,328 - INFO - Epoch 19/70 7/77 loss: 0.3722 time 0.32s 
2026-04-25 15:05:15,648 - INFO - Epoch 19/70 8/77 loss: 0.3968 time 0.32s 
2026-04-25 15:05:15,969 - INFO - Epoch 19/70 9/77 loss: 0.4010 time 0.32s 
2026-04-25 15:05:16,291 - INFO - Epoch 19/70 10/77 loss: 0.3889 time 0.32s 
2026-04-25 15:05:16,613 - INFO - Epoch 19/70 11/77 loss: 0.4114 time 0.32s 
2026-04-25 15:05:16,934 - INFO - Epoch 19/70 12/77 loss: 0.4163 time 0.32s 
2026-04-25 15:05:17,254 - INFO - Epoch 19/70 13/77 loss: 0.4202 time 0.32s 
2026-04-25 15:05:17,576 - INFO - Epoch 19/70 14/77 loss: 0.4205 time 0.32s 
2026-04-25 15:05:17,898 - INFO - Epoch 19/70 15/77 loss: 0.4153 time 0.32s 
2026-04-25 15:05:18,218 - INFO - Epoch 19/70 16/77 loss: 0.4203 time 0.32s 
2026-04-25 15:05:18,539 - INFO - Epoch 19/70 17/77 loss: 0.4181 time 0.32s 
2026-04-25 15:05:18,863 - INFO - Epoch 19/70 18/77 loss: 0.4235 time 0.32s 
2026-04-25 15:05:19,185 - INFO - Epoch 19/70 19/77 loss: 0.4275 time 0.32s 
2026-04-25 15:05:19,507 - INFO - Epoch 19/70 20/77 loss: 0.4435 time 0.32s 
2026-04-25 15:05:19,828 - INFO - Epoch 19/70 21/77 loss: 0.4400 time 0.32s 
2026-04-25 15:05:20,150 - INFO - Epoch 19/70 22/77 loss: 0.4346 time 0.32s 
2026-04-25 15:05:20,472 - INFO - Epoch 19/70 23/77 loss: 0.4419 time 0.32s 
2026-04-25 15:05:20,793 - INFO - Epoch 19/70 24/77 loss: 0.4414 time 0.32s 
2026-04-25 15:05:21,113 - INFO - Epoch 19/70 25/77 loss: 0.4322 time 0.32s 
2026-04-25 15:05:21,435 - INFO - Epoch 19/70 26/77 loss: 0.4357 time 0.32s 
2026-04-25 15:05:21,755 - INFO - Epoch 19/70 27/77 loss: 0.4402 time 0.32s 
2026-04-25 15:05:22,077 - INFO - Epoch 19/70 28/77 loss: 0.4423 time 0.32s 
2026-04-25 15:05:22,399 - INFO - Epoch 19/70 29/77 loss: 0.4394 time 0.32s 
2026-04-25 15:05:22,720 - INFO - Epoch 19/70 30/77 loss: 0.4371 time 0.32s 
2026-04-25 15:05:23,040 - INFO - Epoch 19/70 31/77 loss: 0.4390 time 0.32s 
2026-04-25 15:05:23,361 - INFO - Epoch 19/70 32/77 loss: 0.4457 time 0.32s 
2026-04-25 15:05:23,681 - INFO - Epoch 19/70 33/77 loss: 0.4517 time 0.32s 
2026-04-25 15:05:24,003 - INFO - Epoch 19/70 34/77 loss: 0.4531 time 0.32s 
2026-04-25 15:05:24,324 - INFO - Epoch 19/70 35/77 loss: 0.4485 time 0.32s 
2026-04-25 15:05:24,645 - INFO - Epoch 19/70 36/77 loss: 0.4485 time 0.32s 
2026-04-25 15:05:24,966 - INFO - Epoch 19/70 37/77 loss: 0.4477 time 0.32s 
2026-04-25 15:05:25,287 - INFO - Epoch 19/70 38/77 loss: 0.4455 time 0.32s 
2026-04-25 15:05:25,608 - INFO - Epoch 19/70 39/77 loss: 0.4412 time 0.32s 
2026-04-25 15:05:25,929 - INFO - Epoch 19/70 40/77 loss: 0.4381 time 0.32s 
2026-04-25 15:05:26,251 - INFO - Epoch 19/70 41/77 loss: 0.4403 time 0.32s 
2026-04-25 15:05:26,572 - INFO - Epoch 19/70 42/77 loss: 0.4402 time 0.32s 
2026-04-25 15:05:26,894 - INFO - Epoch 19/70 43/77 loss: 0.4399 time 0.32s 
2026-04-25 15:05:27,218 - INFO - Epoch 19/70 44/77 loss: 0.4398 time 0.32s 
2026-04-25 15:05:27,541 - INFO - Epoch 19/70 45/77 loss: 0.4421 time 0.32s 
2026-04-25 15:05:27,861 - INFO - Epoch 19/70 46/77 loss: 0.4396 time 0.32s 
2026-04-25 15:05:28,183 - INFO - Epoch 19/70 47/77 loss: 0.4362 time 0.32s 
2026-04-25 15:05:28,505 - INFO - Epoch 19/70 48/77 loss: 0.4377 time 0.32s 
2026-04-25 15:05:28,829 - INFO - Epoch 19/70 49/77 loss: 0.4347 time 0.32s 
2026-04-25 15:05:29,150 - INFO - Epoch 19/70 50/77 loss: 0.4358 time 0.32s 
2026-04-25 15:05:29,471 - INFO - Epoch 19/70 51/77 loss: 0.4339 time 0.32s 
2026-04-25 15:05:29,794 - INFO - Epoch 19/70 52/77 loss: 0.4338 time 0.32s 
2026-04-25 15:05:30,114 - INFO - Epoch 19/70 53/77 loss: 0.4359 time 0.32s 
2026-04-25 15:05:30,436 - INFO - Epoch 19/70 54/77 loss: 0.4444 time 0.32s 
2026-04-25 15:05:30,758 - INFO - Epoch 19/70 55/77 loss: 0.4447 time 0.32s 
2026-04-25 15:05:31,078 - INFO - Epoch 19/70 56/77 loss: 0.4421 time 0.32s 
2026-04-25 15:05:31,400 - INFO - Epoch 19/70 57/77 loss: 0.4406 time 0.32s 
2026-04-25 15:05:31,722 - INFO - Epoch 19/70 58/77 loss: 0.4455 time 0.32s 
2026-04-25 15:05:32,043 - INFO - Epoch 19/70 59/77 loss: 0.4458 time 0.32s 
2026-04-25 15:05:32,365 - INFO - Epoch 19/70 60/77 loss: 0.4482 time 0.32s 
2026-04-25 15:05:32,685 - INFO - Epoch 19/70 61/77 loss: 0.4507 time 0.32s 
2026-04-25 15:05:33,006 - INFO - Epoch 19/70 62/77 loss: 0.4559 time 0.32s 
2026-04-25 15:05:33,328 - INFO - Epoch 19/70 63/77 loss: 0.4579 time 0.32s 
2026-04-25 15:05:33,649 - INFO - Epoch 19/70 64/77 loss: 0.4649 time 0.32s 
2026-04-25 15:05:33,968 - INFO - Epoch 19/70 65/77 loss: 0.4608 time 0.32s 
2026-04-25 15:05:34,292 - INFO - Epoch 19/70 66/77 loss: 0.4640 time 0.32s 
2026-04-25 15:05:34,612 - INFO - Epoch 19/70 67/77 loss: 0.4635 time 0.32s 
2026-04-25 15:05:34,933 - INFO - Epoch 19/70 68/77 loss: 0.4648 time 0.32s 
2026-04-25 15:05:35,251 - INFO - Epoch 19/70 69/77 loss: 0.4637 time 0.32s 
2026-04-25 15:05:35,569 - INFO - Epoch 19/70 70/77 loss: 0.4643 time 0.32s 
2026-04-25 15:05:35,887 - INFO - Epoch 19/70 71/77 loss: 0.4614 time 0.32s 
2026-04-25 15:05:36,204 - INFO - Epoch 19/70 72/77 loss: 0.4595 time 0.32s 
2026-04-25 15:05:36,520 - INFO - Epoch 19/70 73/77 loss: 0.4609 time 0.32s 
2026-04-25 15:05:36,838 - INFO - Epoch 19/70 74/77 loss: 0.4603 time 0.32s 
2026-04-25 15:05:37,155 - INFO - Epoch 19/70 75/77 loss: 0.4630 time 0.32s 
2026-04-25 15:05:37,336 - INFO - Epoch 19/70 76/77 loss: 0.4613 time 0.18s 
2026-04-25 15:05:37,419 - INFO - Latest training  19/69 loss: 0.4613 time 25.38s  lr: 1.0000e-04
2026-04-25 15:05:42,831 - INFO - Val 19/70 0/30 loss: 0.8098 acc 0.7297592997811816  time 5.40s
2026-04-25 15:05:46,413 - INFO - Val 19/70 1/30 loss: 0.5550 acc 0.8708920187793427  time 3.58s
2026-04-25 15:05:50,042 - INFO - Val 19/70 2/30 loss: 0.5196 acc 0.8246376811594203  time 3.63s
2026-04-25 15:05:53,560 - INFO - Val 19/70 3/30 loss: 0.3927 acc 0.8670886075949367  time 3.52s
2026-04-25 15:05:57,149 - INFO - Val 19/70 4/30 loss: 0.4147 acc 0.815359477124183  time 3.59s
2026-04-25 15:06:00,854 - INFO - Val 19/70 5/30 loss: 0.7053 acc 0.8455377574370709  time 3.71s
2026-04-25 15:06:04,503 - INFO - Val 19/70 6/30 loss: 0.6698 acc 0.7692307692307693  time 3.65s
2026-04-25 15:06:08,051 - INFO - Val 19/70 7/30 loss: 0.3294 acc 0.8926380368098159  time 3.55s
2026-04-25 15:06:11,744 - INFO - Val 19/70 8/30 loss: 0.8196 acc 0.8316953316953317  time 3.69s
2026-04-25 15:06:15,394 - INFO - Val 19/70 9/30 loss: 0.5193 acc 0.8796433878157504  time 3.65s
2026-04-25 15:06:18,945 - INFO - Val 19/70 10/30 loss: 0.3355 acc 0.8743589743589744  time 3.55s
2026-04-25 15:06:22,523 - INFO - Val 19/70 11/30 loss: 0.3719 acc 0.8777777777777778  time 3.58s
2026-04-25 15:06:26,020 - INFO - Val 19/70 12/30 loss: 0.3479 acc 0.7963636363636364  time 3.50s
2026-04-25 15:06:29,680 - INFO - Val 19/70 13/30 loss: 0.6087 acc 0.8654124457308249  time 3.66s
2026-04-25 15:06:33,168 - INFO - Val 19/70 14/30 loss: 0.2165 acc 0.7933333333333333  time 3.49s
2026-04-25 15:06:36,716 - INFO - Val 19/70 15/30 loss: 0.3132 acc 0.8607594936708861  time 3.55s
2026-04-25 15:06:40,409 - INFO - Val 19/70 16/30 loss: 0.5869 acc 0.8803894297635605  time 3.69s
2026-04-25 15:06:44,007 - INFO - Val 19/70 17/30 loss: 0.4384 acc 0.7992895204262878  time 3.60s
2026-04-25 15:06:47,572 - INFO - Val 19/70 18/30 loss: 0.5851 acc 0.7930327868852459  time 3.56s
2026-04-25 15:06:51,160 - INFO - Val 19/70 19/30 loss: 0.4450 acc 0.847870182555781  time 3.59s
2026-04-25 15:06:54,744 - INFO - Val 19/70 20/30 loss: 0.2883 acc 0.8983364140480592  time 3.58s
2026-04-25 15:06:58,337 - INFO - Val 19/70 21/30 loss: 0.2567 acc 0.9243542435424354  time 3.59s
2026-04-25 15:07:01,812 - INFO - Val 19/70 22/30 loss: 0.2147 acc 0.9083969465648855  time 3.47s
2026-04-25 15:07:05,513 - INFO - Val 19/70 23/30 loss: 0.4920 acc 0.8688981868898187  time 3.70s
2026-04-25 15:07:09,078 - INFO - Val 19/70 24/30 loss: 0.2503 acc 0.9008264462809917  time 3.57s
2026-04-25 15:07:12,605 - INFO - Val 19/70 25/30 loss: 0.4282 acc 0.7358024691358025  time 3.53s
2026-04-25 15:07:16,397 - INFO - Val 19/70 26/30 loss: 0.7879 acc 0.8520408163265306  time 3.79s
2026-04-25 15:07:19,959 - INFO - Val 19/70 27/30 loss: 0.5860 acc 0.7318435754189944  time 3.56s
2026-04-25 15:07:23,625 - INFO - Val 19/70 28/30 loss: 0.5085 acc 0.8618233618233618  time 3.67s
2026-04-25 15:07:27,169 - INFO - Val 19/70 29/30 loss: 0.3341 acc 0.8106796116504854  time 3.54s
2026-04-25 15:07:27,249 - INFO - Latest validation 19/69 loss: 0.4710 acc_avg: 0.8403 acc: 0.8402692079544067 time: 109.83s
2026-04-25 15:07:27,250 - INFO - New best metric (0.833912 --> 0.840269). 
2026-04-25 15:07:31,005 - INFO - Saving checkpoint process: ./models/puma/model.pt, {'epoch': 19, 'best_metric': 0.8402692079544067}, save_time 3.75s
2026-04-25 15:07:31,008 - INFO - Progress: best_avg_score_epoch: 19, best_avg_score: 0.8402692079544067, save_time: 3.7547359466552734, time: 0.26 hr, train_time: 25.38s, validation_time: 109.83s, epoch_time: 135.21s, model: ./models/puma/model.pt, date: 2026-04-25 15:07:31
2026-04-25 15:07:34,653 - INFO - Estimated remaining training time for the current model fold 0 is 0.63 hr, running time 0.26 hr, est total time 0.90 hr 

2026-04-25 15:07:35,682 - INFO - Epoch 20/70 0/77 loss: 0.3276 time 1.03s 
2026-04-25 15:07:36,003 - INFO - Epoch 20/70 1/77 loss: 0.4512 time 0.32s 
2026-04-25 15:07:36,322 - INFO - Epoch 20/70 2/77 loss: 0.4322 time 0.32s 
2026-04-25 15:07:36,645 - INFO - Epoch 20/70 3/77 loss: 0.4561 time 0.32s 
2026-04-25 15:07:36,966 - INFO - Epoch 20/70 4/77 loss: 0.4959 time 0.32s 
2026-04-25 15:07:37,287 - INFO - Epoch 20/70 5/77 loss: 0.4761 time 0.32s 
2026-04-25 15:07:37,608 - INFO - Epoch 20/70 6/77 loss: 0.4894 time 0.32s 
2026-04-25 15:07:37,928 - INFO - Epoch 20/70 7/77 loss: 0.4696 time 0.32s 
2026-04-25 15:07:38,250 - INFO - Epoch 20/70 8/77 loss: 0.4672 time 0.32s 
2026-04-25 15:07:38,572 - INFO - Epoch 20/70 9/77 loss: 0.4727 time 0.32s 
2026-04-25 15:07:38,893 - INFO - Epoch 20/70 10/77 loss: 0.4682 time 0.32s 
2026-04-25 15:07:39,214 - INFO - Epoch 20/70 11/77 loss: 0.4556 time 0.32s 
2026-04-25 15:07:39,534 - INFO - Epoch 20/70 12/77 loss: 0.4442 time 0.32s 
2026-04-25 15:07:39,854 - INFO - Epoch 20/70 13/77 loss: 0.4419 time 0.32s 
2026-04-25 15:07:40,174 - INFO - Epoch 20/70 14/77 loss: 0.4419 time 0.32s 
2026-04-25 15:07:40,494 - INFO - Epoch 20/70 15/77 loss: 0.4385 time 0.32s 
2026-04-25 15:07:40,813 - INFO - Epoch 20/70 16/77 loss: 0.4576 time 0.32s 
2026-04-25 15:07:41,133 - INFO - Epoch 20/70 17/77 loss: 0.4569 time 0.32s 
2026-04-25 15:07:41,455 - INFO - Epoch 20/70 18/77 loss: 0.4607 time 0.32s 
2026-04-25 15:07:41,775 - INFO - Epoch 20/70 19/77 loss: 0.4659 time 0.32s 
2026-04-25 15:07:42,095 - INFO - Epoch 20/70 20/77 loss: 0.4638 time 0.32s 
2026-04-25 15:07:42,414 - INFO - Epoch 20/70 21/77 loss: 0.4610 time 0.32s 
2026-04-25 15:07:42,734 - INFO - Epoch 20/70 22/77 loss: 0.4668 time 0.32s 
2026-04-25 15:07:43,053 - INFO - Epoch 20/70 23/77 loss: 0.4791 time 0.32s 
2026-04-25 15:07:43,373 - INFO - Epoch 20/70 24/77 loss: 0.4956 time 0.32s 
2026-04-25 15:07:43,694 - INFO - Epoch 20/70 25/77 loss: 0.4900 time 0.32s 
2026-04-25 15:07:44,016 - INFO - Epoch 20/70 26/77 loss: 0.4980 time 0.32s 
2026-04-25 15:07:44,335 - INFO - Epoch 20/70 27/77 loss: 0.4969 time 0.32s 
2026-04-25 15:07:44,657 - INFO - Epoch 20/70 28/77 loss: 0.4961 time 0.32s 
2026-04-25 15:07:44,978 - INFO - Epoch 20/70 29/77 loss: 0.4978 time 0.32s 
2026-04-25 15:07:45,299 - INFO - Epoch 20/70 30/77 loss: 0.4987 time 0.32s 
2026-04-25 15:07:45,619 - INFO - Epoch 20/70 31/77 loss: 0.4977 time 0.32s 
2026-04-25 15:07:45,939 - INFO - Epoch 20/70 32/77 loss: 0.4919 time 0.32s 
2026-04-25 15:07:46,261 - INFO - Epoch 20/70 33/77 loss: 0.4904 time 0.32s 
2026-04-25 15:07:46,583 - INFO - Epoch 20/70 34/77 loss: 0.4879 time 0.32s 
2026-04-25 15:07:46,904 - INFO - Epoch 20/70 35/77 loss: 0.4947 time 0.32s 
2026-04-25 15:07:47,223 - INFO - Epoch 20/70 36/77 loss: 0.4921 time 0.32s 
2026-04-25 15:07:47,543 - INFO - Epoch 20/70 37/77 loss: 0.4922 time 0.32s 
2026-04-25 15:07:47,865 - INFO - Epoch 20/70 38/77 loss: 0.4864 time 0.32s 
2026-04-25 15:07:48,187 - INFO - Epoch 20/70 39/77 loss: 0.4947 time 0.32s 
2026-04-25 15:07:48,509 - INFO - Epoch 20/70 40/77 loss: 0.4960 time 0.32s 
2026-04-25 15:07:48,830 - INFO - Epoch 20/70 41/77 loss: 0.4991 time 0.32s 
2026-04-25 15:07:49,151 - INFO - Epoch 20/70 42/77 loss: 0.4961 time 0.32s 
2026-04-25 15:07:49,470 - INFO - Epoch 20/70 43/77 loss: 0.4969 time 0.32s 
2026-04-25 15:07:49,792 - INFO - Epoch 20/70 44/77 loss: 0.4951 time 0.32s 
2026-04-25 15:07:50,112 - INFO - Epoch 20/70 45/77 loss: 0.4934 time 0.32s 
2026-04-25 15:07:50,434 - INFO - Epoch 20/70 46/77 loss: 0.4987 time 0.32s 
2026-04-25 15:07:50,757 - INFO - Epoch 20/70 47/77 loss: 0.5017 time 0.32s 
2026-04-25 15:07:51,078 - INFO - Epoch 20/70 48/77 loss: 0.4999 time 0.32s 
2026-04-25 15:07:51,397 - INFO - Epoch 20/70 49/77 loss: 0.5031 time 0.32s 
2026-04-25 15:07:51,718 - INFO - Epoch 20/70 50/77 loss: 0.4987 time 0.32s 
2026-04-25 15:07:52,040 - INFO - Epoch 20/70 51/77 loss: 0.4965 time 0.32s 
2026-04-25 15:07:52,361 - INFO - Epoch 20/70 52/77 loss: 0.4926 time 0.32s 
2026-04-25 15:07:52,681 - INFO - Epoch 20/70 53/77 loss: 0.4920 time 0.32s 
2026-04-25 15:07:53,001 - INFO - Epoch 20/70 54/77 loss: 0.4881 time 0.32s 
2026-04-25 15:07:53,324 - INFO - Epoch 20/70 55/77 loss: 0.4905 time 0.32s 
2026-04-25 15:07:53,644 - INFO - Epoch 20/70 56/77 loss: 0.4890 time 0.32s 
2026-04-25 15:07:53,965 - INFO - Epoch 20/70 57/77 loss: 0.4883 time 0.32s 
2026-04-25 15:07:54,286 - INFO - Epoch 20/70 58/77 loss: 0.4839 time 0.32s 
2026-04-25 15:07:54,609 - INFO - Epoch 20/70 59/77 loss: 0.4817 time 0.32s 
2026-04-25 15:07:54,931 - INFO - Epoch 20/70 60/77 loss: 0.4823 time 0.32s 
2026-04-25 15:07:55,253 - INFO - Epoch 20/70 61/77 loss: 0.4826 time 0.32s 
2026-04-25 15:07:55,574 - INFO - Epoch 20/70 62/77 loss: 0.4824 time 0.32s 
2026-04-25 15:07:55,895 - INFO - Epoch 20/70 63/77 loss: 0.4870 time 0.32s 
2026-04-25 15:07:56,214 - INFO - Epoch 20/70 64/77 loss: 0.4833 time 0.32s 
2026-04-25 15:07:56,537 - INFO - Epoch 20/70 65/77 loss: 0.4790 time 0.32s 
2026-04-25 15:07:56,858 - INFO - Epoch 20/70 66/77 loss: 0.4770 time 0.32s 
2026-04-25 15:07:57,179 - INFO - Epoch 20/70 67/77 loss: 0.4737 time 0.32s 
2026-04-25 15:07:57,498 - INFO - Epoch 20/70 68/77 loss: 0.4722 time 0.32s 
2026-04-25 15:07:57,815 - INFO - Epoch 20/70 69/77 loss: 0.4710 time 0.32s 
2026-04-25 15:07:58,132 - INFO - Epoch 20/70 70/77 loss: 0.4700 time 0.32s 
2026-04-25 15:07:58,449 - INFO - Epoch 20/70 71/77 loss: 0.4693 time 0.32s 
2026-04-25 15:07:58,765 - INFO - Epoch 20/70 72/77 loss: 0.4675 time 0.32s 
2026-04-25 15:07:59,083 - INFO - Epoch 20/70 73/77 loss: 0.4669 time 0.32s 
2026-04-25 15:07:59,400 - INFO - Epoch 20/70 74/77 loss: 0.4676 time 0.32s 
2026-04-25 15:07:59,718 - INFO - Epoch 20/70 75/77 loss: 0.4689 time 0.32s 
2026-04-25 15:07:59,895 - INFO - Epoch 20/70 76/77 loss: 0.4670 time 0.18s 
2026-04-25 15:07:59,977 - INFO - Latest training  20/69 loss: 0.4670 time 25.32s  lr: 1.0000e-04
2026-04-25 15:07:59,978 - INFO - Estimated remaining training time for the current model fold 0 is 0.63 hr, running time 0.27 hr, est total time 0.90 hr 

2026-04-25 15:08:00,956 - INFO - Epoch 21/70 0/77 loss: 0.3743 time 0.98s 
2026-04-25 15:08:01,276 - INFO - Epoch 21/70 1/77 loss: 0.3699 time 0.32s 
2026-04-25 15:08:01,598 - INFO - Epoch 21/70 2/77 loss: 0.4493 time 0.32s 
2026-04-25 15:08:01,921 - INFO - Epoch 21/70 3/77 loss: 0.4446 time 0.32s 
2026-04-25 15:08:02,241 - INFO - Epoch 21/70 4/77 loss: 0.4363 time 0.32s 
2026-04-25 15:08:02,562 - INFO - Epoch 21/70 5/77 loss: 0.5038 time 0.32s 
2026-04-25 15:08:02,883 - INFO - Epoch 21/70 6/77 loss: 0.5176 time 0.32s 
2026-04-25 15:08:03,203 - INFO - Epoch 21/70 7/77 loss: 0.5292 time 0.32s 
2026-04-25 15:08:03,525 - INFO - Epoch 21/70 8/77 loss: 0.5131 time 0.32s 
2026-04-25 15:08:03,845 - INFO - Epoch 21/70 9/77 loss: 0.5144 time 0.32s 
2026-04-25 15:08:04,166 - INFO - Epoch 21/70 10/77 loss: 0.5026 time 0.32s 
2026-04-25 15:08:04,486 - INFO - Epoch 21/70 11/77 loss: 0.4999 time 0.32s 
2026-04-25 15:08:04,808 - INFO - Epoch 21/70 12/77 loss: 0.4858 time 0.32s 
2026-04-25 15:08:05,128 - INFO - Epoch 21/70 13/77 loss: 0.4825 time 0.32s 
2026-04-25 15:08:05,448 - INFO - Epoch 21/70 14/77 loss: 0.4790 time 0.32s 
2026-04-25 15:08:05,771 - INFO - Epoch 21/70 15/77 loss: 0.4822 time 0.32s 
2026-04-25 15:08:06,091 - INFO - Epoch 21/70 16/77 loss: 0.4872 time 0.32s 
2026-04-25 15:08:06,413 - INFO - Epoch 21/70 17/77 loss: 0.4923 time 0.32s 
2026-04-25 15:08:06,733 - INFO - Epoch 21/70 18/77 loss: 0.5181 time 0.32s 
2026-04-25 15:08:07,055 - INFO - Epoch 21/70 19/77 loss: 0.5094 time 0.32s 
2026-04-25 15:08:07,374 - INFO - Epoch 21/70 20/77 loss: 0.5022 time 0.32s 
2026-04-25 15:08:07,695 - INFO - Epoch 21/70 21/77 loss: 0.5072 time 0.32s 
2026-04-25 15:08:08,016 - INFO - Epoch 21/70 22/77 loss: 0.4985 time 0.32s 
2026-04-25 15:08:08,337 - INFO - Epoch 21/70 23/77 loss: 0.4995 time 0.32s 
2026-04-25 15:08:08,657 - INFO - Epoch 21/70 24/77 loss: 0.4978 time 0.32s 
2026-04-25 15:08:08,979 - INFO - Epoch 21/70 25/77 loss: 0.4894 time 0.32s 
2026-04-25 15:08:09,298 - INFO - Epoch 21/70 26/77 loss: 0.4990 time 0.32s 
2026-04-25 15:08:09,622 - INFO - Epoch 21/70 27/77 loss: 0.5056 time 0.32s 
2026-04-25 15:08:09,942 - INFO - Epoch 21/70 28/77 loss: 0.5026 time 0.32s 
2026-04-25 15:08:10,263 - INFO - Epoch 21/70 29/77 loss: 0.4945 time 0.32s 
2026-04-25 15:08:10,582 - INFO - Epoch 21/70 30/77 loss: 0.4866 time 0.32s 
2026-04-25 15:08:10,902 - INFO - Epoch 21/70 31/77 loss: 0.4795 time 0.32s 
2026-04-25 15:08:11,222 - INFO - Epoch 21/70 32/77 loss: 0.4801 time 0.32s 
2026-04-25 15:08:11,543 - INFO - Epoch 21/70 33/77 loss: 0.4776 time 0.32s 
2026-04-25 15:08:11,864 - INFO - Epoch 21/70 34/77 loss: 0.4754 time 0.32s 
2026-04-25 15:08:12,183 - INFO - Epoch 21/70 35/77 loss: 0.4781 time 0.32s 
2026-04-25 15:08:12,504 - INFO - Epoch 21/70 36/77 loss: 0.4820 time 0.32s 
2026-04-25 15:08:12,825 - INFO - Epoch 21/70 37/77 loss: 0.4745 time 0.32s 
2026-04-25 15:08:13,145 - INFO - Epoch 21/70 38/77 loss: 0.4734 time 0.32s 
2026-04-25 15:08:13,466 - INFO - Epoch 21/70 39/77 loss: 0.4694 time 0.32s 
2026-04-25 15:08:13,787 - INFO - Epoch 21/70 40/77 loss: 0.4669 time 0.32s 
2026-04-25 15:08:14,108 - INFO - Epoch 21/70 41/77 loss: 0.4721 time 0.32s 
2026-04-25 15:08:14,428 - INFO - Epoch 21/70 42/77 loss: 0.4761 time 0.32s 
2026-04-25 15:08:14,750 - INFO - Epoch 21/70 43/77 loss: 0.4757 time 0.32s 
2026-04-25 15:08:15,072 - INFO - Epoch 21/70 44/77 loss: 0.4716 time 0.32s 
2026-04-25 15:08:15,393 - INFO - Epoch 21/70 45/77 loss: 0.4700 time 0.32s 
2026-04-25 15:08:15,713 - INFO - Epoch 21/70 46/77 loss: 0.4759 time 0.32s 
2026-04-25 15:08:16,033 - INFO - Epoch 21/70 47/77 loss: 0.4744 time 0.32s 
2026-04-25 15:08:16,353 - INFO - Epoch 21/70 48/77 loss: 0.4743 time 0.32s 
2026-04-25 15:08:16,673 - INFO - Epoch 21/70 49/77 loss: 0.4705 time 0.32s 
2026-04-25 15:08:16,994 - INFO - Epoch 21/70 50/77 loss: 0.4720 time 0.32s 
2026-04-25 15:08:17,315 - INFO - Epoch 21/70 51/77 loss: 0.4735 time 0.32s 
2026-04-25 15:08:17,635 - INFO - Epoch 21/70 52/77 loss: 0.4703 time 0.32s 
2026-04-25 15:08:17,956 - INFO - Epoch 21/70 53/77 loss: 0.4733 time 0.32s 
2026-04-25 15:08:18,278 - INFO - Epoch 21/70 54/77 loss: 0.4721 time 0.32s 
2026-04-25 15:08:18,599 - INFO - Epoch 21/70 55/77 loss: 0.4711 time 0.32s 
2026-04-25 15:08:18,922 - INFO - Epoch 21/70 56/77 loss: 0.4761 time 0.32s 
2026-04-25 15:08:19,243 - INFO - Epoch 21/70 57/77 loss: 0.4777 time 0.32s 
2026-04-25 15:08:19,565 - INFO - Epoch 21/70 58/77 loss: 0.4773 time 0.32s 
2026-04-25 15:08:19,884 - INFO - Epoch 21/70 59/77 loss: 0.4764 time 0.32s 
2026-04-25 15:08:20,204 - INFO - Epoch 21/70 60/77 loss: 0.4739 time 0.32s 
2026-04-25 15:08:20,524 - INFO - Epoch 21/70 61/77 loss: 0.4766 time 0.32s 
2026-04-25 15:08:20,846 - INFO - Epoch 21/70 62/77 loss: 0.4782 time 0.32s 
2026-04-25 15:08:21,168 - INFO - Epoch 21/70 63/77 loss: 0.4761 time 0.32s 
2026-04-25 15:08:21,489 - INFO - Epoch 21/70 64/77 loss: 0.4779 time 0.32s 
2026-04-25 15:08:21,809 - INFO - Epoch 21/70 65/77 loss: 0.4757 time 0.32s 
2026-04-25 15:08:22,131 - INFO - Epoch 21/70 66/77 loss: 0.4727 time 0.32s 
2026-04-25 15:08:22,451 - INFO - Epoch 21/70 67/77 loss: 0.4741 time 0.32s 
2026-04-25 15:08:22,771 - INFO - Epoch 21/70 68/77 loss: 0.4753 time 0.32s 
2026-04-25 15:08:23,089 - INFO - Epoch 21/70 69/77 loss: 0.4771 time 0.32s 
2026-04-25 15:08:23,406 - INFO - Epoch 21/70 70/77 loss: 0.4747 time 0.32s 
2026-04-25 15:08:23,722 - INFO - Epoch 21/70 71/77 loss: 0.4765 time 0.32s 
2026-04-25 15:08:24,036 - INFO - Epoch 21/70 72/77 loss: 0.4765 time 0.31s 
2026-04-25 15:08:24,352 - INFO - Epoch 21/70 73/77 loss: 0.4741 time 0.32s 
2026-04-25 15:08:24,668 - INFO - Epoch 21/70 74/77 loss: 0.4720 time 0.32s 
2026-04-25 15:08:24,985 - INFO - Epoch 21/70 75/77 loss: 0.4718 time 0.32s 
2026-04-25 15:08:25,162 - INFO - Epoch 21/70 76/77 loss: 0.4727 time 0.18s 
2026-04-25 15:08:25,251 - INFO - Latest training  21/69 loss: 0.4727 time 25.27s  lr: 1.0000e-04
2026-04-25 15:08:25,251 - INFO - Estimated remaining training time for the current model fold 0 is 0.62 hr, running time 0.28 hr, est total time 0.90 hr 

2026-04-25 15:08:26,352 - INFO - Epoch 22/70 0/77 loss: 0.7995 time 1.10s 
2026-04-25 15:08:26,676 - INFO - Epoch 22/70 1/77 loss: 0.6476 time 0.32s 
2026-04-25 15:08:26,996 - INFO - Epoch 22/70 2/77 loss: 0.6978 time 0.32s 
2026-04-25 15:08:27,317 - INFO - Epoch 22/70 3/77 loss: 0.6912 time 0.32s 
2026-04-25 15:08:27,636 - INFO - Epoch 22/70 4/77 loss: 0.6315 time 0.32s 
2026-04-25 15:08:27,957 - INFO - Epoch 22/70 5/77 loss: 0.6039 time 0.32s 
2026-04-25 15:08:28,277 - INFO - Epoch 22/70 6/77 loss: 0.5729 time 0.32s 
2026-04-25 15:08:28,597 - INFO - Epoch 22/70 7/77 loss: 0.5573 time 0.32s 
2026-04-25 15:08:28,918 - INFO - Epoch 22/70 8/77 loss: 0.5429 time 0.32s 
2026-04-25 15:08:29,237 - INFO - Epoch 22/70 9/77 loss: 0.5284 time 0.32s 
2026-04-25 15:08:29,558 - INFO - Epoch 22/70 10/77 loss: 0.5263 time 0.32s 
2026-04-25 15:08:29,876 - INFO - Epoch 22/70 11/77 loss: 0.5347 time 0.32s 
2026-04-25 15:08:30,196 - INFO - Epoch 22/70 12/77 loss: 0.5269 time 0.32s 
2026-04-25 15:08:30,518 - INFO - Epoch 22/70 13/77 loss: 0.5215 time 0.32s 
2026-04-25 15:08:30,839 - INFO - Epoch 22/70 14/77 loss: 0.5247 time 0.32s 
2026-04-25 15:08:31,161 - INFO - Epoch 22/70 15/77 loss: 0.5146 time 0.32s 
2026-04-25 15:08:31,484 - INFO - Epoch 22/70 16/77 loss: 0.5176 time 0.32s 
2026-04-25 15:08:31,804 - INFO - Epoch 22/70 17/77 loss: 0.5191 time 0.32s 
2026-04-25 15:08:32,127 - INFO - Epoch 22/70 18/77 loss: 0.5187 time 0.32s 
2026-04-25 15:08:32,447 - INFO - Epoch 22/70 19/77 loss: 0.5210 time 0.32s 
2026-04-25 15:08:32,767 - INFO - Epoch 22/70 20/77 loss: 0.5254 time 0.32s 
2026-04-25 15:08:33,088 - INFO - Epoch 22/70 21/77 loss: 0.5331 time 0.32s 
2026-04-25 15:08:33,410 - INFO - Epoch 22/70 22/77 loss: 0.5337 time 0.32s 
2026-04-25 15:08:33,731 - INFO - Epoch 22/70 23/77 loss: 0.5365 time 0.32s 
2026-04-25 15:08:34,052 - INFO - Epoch 22/70 24/77 loss: 0.5293 time 0.32s 
2026-04-25 15:08:34,374 - INFO - Epoch 22/70 25/77 loss: 0.5311 time 0.32s 
2026-04-25 15:08:34,695 - INFO - Epoch 22/70 26/77 loss: 0.5195 time 0.32s 
2026-04-25 15:08:35,015 - INFO - Epoch 22/70 27/77 loss: 0.5161 time 0.32s 
2026-04-25 15:08:35,335 - INFO - Epoch 22/70 28/77 loss: 0.5131 time 0.32s 
2026-04-25 15:08:35,656 - INFO - Epoch 22/70 29/77 loss: 0.5105 time 0.32s 
2026-04-25 15:08:35,978 - INFO - Epoch 22/70 30/77 loss: 0.5078 time 0.32s 
2026-04-25 15:08:36,296 - INFO - Epoch 22/70 31/77 loss: 0.5111 time 0.32s 
2026-04-25 15:08:36,615 - INFO - Epoch 22/70 32/77 loss: 0.5089 time 0.32s 
2026-04-25 15:08:36,938 - INFO - Epoch 22/70 33/77 loss: 0.5081 time 0.32s 
2026-04-25 15:08:37,258 - INFO - Epoch 22/70 34/77 loss: 0.5060 time 0.32s 
2026-04-25 15:08:37,577 - INFO - Epoch 22/70 35/77 loss: 0.5047 time 0.32s 
2026-04-25 15:08:37,895 - INFO - Epoch 22/70 36/77 loss: 0.5040 time 0.32s 
2026-04-25 15:08:38,215 - INFO - Epoch 22/70 37/77 loss: 0.4972 time 0.32s 
2026-04-25 15:08:38,536 - INFO - Epoch 22/70 38/77 loss: 0.4913 time 0.32s 
2026-04-25 15:08:38,855 - INFO - Epoch 22/70 39/77 loss: 0.4931 time 0.32s 
2026-04-25 15:08:39,176 - INFO - Epoch 22/70 40/77 loss: 0.4992 time 0.32s 
2026-04-25 15:08:39,496 - INFO - Epoch 22/70 41/77 loss: 0.4999 time 0.32s 
2026-04-25 15:08:39,821 - INFO - Epoch 22/70 42/77 loss: 0.4995 time 0.32s 
2026-04-25 15:08:40,141 - INFO - Epoch 22/70 43/77 loss: 0.4984 time 0.32s 
2026-04-25 15:08:40,462 - INFO - Epoch 22/70 44/77 loss: 0.5115 time 0.32s 
2026-04-25 15:08:40,782 - INFO - Epoch 22/70 45/77 loss: 0.5106 time 0.32s 
2026-04-25 15:08:41,103 - INFO - Epoch 22/70 46/77 loss: 0.5116 time 0.32s 
2026-04-25 15:08:41,423 - INFO - Epoch 22/70 47/77 loss: 0.5074 time 0.32s 
2026-04-25 15:08:41,745 - INFO - Epoch 22/70 48/77 loss: 0.5048 time 0.32s 
2026-04-25 15:08:42,065 - INFO - Epoch 22/70 49/77 loss: 0.5054 time 0.32s 
2026-04-25 15:08:42,388 - INFO - Epoch 22/70 50/77 loss: 0.5069 time 0.32s 
2026-04-25 15:08:42,706 - INFO - Epoch 22/70 51/77 loss: 0.5065 time 0.32s 
2026-04-25 15:08:43,026 - INFO - Epoch 22/70 52/77 loss: 0.5116 time 0.32s 
2026-04-25 15:08:43,351 - INFO - Epoch 22/70 53/77 loss: 0.5086 time 0.32s 
2026-04-25 15:08:43,675 - INFO - Epoch 22/70 54/77 loss: 0.5063 time 0.32s 
2026-04-25 15:08:43,997 - INFO - Epoch 22/70 55/77 loss: 0.5013 time 0.32s 
2026-04-25 15:08:44,320 - INFO - Epoch 22/70 56/77 loss: 0.5095 time 0.32s 
2026-04-25 15:08:44,645 - INFO - Epoch 22/70 57/77 loss: 0.5072 time 0.32s 
2026-04-25 15:08:44,968 - INFO - Epoch 22/70 58/77 loss: 0.5075 time 0.32s 
2026-04-25 15:08:45,289 - INFO - Epoch 22/70 59/77 loss: 0.5082 time 0.32s 
2026-04-25 15:08:45,610 - INFO - Epoch 22/70 60/77 loss: 0.5062 time 0.32s 
2026-04-25 15:08:45,933 - INFO - Epoch 22/70 61/77 loss: 0.5030 time 0.32s 
2026-04-25 15:08:46,257 - INFO - Epoch 22/70 62/77 loss: 0.5015 time 0.32s 
2026-04-25 15:08:46,579 - INFO - Epoch 22/70 63/77 loss: 0.5005 time 0.32s 
2026-04-25 15:08:46,902 - INFO - Epoch 22/70 64/77 loss: 0.4998 time 0.32s 
2026-04-25 15:08:47,224 - INFO - Epoch 22/70 65/77 loss: 0.4970 time 0.32s 
2026-04-25 15:08:47,547 - INFO - Epoch 22/70 66/77 loss: 0.5009 time 0.32s 
2026-04-25 15:08:47,866 - INFO - Epoch 22/70 67/77 loss: 0.5007 time 0.32s 
2026-04-25 15:08:48,188 - INFO - Epoch 22/70 68/77 loss: 0.4994 time 0.32s 
2026-04-25 15:08:48,506 - INFO - Epoch 22/70 69/77 loss: 0.4982 time 0.32s 
2026-04-25 15:08:48,824 - INFO - Epoch 22/70 70/77 loss: 0.4953 time 0.32s 
2026-04-25 15:08:49,143 - INFO - Epoch 22/70 71/77 loss: 0.4919 time 0.32s 
2026-04-25 15:08:49,462 - INFO - Epoch 22/70 72/77 loss: 0.4917 time 0.32s 
2026-04-25 15:08:49,778 - INFO - Epoch 22/70 73/77 loss: 0.4914 time 0.32s 
2026-04-25 15:08:50,096 - INFO - Epoch 22/70 74/77 loss: 0.4931 time 0.32s 
2026-04-25 15:08:50,416 - INFO - Epoch 22/70 75/77 loss: 0.4909 time 0.32s 
2026-04-25 15:08:50,594 - INFO - Epoch 22/70 76/77 loss: 0.4906 time 0.18s 
2026-04-25 15:08:50,669 - INFO - Latest training  22/69 loss: 0.4906 time 25.42s  lr: 1.0000e-04
2026-04-25 15:08:50,670 - INFO - Estimated remaining training time for the current model fold 0 is 0.61 hr, running time 0.28 hr, est total time 0.90 hr 

2026-04-25 15:08:51,726 - INFO - Epoch 23/70 0/77 loss: 0.3840 time 1.05s 
2026-04-25 15:08:52,051 - INFO - Epoch 23/70 1/77 loss: 0.3996 time 0.32s 
2026-04-25 15:08:52,375 - INFO - Epoch 23/70 2/77 loss: 0.4775 time 0.32s 
2026-04-25 15:08:52,700 - INFO - Epoch 23/70 3/77 loss: 0.4390 time 0.33s 
2026-04-25 15:08:53,022 - INFO - Epoch 23/70 4/77 loss: 0.3969 time 0.32s 
2026-04-25 15:08:53,344 - INFO - Epoch 23/70 5/77 loss: 0.3980 time 0.32s 
2026-04-25 15:08:53,669 - INFO - Epoch 23/70 6/77 loss: 0.4477 time 0.32s 
2026-04-25 15:08:53,994 - INFO - Epoch 23/70 7/77 loss: 0.4696 time 0.32s 
2026-04-25 15:08:54,316 - INFO - Epoch 23/70 8/77 loss: 0.4430 time 0.32s 
2026-04-25 15:08:54,641 - INFO - Epoch 23/70 9/77 loss: 0.4802 time 0.32s 
2026-04-25 15:08:54,965 - INFO - Epoch 23/70 10/77 loss: 0.4803 time 0.32s 
2026-04-25 15:08:55,290 - INFO - Epoch 23/70 11/77 loss: 0.4765 time 0.32s 
2026-04-25 15:08:55,613 - INFO - Epoch 23/70 12/77 loss: 0.4690 time 0.32s 
2026-04-25 15:08:55,937 - INFO - Epoch 23/70 13/77 loss: 0.4562 time 0.32s 
2026-04-25 15:08:56,258 - INFO - Epoch 23/70 14/77 loss: 0.4448 time 0.32s 
2026-04-25 15:08:56,583 - INFO - Epoch 23/70 15/77 loss: 0.4408 time 0.32s 
2026-04-25 15:08:56,904 - INFO - Epoch 23/70 16/77 loss: 0.4317 time 0.32s 
2026-04-25 15:08:57,228 - INFO - Epoch 23/70 17/77 loss: 0.4367 time 0.32s 
2026-04-25 15:08:57,552 - INFO - Epoch 23/70 18/77 loss: 0.4350 time 0.32s 
2026-04-25 15:08:57,874 - INFO - Epoch 23/70 19/77 loss: 0.4460 time 0.32s 
2026-04-25 15:08:58,196 - INFO - Epoch 23/70 20/77 loss: 0.4423 time 0.32s 
2026-04-25 15:08:58,521 - INFO - Epoch 23/70 21/77 loss: 0.4332 time 0.32s 
2026-04-25 15:08:58,847 - INFO - Epoch 23/70 22/77 loss: 0.4420 time 0.33s 
2026-04-25 15:08:59,170 - INFO - Epoch 23/70 23/77 loss: 0.4403 time 0.32s 
2026-04-25 15:08:59,491 - INFO - Epoch 23/70 24/77 loss: 0.4387 time 0.32s 
2026-04-25 15:08:59,815 - INFO - Epoch 23/70 25/77 loss: 0.4402 time 0.32s 
2026-04-25 15:09:00,137 - INFO - Epoch 23/70 26/77 loss: 0.4501 time 0.32s 
2026-04-25 15:09:00,461 - INFO - Epoch 23/70 27/77 loss: 0.4550 time 0.32s 
2026-04-25 15:09:00,782 - INFO - Epoch 23/70 28/77 loss: 0.4517 time 0.32s 
2026-04-25 15:09:01,105 - INFO - Epoch 23/70 29/77 loss: 0.4498 time 0.32s 
2026-04-25 15:09:01,429 - INFO - Epoch 23/70 30/77 loss: 0.4440 time 0.32s 
2026-04-25 15:09:01,754 - INFO - Epoch 23/70 31/77 loss: 0.4409 time 0.32s 
2026-04-25 15:09:02,075 - INFO - Epoch 23/70 32/77 loss: 0.4406 time 0.32s 
2026-04-25 15:09:02,398 - INFO - Epoch 23/70 33/77 loss: 0.4413 time 0.32s 
2026-04-25 15:09:02,725 - INFO - Epoch 23/70 34/77 loss: 0.4491 time 0.33s 
2026-04-25 15:09:03,051 - INFO - Epoch 23/70 35/77 loss: 0.4435 time 0.33s 
2026-04-25 15:09:03,372 - INFO - Epoch 23/70 36/77 loss: 0.4412 time 0.32s 
2026-04-25 15:09:03,697 - INFO - Epoch 23/70 37/77 loss: 0.4432 time 0.32s 
2026-04-25 15:09:04,021 - INFO - Epoch 23/70 38/77 loss: 0.4414 time 0.32s 
2026-04-25 15:09:04,344 - INFO - Epoch 23/70 39/77 loss: 0.4418 time 0.32s 
2026-04-25 15:09:04,668 - INFO - Epoch 23/70 40/77 loss: 0.4384 time 0.32s 
2026-04-25 15:09:04,991 - INFO - Epoch 23/70 41/77 loss: 0.4405 time 0.32s 
2026-04-25 15:09:05,316 - INFO - Epoch 23/70 42/77 loss: 0.4389 time 0.33s 
2026-04-25 15:09:05,640 - INFO - Epoch 23/70 43/77 loss: 0.4446 time 0.32s 
2026-04-25 15:09:05,963 - INFO - Epoch 23/70 44/77 loss: 0.4425 time 0.32s 
2026-04-25 15:09:06,284 - INFO - Epoch 23/70 45/77 loss: 0.4397 time 0.32s 
2026-04-25 15:09:06,607 - INFO - Epoch 23/70 46/77 loss: 0.4401 time 0.32s 
2026-04-25 15:09:06,930 - INFO - Epoch 23/70 47/77 loss: 0.4370 time 0.32s 
2026-04-25 15:09:07,250 - INFO - Epoch 23/70 48/77 loss: 0.4396 time 0.32s 
2026-04-25 15:09:07,574 - INFO - Epoch 23/70 49/77 loss: 0.4399 time 0.32s 
2026-04-25 15:09:07,897 - INFO - Epoch 23/70 50/77 loss: 0.4392 time 0.32s 
2026-04-25 15:09:08,220 - INFO - Epoch 23/70 51/77 loss: 0.4350 time 0.32s 
2026-04-25 15:09:08,542 - INFO - Epoch 23/70 52/77 loss: 0.4400 time 0.32s 
2026-04-25 15:09:08,865 - INFO - Epoch 23/70 53/77 loss: 0.4397 time 0.32s 
2026-04-25 15:09:09,189 - INFO - Epoch 23/70 54/77 loss: 0.4396 time 0.32s 
2026-04-25 15:09:09,513 - INFO - Epoch 23/70 55/77 loss: 0.4391 time 0.32s 
2026-04-25 15:09:09,836 - INFO - Epoch 23/70 56/77 loss: 0.4409 time 0.32s 
2026-04-25 15:09:10,161 - INFO - Epoch 23/70 57/77 loss: 0.4396 time 0.33s 
2026-04-25 15:09:10,485 - INFO - Epoch 23/70 58/77 loss: 0.4452 time 0.32s 
2026-04-25 15:09:10,809 - INFO - Epoch 23/70 59/77 loss: 0.4455 time 0.32s 
2026-04-25 15:09:11,132 - INFO - Epoch 23/70 60/77 loss: 0.4476 time 0.32s 
2026-04-25 15:09:11,455 - INFO - Epoch 23/70 61/77 loss: 0.4475 time 0.32s 
2026-04-25 15:09:11,779 - INFO - Epoch 23/70 62/77 loss: 0.4454 time 0.32s 
2026-04-25 15:09:12,102 - INFO - Epoch 23/70 63/77 loss: 0.4439 time 0.32s 
2026-04-25 15:09:12,425 - INFO - Epoch 23/70 64/77 loss: 0.4430 time 0.32s 
2026-04-25 15:09:12,747 - INFO - Epoch 23/70 65/77 loss: 0.4407 time 0.32s 
2026-04-25 15:09:13,071 - INFO - Epoch 23/70 66/77 loss: 0.4392 time 0.32s 
2026-04-25 15:09:13,392 - INFO - Epoch 23/70 67/77 loss: 0.4373 time 0.32s 
2026-04-25 15:09:13,716 - INFO - Epoch 23/70 68/77 loss: 0.4420 time 0.32s 
2026-04-25 15:09:14,035 - INFO - Epoch 23/70 69/77 loss: 0.4431 time 0.32s 
2026-04-25 15:09:14,354 - INFO - Epoch 23/70 70/77 loss: 0.4462 time 0.32s 
2026-04-25 15:09:14,672 - INFO - Epoch 23/70 71/77 loss: 0.4481 time 0.32s 
2026-04-25 15:09:14,991 - INFO - Epoch 23/70 72/77 loss: 0.4492 time 0.32s 
2026-04-25 15:09:15,312 - INFO - Epoch 23/70 73/77 loss: 0.4472 time 0.32s 
2026-04-25 15:09:15,632 - INFO - Epoch 23/70 74/77 loss: 0.4480 time 0.32s 
2026-04-25 15:09:15,951 - INFO - Epoch 23/70 75/77 loss: 0.4504 time 0.32s 
2026-04-25 15:09:16,132 - INFO - Epoch 23/70 76/77 loss: 0.4493 time 0.18s 
2026-04-25 15:09:16,215 - INFO - Latest training  23/69 loss: 0.4493 time 25.55s  lr: 1.0000e-04
2026-04-25 15:09:16,216 - INFO - Estimated remaining training time for the current model fold 0 is 0.61 hr, running time 0.29 hr, est total time 0.90 hr 

2026-04-25 15:09:17,220 - INFO - Epoch 24/70 0/77 loss: 0.4172 time 1.00s 
2026-04-25 15:09:17,543 - INFO - Epoch 24/70 1/77 loss: 0.3403 time 0.32s 
2026-04-25 15:09:17,865 - INFO - Epoch 24/70 2/77 loss: 0.3733 time 0.32s 
2026-04-25 15:09:18,186 - INFO - Epoch 24/70 3/77 loss: 0.3336 time 0.32s 
2026-04-25 15:09:18,508 - INFO - Epoch 24/70 4/77 loss: 0.3861 time 0.32s 
2026-04-25 15:09:18,829 - INFO - Epoch 24/70 5/77 loss: 0.4175 time 0.32s 
2026-04-25 15:09:19,149 - INFO - Epoch 24/70 6/77 loss: 0.4371 time 0.32s 
2026-04-25 15:09:19,469 - INFO - Epoch 24/70 7/77 loss: 0.4738 time 0.32s 
2026-04-25 15:09:19,791 - INFO - Epoch 24/70 8/77 loss: 0.4848 time 0.32s 
2026-04-25 15:09:20,112 - INFO - Epoch 24/70 9/77 loss: 0.4991 time 0.32s 
2026-04-25 15:09:20,433 - INFO - Epoch 24/70 10/77 loss: 0.5094 time 0.32s 
2026-04-25 15:09:20,755 - INFO - Epoch 24/70 11/77 loss: 0.5080 time 0.32s 
2026-04-25 15:09:21,076 - INFO - Epoch 24/70 12/77 loss: 0.4942 time 0.32s 
2026-04-25 15:09:21,397 - INFO - Epoch 24/70 13/77 loss: 0.4947 time 0.32s 
2026-04-25 15:09:21,719 - INFO - Epoch 24/70 14/77 loss: 0.4864 time 0.32s 
2026-04-25 15:09:22,039 - INFO - Epoch 24/70 15/77 loss: 0.4804 time 0.32s 
2026-04-25 15:09:22,360 - INFO - Epoch 24/70 16/77 loss: 0.4698 time 0.32s 
2026-04-25 15:09:22,681 - INFO - Epoch 24/70 17/77 loss: 0.4684 time 0.32s 
2026-04-25 15:09:23,002 - INFO - Epoch 24/70 18/77 loss: 0.4592 time 0.32s 
2026-04-25 15:09:23,324 - INFO - Epoch 24/70 19/77 loss: 0.4591 time 0.32s 
2026-04-25 15:09:23,645 - INFO - Epoch 24/70 20/77 loss: 0.4734 time 0.32s 
2026-04-25 15:09:23,965 - INFO - Epoch 24/70 21/77 loss: 0.4738 time 0.32s 
2026-04-25 15:09:24,285 - INFO - Epoch 24/70 22/77 loss: 0.4735 time 0.32s 
2026-04-25 15:09:24,605 - INFO - Epoch 24/70 23/77 loss: 0.4662 time 0.32s 
2026-04-25 15:09:24,926 - INFO - Epoch 24/70 24/77 loss: 0.4754 time 0.32s 
2026-04-25 15:09:25,248 - INFO - Epoch 24/70 25/77 loss: 0.4760 time 0.32s 
2026-04-25 15:09:25,568 - INFO - Epoch 24/70 26/77 loss: 0.4716 time 0.32s 
2026-04-25 15:09:25,889 - INFO - Epoch 24/70 27/77 loss: 0.4686 time 0.32s 
2026-04-25 15:09:26,211 - INFO - Epoch 24/70 28/77 loss: 0.4739 time 0.32s 
2026-04-25 15:09:26,535 - INFO - Epoch 24/70 29/77 loss: 0.4775 time 0.32s 
2026-04-25 15:09:26,855 - INFO - Epoch 24/70 30/77 loss: 0.4774 time 0.32s 
2026-04-25 15:09:27,178 - INFO - Epoch 24/70 31/77 loss: 0.4740 time 0.32s 
2026-04-25 15:09:27,502 - INFO - Epoch 24/70 32/77 loss: 0.4727 time 0.32s 
2026-04-25 15:09:27,826 - INFO - Epoch 24/70 33/77 loss: 0.4697 time 0.32s 
2026-04-25 15:09:28,159 - INFO - Epoch 24/70 34/77 loss: 0.4666 time 0.33s 
2026-04-25 15:09:28,482 - INFO - Epoch 24/70 35/77 loss: 0.4591 time 0.32s 
2026-04-25 15:09:28,813 - INFO - Epoch 24/70 36/77 loss: 0.4561 time 0.33s 
2026-04-25 15:09:29,133 - INFO - Epoch 24/70 37/77 loss: 0.4565 time 0.32s 
2026-04-25 15:09:29,455 - INFO - Epoch 24/70 38/77 loss: 0.4561 time 0.32s 
2026-04-25 15:09:29,778 - INFO - Epoch 24/70 39/77 loss: 0.4535 time 0.32s 
2026-04-25 15:09:30,101 - INFO - Epoch 24/70 40/77 loss: 0.4579 time 0.32s 
2026-04-25 15:09:30,424 - INFO - Epoch 24/70 41/77 loss: 0.4597 time 0.32s 
2026-04-25 15:09:30,746 - INFO - Epoch 24/70 42/77 loss: 0.4623 time 0.32s 
2026-04-25 15:09:31,067 - INFO - Epoch 24/70 43/77 loss: 0.4631 time 0.32s 
2026-04-25 15:09:31,387 - INFO - Epoch 24/70 44/77 loss: 0.4694 time 0.32s 
2026-04-25 15:09:31,708 - INFO - Epoch 24/70 45/77 loss: 0.4702 time 0.32s 
2026-04-25 15:09:32,030 - INFO - Epoch 24/70 46/77 loss: 0.4657 time 0.32s 
2026-04-25 15:09:32,351 - INFO - Epoch 24/70 47/77 loss: 0.4669 time 0.32s 
2026-04-25 15:09:32,671 - INFO - Epoch 24/70 48/77 loss: 0.4660 time 0.32s 
2026-04-25 15:09:32,993 - INFO - Epoch 24/70 49/77 loss: 0.4621 time 0.32s 
2026-04-25 15:09:33,313 - INFO - Epoch 24/70 50/77 loss: 0.4641 time 0.32s 
2026-04-25 15:09:33,633 - INFO - Epoch 24/70 51/77 loss: 0.4676 time 0.32s 
2026-04-25 15:09:33,954 - INFO - Epoch 24/70 52/77 loss: 0.4688 time 0.32s 
2026-04-25 15:09:34,277 - INFO - Epoch 24/70 53/77 loss: 0.4708 time 0.32s 
2026-04-25 15:09:34,598 - INFO - Epoch 24/70 54/77 loss: 0.4723 time 0.32s 
2026-04-25 15:09:34,917 - INFO - Epoch 24/70 55/77 loss: 0.4681 time 0.32s 
2026-04-25 15:09:35,238 - INFO - Epoch 24/70 56/77 loss: 0.4683 time 0.32s 
2026-04-25 15:09:35,558 - INFO - Epoch 24/70 57/77 loss: 0.4677 time 0.32s 
2026-04-25 15:09:35,881 - INFO - Epoch 24/70 58/77 loss: 0.4640 time 0.32s 
2026-04-25 15:09:36,203 - INFO - Epoch 24/70 59/77 loss: 0.4651 time 0.32s 
2026-04-25 15:09:36,527 - INFO - Epoch 24/70 60/77 loss: 0.4631 time 0.32s 
2026-04-25 15:09:36,849 - INFO - Epoch 24/70 61/77 loss: 0.4622 time 0.32s 
2026-04-25 15:09:37,169 - INFO - Epoch 24/70 62/77 loss: 0.4595 time 0.32s 
2026-04-25 15:09:37,490 - INFO - Epoch 24/70 63/77 loss: 0.4654 time 0.32s 
2026-04-25 15:09:37,812 - INFO - Epoch 24/70 64/77 loss: 0.4623 time 0.32s 
2026-04-25 15:09:38,135 - INFO - Epoch 24/70 65/77 loss: 0.4664 time 0.32s 
2026-04-25 15:09:38,455 - INFO - Epoch 24/70 66/77 loss: 0.4677 time 0.32s 
2026-04-25 15:09:38,775 - INFO - Epoch 24/70 67/77 loss: 0.4658 time 0.32s 
2026-04-25 15:09:39,095 - INFO - Epoch 24/70 68/77 loss: 0.4642 time 0.32s 
2026-04-25 15:09:39,413 - INFO - Epoch 24/70 69/77 loss: 0.4643 time 0.32s 
2026-04-25 15:09:39,731 - INFO - Epoch 24/70 70/77 loss: 0.4651 time 0.32s 
2026-04-25 15:09:40,048 - INFO - Epoch 24/70 71/77 loss: 0.4652 time 0.32s 
2026-04-25 15:09:40,366 - INFO - Epoch 24/70 72/77 loss: 0.4642 time 0.32s 
2026-04-25 15:09:40,683 - INFO - Epoch 24/70 73/77 loss: 0.4638 time 0.32s 
2026-04-25 15:09:41,004 - INFO - Epoch 24/70 74/77 loss: 0.4619 time 0.32s 
2026-04-25 15:09:41,321 - INFO - Epoch 24/70 75/77 loss: 0.4595 time 0.32s 
2026-04-25 15:09:41,499 - INFO - Epoch 24/70 76/77 loss: 0.4580 time 0.18s 
2026-04-25 15:09:41,570 - INFO - Latest training  24/69 loss: 0.4580 time 25.35s  lr: 1.0000e-04
2026-04-25 15:09:47,057 - INFO - Val 24/70 0/30 loss: 0.8200 acc 0.7494432071269488  time 5.48s
2026-04-25 15:09:50,647 - INFO - Val 24/70 1/30 loss: 0.5444 acc 0.8411214953271028  time 3.59s
2026-04-25 15:09:54,281 - INFO - Val 24/70 2/30 loss: 0.5131 acc 0.843108504398827  time 3.63s
2026-04-25 15:09:57,819 - INFO - Val 24/70 3/30 loss: 0.3533 acc 0.834375  time 3.54s
2026-04-25 15:10:01,431 - INFO - Val 24/70 4/30 loss: 0.4191 acc 0.7945425361155698  time 3.61s
2026-04-25 15:10:05,150 - INFO - Val 24/70 5/30 loss: 0.7136 acc 0.8441410693970421  time 3.72s
2026-04-25 15:10:08,799 - INFO - Val 24/70 6/30 loss: 0.6981 acc 0.7644628099173554  time 3.65s
2026-04-25 15:10:12,347 - INFO - Val 24/70 7/30 loss: 0.2836 acc 0.9125  time 3.55s
2026-04-25 15:10:16,038 - INFO - Val 24/70 8/30 loss: 0.8005 acc 0.8337378640776699  time 3.69s
2026-04-25 15:10:19,683 - INFO - Val 24/70 9/30 loss: 0.5072 acc 0.8632352941176471  time 3.64s
2026-04-25 15:10:23,245 - INFO - Val 24/70 10/30 loss: 0.3260 acc 0.875  time 3.56s
2026-04-25 15:10:26,804 - INFO - Val 24/70 11/30 loss: 0.4029 acc 0.8612975391498882  time 3.56s
2026-04-25 15:10:30,317 - INFO - Val 24/70 12/30 loss: 0.3375 acc 0.7885304659498208  time 3.51s
2026-04-25 15:10:33,978 - INFO - Val 24/70 13/30 loss: 0.6173 acc 0.860431654676259  time 3.66s
2026-04-25 15:10:37,514 - INFO - Val 24/70 14/30 loss: 0.2089 acc 0.780327868852459  time 3.54s
2026-04-25 15:10:41,100 - INFO - Val 24/70 15/30 loss: 0.3195 acc 0.8360995850622407  time 3.59s
2026-04-25 15:10:44,825 - INFO - Val 24/70 16/30 loss: 0.6027 acc 0.8755244755244755  time 3.72s
2026-04-25 15:10:48,454 - INFO - Val 24/70 17/30 loss: 0.4344 acc 0.8003533568904594  time 3.63s
2026-04-25 15:10:52,048 - INFO - Val 24/70 18/30 loss: 0.5888 acc 0.8066528066528067  time 3.59s
2026-04-25 15:10:55,624 - INFO - Val 24/70 19/30 loss: 0.4542 acc 0.8408163265306122  time 3.58s
2026-04-25 15:10:59,204 - INFO - Val 24/70 20/30 loss: 0.2782 acc 0.8968692449355433  time 3.58s
2026-04-25 15:11:02,787 - INFO - Val 24/70 21/30 loss: 0.2488 acc 0.9168207024029574  time 3.58s
2026-04-25 15:11:06,242 - INFO - Val 24/70 22/30 loss: 0.2001 acc 0.7924528301886793  time 3.45s
2026-04-25 15:11:09,941 - INFO - Val 24/70 23/30 loss: 0.4890 acc 0.8633193863319386  time 3.70s
2026-04-25 15:11:13,520 - INFO - Val 24/70 24/30 loss: 0.2636 acc 0.893223819301848  time 3.58s
2026-04-25 15:11:17,016 - INFO - Val 24/70 25/30 loss: 0.3726 acc 0.727979274611399  time 3.50s
2026-04-25 15:11:20,825 - INFO - Val 24/70 26/30 loss: 0.7746 acc 0.851129363449692  time 3.81s
2026-04-25 15:11:24,379 - INFO - Val 24/70 27/30 loss: 0.5805 acc 0.7091412742382271  time 3.55s
2026-04-25 15:11:28,057 - INFO - Val 24/70 28/30 loss: 0.5311 acc 0.8410041841004184  time 3.68s
2026-04-25 15:11:31,997 - INFO - Val 24/70 29/30 loss: 0.3673 acc 0.7995169082125604  time 3.94s
2026-04-25 15:11:32,099 - INFO - Latest validation 24/69 loss: 0.4684 acc_avg: 0.8299 acc: 0.8299053311347961 time: 110.53s
2026-04-25 15:11:35,882 - INFO - Saving checkpoint process: ./models/puma/model_final.pt, {'epoch': 24, 'best_metric': 0.8299053311347961}, save_time 3.78s
2026-04-25 15:11:35,883 - INFO - Estimated remaining training time for the current model fold 0 is 0.57 hr, running time 0.33 hr, est total time 0.90 hr 

2026-04-25 15:11:37,039 - INFO - Epoch 25/70 0/77 loss: 0.5432 time 1.15s 
2026-04-25 15:11:37,362 - INFO - Epoch 25/70 1/77 loss: 0.5466 time 0.32s 
2026-04-25 15:11:37,685 - INFO - Epoch 25/70 2/77 loss: 0.5034 time 0.32s 
2026-04-25 15:11:38,007 - INFO - Epoch 25/70 3/77 loss: 0.4927 time 0.32s 
2026-04-25 15:11:38,329 - INFO - Epoch 25/70 4/77 loss: 0.4550 time 0.32s 
2026-04-25 15:11:38,652 - INFO - Epoch 25/70 5/77 loss: 0.4261 time 0.32s 
2026-04-25 15:11:38,972 - INFO - Epoch 25/70 6/77 loss: 0.4453 time 0.32s 
2026-04-25 15:11:39,294 - INFO - Epoch 25/70 7/77 loss: 0.4197 time 0.32s 
2026-04-25 15:11:39,617 - INFO - Epoch 25/70 8/77 loss: 0.4121 time 0.32s 
2026-04-25 15:11:39,939 - INFO - Epoch 25/70 9/77 loss: 0.4416 time 0.32s 
2026-04-25 15:11:40,259 - INFO - Epoch 25/70 10/77 loss: 0.4548 time 0.32s 
2026-04-25 15:11:40,580 - INFO - Epoch 25/70 11/77 loss: 0.4568 time 0.32s 
2026-04-25 15:11:40,904 - INFO - Epoch 25/70 12/77 loss: 0.4745 time 0.32s 
2026-04-25 15:11:41,225 - INFO - Epoch 25/70 13/77 loss: 0.4590 time 0.32s 
2026-04-25 15:11:41,547 - INFO - Epoch 25/70 14/77 loss: 0.4691 time 0.32s 
2026-04-25 15:11:41,872 - INFO - Epoch 25/70 15/77 loss: 0.4699 time 0.32s 
2026-04-25 15:11:42,193 - INFO - Epoch 25/70 16/77 loss: 0.4697 time 0.32s 
2026-04-25 15:11:42,518 - INFO - Epoch 25/70 17/77 loss: 0.4736 time 0.32s 
2026-04-25 15:11:42,839 - INFO - Epoch 25/70 18/77 loss: 0.4907 time 0.32s 
2026-04-25 15:11:43,161 - INFO - Epoch 25/70 19/77 loss: 0.4810 time 0.32s 
2026-04-25 15:11:43,484 - INFO - Epoch 25/70 20/77 loss: 0.4815 time 0.32s 
2026-04-25 15:11:43,805 - INFO - Epoch 25/70 21/77 loss: 0.4765 time 0.32s 
2026-04-25 15:11:44,127 - INFO - Epoch 25/70 22/77 loss: 0.4728 time 0.32s 
2026-04-25 15:11:44,448 - INFO - Epoch 25/70 23/77 loss: 0.4678 time 0.32s 
2026-04-25 15:11:44,770 - INFO - Epoch 25/70 24/77 loss: 0.4772 time 0.32s 
2026-04-25 15:11:45,092 - INFO - Epoch 25/70 25/77 loss: 0.4801 time 0.32s 
2026-04-25 15:11:45,414 - INFO - Epoch 25/70 26/77 loss: 0.4741 time 0.32s 
2026-04-25 15:11:45,736 - INFO - Epoch 25/70 27/77 loss: 0.4730 time 0.32s 
2026-04-25 15:11:46,057 - INFO - Epoch 25/70 28/77 loss: 0.4778 time 0.32s 
2026-04-25 15:11:46,378 - INFO - Epoch 25/70 29/77 loss: 0.4802 time 0.32s 
2026-04-25 15:11:46,700 - INFO - Epoch 25/70 30/77 loss: 0.4794 time 0.32s 
2026-04-25 15:11:47,022 - INFO - Epoch 25/70 31/77 loss: 0.4758 time 0.32s 
2026-04-25 15:11:47,344 - INFO - Epoch 25/70 32/77 loss: 0.4761 time 0.32s 
2026-04-25 15:11:47,666 - INFO - Epoch 25/70 33/77 loss: 0.4800 time 0.32s 
2026-04-25 15:11:47,987 - INFO - Epoch 25/70 34/77 loss: 0.4786 time 0.32s 
2026-04-25 15:11:48,308 - INFO - Epoch 25/70 35/77 loss: 0.4758 time 0.32s 
2026-04-25 15:11:48,628 - INFO - Epoch 25/70 36/77 loss: 0.4741 time 0.32s 
2026-04-25 15:11:48,950 - INFO - Epoch 25/70 37/77 loss: 0.4720 time 0.32s 
2026-04-25 15:11:49,272 - INFO - Epoch 25/70 38/77 loss: 0.4692 time 0.32s 
2026-04-25 15:11:49,593 - INFO - Epoch 25/70 39/77 loss: 0.4726 time 0.32s 
2026-04-25 15:11:49,914 - INFO - Epoch 25/70 40/77 loss: 0.4691 time 0.32s 
2026-04-25 15:11:50,235 - INFO - Epoch 25/70 41/77 loss: 0.4700 time 0.32s 
2026-04-25 15:11:50,556 - INFO - Epoch 25/70 42/77 loss: 0.4785 time 0.32s 
2026-04-25 15:11:50,878 - INFO - Epoch 25/70 43/77 loss: 0.4836 time 0.32s 
2026-04-25 15:11:51,199 - INFO - Epoch 25/70 44/77 loss: 0.4820 time 0.32s 
2026-04-25 15:11:51,520 - INFO - Epoch 25/70 45/77 loss: 0.4775 time 0.32s 
2026-04-25 15:11:51,840 - INFO - Epoch 25/70 46/77 loss: 0.4769 time 0.32s 
2026-04-25 15:11:52,163 - INFO - Epoch 25/70 47/77 loss: 0.4733 time 0.32s 
2026-04-25 15:11:52,484 - INFO - Epoch 25/70 48/77 loss: 0.4728 time 0.32s 
2026-04-25 15:11:52,807 - INFO - Epoch 25/70 49/77 loss: 0.4733 time 0.32s 
2026-04-25 15:11:53,129 - INFO - Epoch 25/70 50/77 loss: 0.4797 time 0.32s 
2026-04-25 15:11:53,451 - INFO - Epoch 25/70 51/77 loss: 0.4775 time 0.32s 
2026-04-25 15:11:53,772 - INFO - Epoch 25/70 52/77 loss: 0.4784 time 0.32s 
2026-04-25 15:11:54,094 - INFO - Epoch 25/70 53/77 loss: 0.4771 time 0.32s 
2026-04-25 15:11:54,415 - INFO - Epoch 25/70 54/77 loss: 0.4745 time 0.32s 
2026-04-25 15:11:54,737 - INFO - Epoch 25/70 55/77 loss: 0.4770 time 0.32s 
2026-04-25 15:11:55,060 - INFO - Epoch 25/70 56/77 loss: 0.4726 time 0.32s 
2026-04-25 15:11:55,381 - INFO - Epoch 25/70 57/77 loss: 0.4703 time 0.32s 
2026-04-25 15:11:55,706 - INFO - Epoch 25/70 58/77 loss: 0.4661 time 0.32s 
2026-04-25 15:11:56,025 - INFO - Epoch 25/70 59/77 loss: 0.4689 time 0.32s 
2026-04-25 15:11:56,346 - INFO - Epoch 25/70 60/77 loss: 0.4678 time 0.32s 
2026-04-25 15:11:56,667 - INFO - Epoch 25/70 61/77 loss: 0.4719 time 0.32s 
2026-04-25 15:11:56,989 - INFO - Epoch 25/70 62/77 loss: 0.4713 time 0.32s 
2026-04-25 15:11:57,311 - INFO - Epoch 25/70 63/77 loss: 0.4735 time 0.32s 
2026-04-25 15:11:57,634 - INFO - Epoch 25/70 64/77 loss: 0.4706 time 0.32s 
2026-04-25 15:11:57,957 - INFO - Epoch 25/70 65/77 loss: 0.4686 time 0.32s 
2026-04-25 15:11:58,280 - INFO - Epoch 25/70 66/77 loss: 0.4687 time 0.32s 
2026-04-25 15:11:58,602 - INFO - Epoch 25/70 67/77 loss: 0.4688 time 0.32s 
2026-04-25 15:11:58,924 - INFO - Epoch 25/70 68/77 loss: 0.4689 time 0.32s 
2026-04-25 15:11:59,241 - INFO - Epoch 25/70 69/77 loss: 0.4660 time 0.32s 
2026-04-25 15:11:59,559 - INFO - Epoch 25/70 70/77 loss: 0.4649 time 0.32s 
2026-04-25 15:11:59,879 - INFO - Epoch 25/70 71/77 loss: 0.4645 time 0.32s 
2026-04-25 15:12:00,196 - INFO - Epoch 25/70 72/77 loss: 0.4684 time 0.32s 
2026-04-25 15:12:00,515 - INFO - Epoch 25/70 73/77 loss: 0.4659 time 0.32s 
2026-04-25 15:12:00,831 - INFO - Epoch 25/70 74/77 loss: 0.4671 time 0.32s 
2026-04-25 15:12:01,150 - INFO - Epoch 25/70 75/77 loss: 0.4668 time 0.32s 
2026-04-25 15:12:01,331 - INFO - Epoch 25/70 76/77 loss: 0.4675 time 0.18s 
2026-04-25 15:12:01,420 - INFO - Latest training  25/69 loss: 0.4675 time 25.54s  lr: 1.0000e-04
2026-04-25 15:12:01,421 - INFO - Estimated remaining training time for the current model fold 0 is 0.56 hr, running time 0.34 hr, est total time 0.90 hr 

2026-04-25 15:12:02,416 - INFO - Epoch 26/70 0/77 loss: 0.4288 time 0.99s 
2026-04-25 15:12:02,741 - INFO - Epoch 26/70 1/77 loss: 0.5078 time 0.32s 
2026-04-25 15:12:03,065 - INFO - Epoch 26/70 2/77 loss: 0.4925 time 0.32s 
2026-04-25 15:12:03,391 - INFO - Epoch 26/70 3/77 loss: 0.4981 time 0.33s 
2026-04-25 15:12:03,710 - INFO - Epoch 26/70 4/77 loss: 0.4740 time 0.32s 
2026-04-25 15:12:04,031 - INFO - Epoch 26/70 5/77 loss: 0.4695 time 0.32s 
2026-04-25 15:12:04,354 - INFO - Epoch 26/70 6/77 loss: 0.5070 time 0.32s 
2026-04-25 15:12:04,677 - INFO - Epoch 26/70 7/77 loss: 0.4819 time 0.32s 
2026-04-25 15:12:04,999 - INFO - Epoch 26/70 8/77 loss: 0.4772 time 0.32s 
2026-04-25 15:12:05,322 - INFO - Epoch 26/70 9/77 loss: 0.4614 time 0.32s 
2026-04-25 15:12:05,645 - INFO - Epoch 26/70 10/77 loss: 0.4960 time 0.32s 
2026-04-25 15:12:05,969 - INFO - Epoch 26/70 11/77 loss: 0.4844 time 0.32s 
2026-04-25 15:12:06,290 - INFO - Epoch 26/70 12/77 loss: 0.4968 time 0.32s 
2026-04-25 15:12:06,612 - INFO - Epoch 26/70 13/77 loss: 0.4822 time 0.32s 
2026-04-25 15:12:06,935 - INFO - Epoch 26/70 14/77 loss: 0.4952 time 0.32s 
2026-04-25 15:12:07,257 - INFO - Epoch 26/70 15/77 loss: 0.4906 time 0.32s 
2026-04-25 15:12:07,577 - INFO - Epoch 26/70 16/77 loss: 0.4864 time 0.32s 
2026-04-25 15:12:07,898 - INFO - Epoch 26/70 17/77 loss: 0.4887 time 0.32s 
2026-04-25 15:12:08,217 - INFO - Epoch 26/70 18/77 loss: 0.4827 time 0.32s 
2026-04-25 15:12:08,539 - INFO - Epoch 26/70 19/77 loss: 0.4733 time 0.32s 
2026-04-25 15:12:08,862 - INFO - Epoch 26/70 20/77 loss: 0.4667 time 0.32s 
2026-04-25 15:12:09,184 - INFO - Epoch 26/70 21/77 loss: 0.4607 time 0.32s 
2026-04-25 15:12:09,504 - INFO - Epoch 26/70 22/77 loss: 0.4627 time 0.32s 
2026-04-25 15:12:09,826 - INFO - Epoch 26/70 23/77 loss: 0.4650 time 0.32s 
2026-04-25 15:12:10,147 - INFO - Epoch 26/70 24/77 loss: 0.4619 time 0.32s 
2026-04-25 15:12:10,469 - INFO - Epoch 26/70 25/77 loss: 0.4598 time 0.32s 
2026-04-25 15:12:10,790 - INFO - Epoch 26/70 26/77 loss: 0.4772 time 0.32s 
2026-04-25 15:12:11,112 - INFO - Epoch 26/70 27/77 loss: 0.4744 time 0.32s 
2026-04-25 15:12:11,433 - INFO - Epoch 26/70 28/77 loss: 0.4679 time 0.32s 
2026-04-25 15:12:11,756 - INFO - Epoch 26/70 29/77 loss: 0.4743 time 0.32s 
2026-04-25 15:12:12,076 - INFO - Epoch 26/70 30/77 loss: 0.4687 time 0.32s 
2026-04-25 15:12:12,398 - INFO - Epoch 26/70 31/77 loss: 0.4656 time 0.32s 
2026-04-25 15:12:12,719 - INFO - Epoch 26/70 32/77 loss: 0.4594 time 0.32s 
2026-04-25 15:12:13,041 - INFO - Epoch 26/70 33/77 loss: 0.4523 time 0.32s 
2026-04-25 15:12:13,361 - INFO - Epoch 26/70 34/77 loss: 0.4474 time 0.32s 
2026-04-25 15:12:13,685 - INFO - Epoch 26/70 35/77 loss: 0.4456 time 0.32s 
2026-04-25 15:12:14,005 - INFO - Epoch 26/70 36/77 loss: 0.4446 time 0.32s 
2026-04-25 15:12:14,328 - INFO - Epoch 26/70 37/77 loss: 0.4501 time 0.32s 
2026-04-25 15:12:14,650 - INFO - Epoch 26/70 38/77 loss: 0.4490 time 0.32s 
2026-04-25 15:12:14,972 - INFO - Epoch 26/70 39/77 loss: 0.4457 time 0.32s 
2026-04-25 15:12:15,295 - INFO - Epoch 26/70 40/77 loss: 0.4418 time 0.32s 
2026-04-25 15:12:15,616 - INFO - Epoch 26/70 41/77 loss: 0.4401 time 0.32s 
2026-04-25 15:12:15,938 - INFO - Epoch 26/70 42/77 loss: 0.4418 time 0.32s 
2026-04-25 15:12:16,258 - INFO - Epoch 26/70 43/77 loss: 0.4407 time 0.32s 
2026-04-25 15:12:16,580 - INFO - Epoch 26/70 44/77 loss: 0.4438 time 0.32s 
2026-04-25 15:12:16,902 - INFO - Epoch 26/70 45/77 loss: 0.4396 time 0.32s 
2026-04-25 15:12:17,223 - INFO - Epoch 26/70 46/77 loss: 0.4435 time 0.32s 
2026-04-25 15:12:17,546 - INFO - Epoch 26/70 47/77 loss: 0.4500 time 0.32s 
2026-04-25 15:12:17,870 - INFO - Epoch 26/70 48/77 loss: 0.4484 time 0.32s 
2026-04-25 15:12:18,191 - INFO - Epoch 26/70 49/77 loss: 0.4467 time 0.32s 
2026-04-25 15:12:18,514 - INFO - Epoch 26/70 50/77 loss: 0.4482 time 0.32s 
2026-04-25 15:12:18,838 - INFO - Epoch 26/70 51/77 loss: 0.4450 time 0.32s 
2026-04-25 15:12:19,160 - INFO - Epoch 26/70 52/77 loss: 0.4447 time 0.32s 
2026-04-25 15:12:19,481 - INFO - Epoch 26/70 53/77 loss: 0.4449 time 0.32s 
2026-04-25 15:12:19,802 - INFO - Epoch 26/70 54/77 loss: 0.4436 time 0.32s 
2026-04-25 15:12:20,123 - INFO - Epoch 26/70 55/77 loss: 0.4418 time 0.32s 
2026-04-25 15:12:20,444 - INFO - Epoch 26/70 56/77 loss: 0.4522 time 0.32s 
2026-04-25 15:12:20,764 - INFO - Epoch 26/70 57/77 loss: 0.4511 time 0.32s 
2026-04-25 15:12:21,085 - INFO - Epoch 26/70 58/77 loss: 0.4541 time 0.32s 
2026-04-25 15:12:21,406 - INFO - Epoch 26/70 59/77 loss: 0.4503 time 0.32s 
2026-04-25 15:12:21,727 - INFO - Epoch 26/70 60/77 loss: 0.4522 time 0.32s 
2026-04-25 15:12:22,049 - INFO - Epoch 26/70 61/77 loss: 0.4562 time 0.32s 
2026-04-25 15:12:22,369 - INFO - Epoch 26/70 62/77 loss: 0.4587 time 0.32s 
2026-04-25 15:12:22,692 - INFO - Epoch 26/70 63/77 loss: 0.4566 time 0.32s 
2026-04-25 15:12:23,015 - INFO - Epoch 26/70 64/77 loss: 0.4561 time 0.32s 
2026-04-25 15:12:23,336 - INFO - Epoch 26/70 65/77 loss: 0.4571 time 0.32s 
2026-04-25 15:12:23,657 - INFO - Epoch 26/70 66/77 loss: 0.4543 time 0.32s 
2026-04-25 15:12:23,979 - INFO - Epoch 26/70 67/77 loss: 0.4535 time 0.32s 
2026-04-25 15:12:24,299 - INFO - Epoch 26/70 68/77 loss: 0.4519 time 0.32s 
2026-04-25 15:12:24,618 - INFO - Epoch 26/70 69/77 loss: 0.4520 time 0.32s 
2026-04-25 15:12:24,936 - INFO - Epoch 26/70 70/77 loss: 0.4497 time 0.32s 
2026-04-25 15:12:25,255 - INFO - Epoch 26/70 71/77 loss: 0.4534 time 0.32s 
2026-04-25 15:12:25,573 - INFO - Epoch 26/70 72/77 loss: 0.4516 time 0.32s 
2026-04-25 15:12:25,891 - INFO - Epoch 26/70 73/77 loss: 0.4527 time 0.32s 
2026-04-25 15:12:26,211 - INFO - Epoch 26/70 74/77 loss: 0.4532 time 0.32s 
2026-04-25 15:12:26,527 - INFO - Epoch 26/70 75/77 loss: 0.4530 time 0.32s 
2026-04-25 15:12:26,705 - INFO - Epoch 26/70 76/77 loss: 0.4557 time 0.18s 
2026-04-25 15:12:26,790 - INFO - Latest training  26/69 loss: 0.4557 time 25.37s  lr: 1.0000e-04
2026-04-25 15:12:26,791 - INFO - Estimated remaining training time for the current model fold 0 is 0.56 hr, running time 0.34 hr, est total time 0.90 hr 

2026-04-25 15:12:27,823 - INFO - Epoch 27/70 0/77 loss: 0.3737 time 1.03s 
2026-04-25 15:12:28,147 - INFO - Epoch 27/70 1/77 loss: 0.4291 time 0.32s 
2026-04-25 15:12:28,470 - INFO - Epoch 27/70 2/77 loss: 0.5627 time 0.32s 
2026-04-25 15:12:28,794 - INFO - Epoch 27/70 3/77 loss: 0.5276 time 0.32s 
2026-04-25 15:12:29,120 - INFO - Epoch 27/70 4/77 loss: 0.5009 time 0.33s 
2026-04-25 15:12:29,443 - INFO - Epoch 27/70 5/77 loss: 0.5005 time 0.32s 
2026-04-25 15:12:29,767 - INFO - Epoch 27/70 6/77 loss: 0.4867 time 0.32s 
2026-04-25 15:12:30,090 - INFO - Epoch 27/70 7/77 loss: 0.5033 time 0.32s 
2026-04-25 15:12:30,413 - INFO - Epoch 27/70 8/77 loss: 0.4919 time 0.32s 
2026-04-25 15:12:30,734 - INFO - Epoch 27/70 9/77 loss: 0.4832 time 0.32s 
2026-04-25 15:12:31,057 - INFO - Epoch 27/70 10/77 loss: 0.4873 time 0.32s 
2026-04-25 15:12:31,379 - INFO - Epoch 27/70 11/77 loss: 0.4799 time 0.32s 
2026-04-25 15:12:31,701 - INFO - Epoch 27/70 12/77 loss: 0.4710 time 0.32s 
2026-04-25 15:12:32,023 - INFO - Epoch 27/70 13/77 loss: 0.4824 time 0.32s 
2026-04-25 15:12:32,347 - INFO - Epoch 27/70 14/77 loss: 0.4843 time 0.32s 
2026-04-25 15:12:32,667 - INFO - Epoch 27/70 15/77 loss: 0.4672 time 0.32s 
2026-04-25 15:12:32,990 - INFO - Epoch 27/70 16/77 loss: 0.4603 time 0.32s 
2026-04-25 15:12:33,313 - INFO - Epoch 27/70 17/77 loss: 0.4823 time 0.32s 
2026-04-25 15:12:33,635 - INFO - Epoch 27/70 18/77 loss: 0.4935 time 0.32s 
2026-04-25 15:12:33,957 - INFO - Epoch 27/70 19/77 loss: 0.4877 time 0.32s 
2026-04-25 15:12:34,279 - INFO - Epoch 27/70 20/77 loss: 0.5058 time 0.32s 
2026-04-25 15:12:34,602 - INFO - Epoch 27/70 21/77 loss: 0.5027 time 0.32s 
2026-04-25 15:12:34,924 - INFO - Epoch 27/70 22/77 loss: 0.5091 time 0.32s 
2026-04-25 15:12:35,246 - INFO - Epoch 27/70 23/77 loss: 0.4987 time 0.32s 
2026-04-25 15:12:35,569 - INFO - Epoch 27/70 24/77 loss: 0.4917 time 0.32s 
2026-04-25 15:12:35,894 - INFO - Epoch 27/70 25/77 loss: 0.4960 time 0.33s 
2026-04-25 15:12:36,217 - INFO - Epoch 27/70 26/77 loss: 0.5050 time 0.32s 
2026-04-25 15:12:36,541 - INFO - Epoch 27/70 27/77 loss: 0.5046 time 0.32s 
2026-04-25 15:12:36,861 - INFO - Epoch 27/70 28/77 loss: 0.4978 time 0.32s 
2026-04-25 15:12:37,183 - INFO - Epoch 27/70 29/77 loss: 0.4931 time 0.32s 
2026-04-25 15:12:37,505 - INFO - Epoch 27/70 30/77 loss: 0.4936 time 0.32s 
2026-04-25 15:12:37,827 - INFO - Epoch 27/70 31/77 loss: 0.5005 time 0.32s 
2026-04-25 15:12:38,149 - INFO - Epoch 27/70 32/77 loss: 0.4999 time 0.32s 
2026-04-25 15:12:38,472 - INFO - Epoch 27/70 33/77 loss: 0.5047 time 0.32s 
2026-04-25 15:12:38,795 - INFO - Epoch 27/70 34/77 loss: 0.5088 time 0.32s 
2026-04-25 15:12:39,115 - INFO - Epoch 27/70 35/77 loss: 0.5052 time 0.32s 
2026-04-25 15:12:39,436 - INFO - Epoch 27/70 36/77 loss: 0.5122 time 0.32s 
2026-04-25 15:12:39,759 - INFO - Epoch 27/70 37/77 loss: 0.5061 time 0.32s 
2026-04-25 15:12:40,080 - INFO - Epoch 27/70 38/77 loss: 0.5116 time 0.32s 
2026-04-25 15:12:40,401 - INFO - Epoch 27/70 39/77 loss: 0.5101 time 0.32s 
2026-04-25 15:12:40,723 - INFO - Epoch 27/70 40/77 loss: 0.5048 time 0.32s 
2026-04-25 15:12:41,045 - INFO - Epoch 27/70 41/77 loss: 0.5046 time 0.32s 
2026-04-25 15:12:41,366 - INFO - Epoch 27/70 42/77 loss: 0.5079 time 0.32s 
2026-04-25 15:12:41,687 - INFO - Epoch 27/70 43/77 loss: 0.5022 time 0.32s 
2026-04-25 15:12:42,011 - INFO - Epoch 27/70 44/77 loss: 0.5028 time 0.32s 
2026-04-25 15:12:42,334 - INFO - Epoch 27/70 45/77 loss: 0.5019 time 0.32s 
2026-04-25 15:12:42,656 - INFO - Epoch 27/70 46/77 loss: 0.4995 time 0.32s 
2026-04-25 15:12:42,979 - INFO - Epoch 27/70 47/77 loss: 0.4989 time 0.32s 
2026-04-25 15:12:43,300 - INFO - Epoch 27/70 48/77 loss: 0.4974 time 0.32s 
2026-04-25 15:12:43,621 - INFO - Epoch 27/70 49/77 loss: 0.5011 time 0.32s 
2026-04-25 15:12:43,942 - INFO - Epoch 27/70 50/77 loss: 0.4995 time 0.32s 
2026-04-25 15:12:44,264 - INFO - Epoch 27/70 51/77 loss: 0.5056 time 0.32s 
2026-04-25 15:12:44,585 - INFO - Epoch 27/70 52/77 loss: 0.5044 time 0.32s 
2026-04-25 15:12:44,910 - INFO - Epoch 27/70 53/77 loss: 0.5009 time 0.33s 
2026-04-25 15:12:45,233 - INFO - Epoch 27/70 54/77 loss: 0.5037 time 0.32s 
2026-04-25 15:12:45,554 - INFO - Epoch 27/70 55/77 loss: 0.5026 time 0.32s 
2026-04-25 15:12:45,876 - INFO - Epoch 27/70 56/77 loss: 0.5052 time 0.32s 
2026-04-25 15:12:46,198 - INFO - Epoch 27/70 57/77 loss: 0.5016 time 0.32s 
2026-04-25 15:12:46,520 - INFO - Epoch 27/70 58/77 loss: 0.4972 time 0.32s 
2026-04-25 15:12:46,841 - INFO - Epoch 27/70 59/77 loss: 0.4990 time 0.32s 
2026-04-25 15:12:47,162 - INFO - Epoch 27/70 60/77 loss: 0.4964 time 0.32s 
2026-04-25 15:12:47,483 - INFO - Epoch 27/70 61/77 loss: 0.4960 time 0.32s 
2026-04-25 15:12:47,806 - INFO - Epoch 27/70 62/77 loss: 0.4944 time 0.32s 
2026-04-25 15:12:48,127 - INFO - Epoch 27/70 63/77 loss: 0.4958 time 0.32s 
2026-04-25 15:12:48,448 - INFO - Epoch 27/70 64/77 loss: 0.4939 time 0.32s 
2026-04-25 15:12:48,771 - INFO - Epoch 27/70 65/77 loss: 0.4908 time 0.32s 
2026-04-25 15:12:49,091 - INFO - Epoch 27/70 66/77 loss: 0.4892 time 0.32s 
2026-04-25 15:12:49,413 - INFO - Epoch 27/70 67/77 loss: 0.4871 time 0.32s 
2026-04-25 15:12:49,735 - INFO - Epoch 27/70 68/77 loss: 0.4868 time 0.32s 
2026-04-25 15:12:50,054 - INFO - Epoch 27/70 69/77 loss: 0.4853 time 0.32s 
2026-04-25 15:12:50,372 - INFO - Epoch 27/70 70/77 loss: 0.4860 time 0.32s 
2026-04-25 15:12:50,689 - INFO - Epoch 27/70 71/77 loss: 0.4866 time 0.32s 
2026-04-25 15:12:51,010 - INFO - Epoch 27/70 72/77 loss: 0.4855 time 0.32s 
2026-04-25 15:12:51,327 - INFO - Epoch 27/70 73/77 loss: 0.4894 time 0.32s 
2026-04-25 15:12:51,646 - INFO - Epoch 27/70 74/77 loss: 0.4865 time 0.32s 
2026-04-25 15:12:51,965 - INFO - Epoch 27/70 75/77 loss: 0.4881 time 0.32s 
2026-04-25 15:12:52,144 - INFO - Epoch 27/70 76/77 loss: 0.4876 time 0.18s 
2026-04-25 15:12:52,233 - INFO - Latest training  27/69 loss: 0.4876 time 25.44s  lr: 1.0000e-04
2026-04-25 15:12:52,235 - INFO - Estimated remaining training time for the current model fold 0 is 0.55 hr, running time 0.35 hr, est total time 0.90 hr 

2026-04-25 15:12:53,238 - INFO - Epoch 28/70 0/77 loss: 0.3675 time 1.00s 
2026-04-25 15:12:53,563 - INFO - Epoch 28/70 1/77 loss: 0.4005 time 0.32s 
2026-04-25 15:12:53,885 - INFO - Epoch 28/70 2/77 loss: 0.4953 time 0.32s 
2026-04-25 15:12:54,208 - INFO - Epoch 28/70 3/77 loss: 0.4963 time 0.32s 
2026-04-25 15:12:54,529 - INFO - Epoch 28/70 4/77 loss: 0.5630 time 0.32s 
2026-04-25 15:12:54,850 - INFO - Epoch 28/70 5/77 loss: 0.5399 time 0.32s 
2026-04-25 15:12:55,172 - INFO - Epoch 28/70 6/77 loss: 0.5206 time 0.32s 
2026-04-25 15:12:55,496 - INFO - Epoch 28/70 7/77 loss: 0.4906 time 0.32s 
2026-04-25 15:12:55,818 - INFO - Epoch 28/70 8/77 loss: 0.4692 time 0.32s 
2026-04-25 15:12:56,139 - INFO - Epoch 28/70 9/77 loss: 0.4565 time 0.32s 
2026-04-25 15:12:56,461 - INFO - Epoch 28/70 10/77 loss: 0.4467 time 0.32s 
2026-04-25 15:12:56,783 - INFO - Epoch 28/70 11/77 loss: 0.4264 time 0.32s 
2026-04-25 15:12:57,103 - INFO - Epoch 28/70 12/77 loss: 0.4349 time 0.32s 
2026-04-25 15:12:57,425 - INFO - Epoch 28/70 13/77 loss: 0.4300 time 0.32s 
2026-04-25 15:12:57,747 - INFO - Epoch 28/70 14/77 loss: 0.4405 time 0.32s 
2026-04-25 15:12:58,068 - INFO - Epoch 28/70 15/77 loss: 0.4382 time 0.32s 
2026-04-25 15:12:58,390 - INFO - Epoch 28/70 16/77 loss: 0.4424 time 0.32s 
2026-04-25 15:12:58,716 - INFO - Epoch 28/70 17/77 loss: 0.4325 time 0.33s 
2026-04-25 15:12:59,039 - INFO - Epoch 28/70 18/77 loss: 0.4335 time 0.32s 
2026-04-25 15:12:59,360 - INFO - Epoch 28/70 19/77 loss: 0.4362 time 0.32s 
2026-04-25 15:12:59,682 - INFO - Epoch 28/70 20/77 loss: 0.4267 time 0.32s 
2026-04-25 15:13:00,005 - INFO - Epoch 28/70 21/77 loss: 0.4297 time 0.32s 
2026-04-25 15:13:00,326 - INFO - Epoch 28/70 22/77 loss: 0.4326 time 0.32s 
2026-04-25 15:13:00,647 - INFO - Epoch 28/70 23/77 loss: 0.4338 time 0.32s 
2026-04-25 15:13:00,969 - INFO - Epoch 28/70 24/77 loss: 0.4314 time 0.32s 
2026-04-25 15:13:01,291 - INFO - Epoch 28/70 25/77 loss: 0.4318 time 0.32s 
2026-04-25 15:13:01,612 - INFO - Epoch 28/70 26/77 loss: 0.4392 time 0.32s 
2026-04-25 15:13:01,933 - INFO - Epoch 28/70 27/77 loss: 0.4387 time 0.32s 
2026-04-25 15:13:02,254 - INFO - Epoch 28/70 28/77 loss: 0.4345 time 0.32s 
2026-04-25 15:13:02,576 - INFO - Epoch 28/70 29/77 loss: 0.4324 time 0.32s 
2026-04-25 15:13:02,897 - INFO - Epoch 28/70 30/77 loss: 0.4421 time 0.32s 
2026-04-25 15:13:03,219 - INFO - Epoch 28/70 31/77 loss: 0.4365 time 0.32s 
2026-04-25 15:13:03,539 - INFO - Epoch 28/70 32/77 loss: 0.4412 time 0.32s 
2026-04-25 15:13:03,861 - INFO - Epoch 28/70 33/77 loss: 0.4347 time 0.32s 
2026-04-25 15:13:04,182 - INFO - Epoch 28/70 34/77 loss: 0.4295 time 0.32s 
2026-04-25 15:13:04,503 - INFO - Epoch 28/70 35/77 loss: 0.4359 time 0.32s 
2026-04-25 15:13:04,826 - INFO - Epoch 28/70 36/77 loss: 0.4330 time 0.32s 
2026-04-25 15:13:05,148 - INFO - Epoch 28/70 37/77 loss: 0.4327 time 0.32s 
2026-04-25 15:13:05,470 - INFO - Epoch 28/70 38/77 loss: 0.4395 time 0.32s 
2026-04-25 15:13:05,792 - INFO - Epoch 28/70 39/77 loss: 0.4415 time 0.32s 
2026-04-25 15:13:06,113 - INFO - Epoch 28/70 40/77 loss: 0.4431 time 0.32s 
2026-04-25 15:13:06,434 - INFO - Epoch 28/70 41/77 loss: 0.4386 time 0.32s 
2026-04-25 15:13:06,755 - INFO - Epoch 28/70 42/77 loss: 0.4410 time 0.32s 
2026-04-25 15:13:07,078 - INFO - Epoch 28/70 43/77 loss: 0.4406 time 0.32s 
2026-04-25 15:13:07,400 - INFO - Epoch 28/70 44/77 loss: 0.4505 time 0.32s 
2026-04-25 15:13:07,725 - INFO - Epoch 28/70 45/77 loss: 0.4543 time 0.32s 
2026-04-25 15:13:08,046 - INFO - Epoch 28/70 46/77 loss: 0.4587 time 0.32s 
2026-04-25 15:13:08,367 - INFO - Epoch 28/70 47/77 loss: 0.4613 time 0.32s 
2026-04-25 15:13:08,689 - INFO - Epoch 28/70 48/77 loss: 0.4572 time 0.32s 
2026-04-25 15:13:09,009 - INFO - Epoch 28/70 49/77 loss: 0.4615 time 0.32s 
2026-04-25 15:13:09,333 - INFO - Epoch 28/70 50/77 loss: 0.4620 time 0.32s 
2026-04-25 15:13:09,653 - INFO - Epoch 28/70 51/77 loss: 0.4619 time 0.32s 
2026-04-25 15:13:09,975 - INFO - Epoch 28/70 52/77 loss: 0.4614 time 0.32s 
2026-04-25 15:13:10,297 - INFO - Epoch 28/70 53/77 loss: 0.4622 time 0.32s 
2026-04-25 15:13:10,618 - INFO - Epoch 28/70 54/77 loss: 0.4671 time 0.32s 
2026-04-25 15:13:10,940 - INFO - Epoch 28/70 55/77 loss: 0.4669 time 0.32s 
2026-04-25 15:13:11,263 - INFO - Epoch 28/70 56/77 loss: 0.4636 time 0.32s 
2026-04-25 15:13:11,586 - INFO - Epoch 28/70 57/77 loss: 0.4642 time 0.32s 
2026-04-25 15:13:11,907 - INFO - Epoch 28/70 58/77 loss: 0.4659 time 0.32s 
2026-04-25 15:13:12,228 - INFO - Epoch 28/70 59/77 loss: 0.4707 time 0.32s 
2026-04-25 15:13:12,553 - INFO - Epoch 28/70 60/77 loss: 0.4672 time 0.32s 
2026-04-25 15:13:12,872 - INFO - Epoch 28/70 61/77 loss: 0.4667 time 0.32s 
2026-04-25 15:13:13,194 - INFO - Epoch 28/70 62/77 loss: 0.4704 time 0.32s 
2026-04-25 15:13:13,515 - INFO - Epoch 28/70 63/77 loss: 0.4684 time 0.32s 
2026-04-25 15:13:13,838 - INFO - Epoch 28/70 64/77 loss: 0.4694 time 0.32s 
2026-04-25 15:13:14,160 - INFO - Epoch 28/70 65/77 loss: 0.4684 time 0.32s 
2026-04-25 15:13:14,481 - INFO - Epoch 28/70 66/77 loss: 0.4720 time 0.32s 
2026-04-25 15:13:14,801 - INFO - Epoch 28/70 67/77 loss: 0.4719 time 0.32s 
2026-04-25 15:13:15,122 - INFO - Epoch 28/70 68/77 loss: 0.4730 time 0.32s 
2026-04-25 15:13:15,441 - INFO - Epoch 28/70 69/77 loss: 0.4731 time 0.32s 
2026-04-25 15:13:15,757 - INFO - Epoch 28/70 70/77 loss: 0.4721 time 0.32s 
2026-04-25 15:13:16,077 - INFO - Epoch 28/70 71/77 loss: 0.4717 time 0.32s 
2026-04-25 15:13:16,395 - INFO - Epoch 28/70 72/77 loss: 0.4707 time 0.32s 
2026-04-25 15:13:16,713 - INFO - Epoch 28/70 73/77 loss: 0.4681 time 0.32s 
2026-04-25 15:13:17,030 - INFO - Epoch 28/70 74/77 loss: 0.4689 time 0.32s 
2026-04-25 15:13:17,348 - INFO - Epoch 28/70 75/77 loss: 0.4682 time 0.32s 
2026-04-25 15:13:17,526 - INFO - Epoch 28/70 76/77 loss: 0.4665 time 0.18s 
2026-04-25 15:13:17,614 - INFO - Latest training  28/69 loss: 0.4665 time 25.38s  lr: 1.0000e-04
2026-04-25 15:13:17,614 - INFO - Estimated remaining training time for the current model fold 0 is 0.54 hr, running time 0.36 hr, est total time 0.90 hr 

2026-04-25 15:13:18,591 - INFO - Epoch 29/70 0/77 loss: 0.5794 time 0.98s 
2026-04-25 15:13:18,914 - INFO - Epoch 29/70 1/77 loss: 0.5254 time 0.32s 
2026-04-25 15:13:19,237 - INFO - Epoch 29/70 2/77 loss: 0.6172 time 0.32s 
2026-04-25 15:13:19,564 - INFO - Epoch 29/70 3/77 loss: 0.5793 time 0.33s 
2026-04-25 15:13:19,885 - INFO - Epoch 29/70 4/77 loss: 0.5577 time 0.32s 
2026-04-25 15:13:20,206 - INFO - Epoch 29/70 5/77 loss: 0.5730 time 0.32s 
2026-04-25 15:13:20,529 - INFO - Epoch 29/70 6/77 loss: 0.5698 time 0.32s 
2026-04-25 15:13:20,851 - INFO - Epoch 29/70 7/77 loss: 0.5610 time 0.32s 
2026-04-25 15:13:21,173 - INFO - Epoch 29/70 8/77 loss: 0.5324 time 0.32s 
2026-04-25 15:13:21,494 - INFO - Epoch 29/70 9/77 loss: 0.5392 time 0.32s 
2026-04-25 15:13:21,817 - INFO - Epoch 29/70 10/77 loss: 0.5358 time 0.32s 
2026-04-25 15:13:22,137 - INFO - Epoch 29/70 11/77 loss: 0.5097 time 0.32s 
2026-04-25 15:13:22,458 - INFO - Epoch 29/70 12/77 loss: 0.5099 time 0.32s 
2026-04-25 15:13:22,779 - INFO - Epoch 29/70 13/77 loss: 0.4899 time 0.32s 
2026-04-25 15:13:23,099 - INFO - Epoch 29/70 14/77 loss: 0.4859 time 0.32s 
2026-04-25 15:13:23,419 - INFO - Epoch 29/70 15/77 loss: 0.4890 time 0.32s 
2026-04-25 15:13:23,740 - INFO - Epoch 29/70 16/77 loss: 0.5215 time 0.32s 
2026-04-25 15:13:24,061 - INFO - Epoch 29/70 17/77 loss: 0.5129 time 0.32s 
2026-04-25 15:13:24,384 - INFO - Epoch 29/70 18/77 loss: 0.5170 time 0.32s 
2026-04-25 15:13:24,706 - INFO - Epoch 29/70 19/77 loss: 0.5043 time 0.32s 
2026-04-25 15:13:25,029 - INFO - Epoch 29/70 20/77 loss: 0.5061 time 0.32s 
2026-04-25 15:13:25,350 - INFO - Epoch 29/70 21/77 loss: 0.4952 time 0.32s 
2026-04-25 15:13:25,673 - INFO - Epoch 29/70 22/77 loss: 0.4862 time 0.32s 
2026-04-25 15:13:25,994 - INFO - Epoch 29/70 23/77 loss: 0.4804 time 0.32s 
2026-04-25 15:13:26,317 - INFO - Epoch 29/70 24/77 loss: 0.4810 time 0.32s 
2026-04-25 15:13:26,640 - INFO - Epoch 29/70 25/77 loss: 0.4750 time 0.32s 
2026-04-25 15:13:26,960 - INFO - Epoch 29/70 26/77 loss: 0.4799 time 0.32s 
2026-04-25 15:13:27,282 - INFO - Epoch 29/70 27/77 loss: 0.4798 time 0.32s 
2026-04-25 15:13:27,603 - INFO - Epoch 29/70 28/77 loss: 0.4832 time 0.32s 
2026-04-25 15:13:27,924 - INFO - Epoch 29/70 29/77 loss: 0.4810 time 0.32s 
2026-04-25 15:13:28,245 - INFO - Epoch 29/70 30/77 loss: 0.4875 time 0.32s 
2026-04-25 15:13:28,567 - INFO - Epoch 29/70 31/77 loss: 0.4869 time 0.32s 
2026-04-25 15:13:28,888 - INFO - Epoch 29/70 32/77 loss: 0.4864 time 0.32s 
2026-04-25 15:13:29,210 - INFO - Epoch 29/70 33/77 loss: 0.4859 time 0.32s 
2026-04-25 15:13:29,531 - INFO - Epoch 29/70 34/77 loss: 0.4836 time 0.32s 
2026-04-25 15:13:29,853 - INFO - Epoch 29/70 35/77 loss: 0.4826 time 0.32s 
2026-04-25 15:13:30,176 - INFO - Epoch 29/70 36/77 loss: 0.4782 time 0.32s 
2026-04-25 15:13:30,498 - INFO - Epoch 29/70 37/77 loss: 0.4821 time 0.32s 
2026-04-25 15:13:30,819 - INFO - Epoch 29/70 38/77 loss: 0.4764 time 0.32s 
2026-04-25 15:13:31,142 - INFO - Epoch 29/70 39/77 loss: 0.4732 time 0.32s 
2026-04-25 15:13:31,463 - INFO - Epoch 29/70 40/77 loss: 0.4756 time 0.32s 
2026-04-25 15:13:31,785 - INFO - Epoch 29/70 41/77 loss: 0.4728 time 0.32s 
2026-04-25 15:13:32,107 - INFO - Epoch 29/70 42/77 loss: 0.4701 time 0.32s 
2026-04-25 15:13:32,428 - INFO - Epoch 29/70 43/77 loss: 0.4676 time 0.32s 
2026-04-25 15:13:32,748 - INFO - Epoch 29/70 44/77 loss: 0.4690 time 0.32s 
2026-04-25 15:13:33,072 - INFO - Epoch 29/70 45/77 loss: 0.4710 time 0.32s 
2026-04-25 15:13:33,394 - INFO - Epoch 29/70 46/77 loss: 0.4694 time 0.32s 
2026-04-25 15:13:33,719 - INFO - Epoch 29/70 47/77 loss: 0.4652 time 0.32s 
2026-04-25 15:13:34,041 - INFO - Epoch 29/70 48/77 loss: 0.4656 time 0.32s 
2026-04-25 15:13:34,363 - INFO - Epoch 29/70 49/77 loss: 0.4619 time 0.32s 
2026-04-25 15:13:34,685 - INFO - Epoch 29/70 50/77 loss: 0.4626 time 0.32s 
2026-04-25 15:13:35,007 - INFO - Epoch 29/70 51/77 loss: 0.4624 time 0.32s 
2026-04-25 15:13:35,330 - INFO - Epoch 29/70 52/77 loss: 0.4603 time 0.32s 
2026-04-25 15:13:35,651 - INFO - Epoch 29/70 53/77 loss: 0.4599 time 0.32s 
2026-04-25 15:13:35,972 - INFO - Epoch 29/70 54/77 loss: 0.4597 time 0.32s 
2026-04-25 15:13:36,293 - INFO - Epoch 29/70 55/77 loss: 0.4583 time 0.32s 
2026-04-25 15:13:36,615 - INFO - Epoch 29/70 56/77 loss: 0.4563 time 0.32s 
2026-04-25 15:13:36,936 - INFO - Epoch 29/70 57/77 loss: 0.4550 time 0.32s 
2026-04-25 15:13:37,259 - INFO - Epoch 29/70 58/77 loss: 0.4568 time 0.32s 
2026-04-25 15:13:37,580 - INFO - Epoch 29/70 59/77 loss: 0.4581 time 0.32s 
2026-04-25 15:13:37,901 - INFO - Epoch 29/70 60/77 loss: 0.4565 time 0.32s 
2026-04-25 15:13:38,222 - INFO - Epoch 29/70 61/77 loss: 0.4591 time 0.32s 
2026-04-25 15:13:38,544 - INFO - Epoch 29/70 62/77 loss: 0.4652 time 0.32s 
2026-04-25 15:13:38,865 - INFO - Epoch 29/70 63/77 loss: 0.4636 time 0.32s 
2026-04-25 15:13:39,186 - INFO - Epoch 29/70 64/77 loss: 0.4602 time 0.32s 
2026-04-25 15:13:39,509 - INFO - Epoch 29/70 65/77 loss: 0.4634 time 0.32s 
2026-04-25 15:13:39,831 - INFO - Epoch 29/70 66/77 loss: 0.4710 time 0.32s 
2026-04-25 15:13:40,151 - INFO - Epoch 29/70 67/77 loss: 0.4704 time 0.32s 
2026-04-25 15:13:40,471 - INFO - Epoch 29/70 68/77 loss: 0.4697 time 0.32s 
2026-04-25 15:13:40,790 - INFO - Epoch 29/70 69/77 loss: 0.4724 time 0.32s 
2026-04-25 15:13:41,109 - INFO - Epoch 29/70 70/77 loss: 0.4708 time 0.32s 
2026-04-25 15:13:41,426 - INFO - Epoch 29/70 71/77 loss: 0.4699 time 0.32s 
2026-04-25 15:13:41,745 - INFO - Epoch 29/70 72/77 loss: 0.4697 time 0.32s 
2026-04-25 15:13:42,062 - INFO - Epoch 29/70 73/77 loss: 0.4697 time 0.32s 
2026-04-25 15:13:42,379 - INFO - Epoch 29/70 74/77 loss: 0.4722 time 0.32s 
2026-04-25 15:13:42,697 - INFO - Epoch 29/70 75/77 loss: 0.4718 time 0.32s 
2026-04-25 15:13:42,875 - INFO - Epoch 29/70 76/77 loss: 0.4721 time 0.18s 
2026-04-25 15:13:42,968 - INFO - Latest training  29/69 loss: 0.4721 time 25.35s  lr: 1.0000e-04
2026-04-25 15:13:48,405 - INFO - Val 29/70 0/30 loss: 0.8893 acc 0.6834061135371179  time 5.42s
2026-04-25 15:13:52,058 - INFO - Val 29/70 1/30 loss: 0.6331 acc 0.7764705882352941  time 3.65s
2026-04-25 15:13:55,801 - INFO - Val 29/70 2/30 loss: 0.5219 acc 0.8171091445427728  time 3.74s
2026-04-25 15:13:59,404 - INFO - Val 29/70 3/30 loss: 0.3726 acc 0.8158730158730159  time 3.60s
2026-04-25 15:14:03,085 - INFO - Val 29/70 4/30 loss: 0.4334 acc 0.7933333333333333  time 3.68s
2026-04-25 15:14:06,925 - INFO - Val 29/70 5/30 loss: 0.7082 acc 0.8352534562211982  time 3.84s
2026-04-25 15:14:10,678 - INFO - Val 29/70 6/30 loss: 0.6797 acc 0.7752161383285303  time 3.75s
2026-04-25 15:14:14,312 - INFO - Val 29/70 7/30 loss: 0.3172 acc 0.8853503184713376  time 3.63s
2026-04-25 15:14:18,110 - INFO - Val 29/70 8/30 loss: 0.8868 acc 0.812958435207824  time 3.80s
2026-04-25 15:14:21,867 - INFO - Val 29/70 9/30 loss: 0.5219 acc 0.859304084720121  time 3.76s
2026-04-25 15:14:25,503 - INFO - Val 29/70 10/30 loss: 0.3284 acc 0.8839050131926122  time 3.64s
2026-04-25 15:14:29,193 - INFO - Val 29/70 11/30 loss: 0.4217 acc 0.8181818181818182  time 3.69s
2026-04-25 15:14:32,789 - INFO - Val 29/70 12/30 loss: 0.3716 acc 0.7733812949640287  time 3.60s
2026-04-25 15:14:36,560 - INFO - Val 29/70 13/30 loss: 0.5978 acc 0.8465991316931982  time 3.77s
2026-04-25 15:14:40,145 - INFO - Val 29/70 14/30 loss: 0.2205 acc 0.7837837837837838  time 3.59s
2026-04-25 15:14:43,777 - INFO - Val 29/70 15/30 loss: 0.3051 acc 0.8400852878464818  time 3.63s
2026-04-25 15:14:47,571 - INFO - Val 29/70 16/30 loss: 0.6164 acc 0.8645980253878702  time 3.79s
2026-04-25 15:14:51,284 - INFO - Val 29/70 17/30 loss: 0.4303 acc 0.8025134649910234  time 3.71s
2026-04-25 15:14:54,945 - INFO - Val 29/70 18/30 loss: 0.6407 acc 0.743801652892562  time 3.66s
2026-04-25 15:14:58,610 - INFO - Val 29/70 19/30 loss: 0.4523 acc 0.8049281314168378  time 3.66s
2026-04-25 15:15:02,305 - INFO - Val 29/70 20/30 loss: 0.2697 acc 0.9077212806026366  time 3.69s
2026-04-25 15:15:05,995 - INFO - Val 29/70 21/30 loss: 0.2512 acc 0.9245283018867925  time 3.69s
2026-04-25 15:15:09,563 - INFO - Val 29/70 22/30 loss: 0.1935 acc 0.8473282442748091  time 3.57s
2026-04-25 15:15:13,373 - INFO - Val 29/70 23/30 loss: 0.5212 acc 0.82328190743338  time 3.81s
2026-04-25 15:15:17,042 - INFO - Val 29/70 24/30 loss: 0.2835 acc 0.8713692946058091  time 3.67s
2026-04-25 15:15:20,655 - INFO - Val 29/70 25/30 loss: 0.4088 acc 0.6992481203007519  time 3.61s
2026-04-25 15:15:24,588 - INFO - Val 29/70 26/30 loss: 0.7970 acc 0.8452012383900929  time 3.93s
2026-04-25 15:15:28,217 - INFO - Val 29/70 27/30 loss: 0.5681 acc 0.7102272727272727  time 3.63s
2026-04-25 15:15:31,994 - INFO - Val 29/70 28/30 loss: 0.5377 acc 0.8258992805755395  time 3.78s
2026-04-25 15:15:35,625 - INFO - Val 29/70 29/30 loss: 0.3582 acc 0.7872860635696821  time 3.63s
2026-04-25 15:15:35,698 - INFO - Latest validation 29/69 loss: 0.4846 acc_avg: 0.8153 acc: 0.8152714371681213 time: 112.73s
2026-04-25 15:15:39,273 - INFO - Saving checkpoint process: ./models/puma/model_final.pt, {'epoch': 29, 'best_metric': 0.8152714371681213}, save_time 3.57s
2026-04-25 15:15:39,273 - INFO - Estimated remaining training time for the current model fold 0 is 0.51 hr, running time 0.40 hr, est total time 0.91 hr 

2026-04-25 15:15:40,277 - INFO - Epoch 30/70 0/77 loss: 0.2729 time 1.00s 
2026-04-25 15:15:40,602 - INFO - Epoch 30/70 1/77 loss: 0.5444 time 0.32s 
2026-04-25 15:15:40,927 - INFO - Epoch 30/70 2/77 loss: 0.4878 time 0.32s 
2026-04-25 15:15:41,250 - INFO - Epoch 30/70 3/77 loss: 0.4343 time 0.32s 
2026-04-25 15:15:41,574 - INFO - Epoch 30/70 4/77 loss: 0.4124 time 0.32s 
2026-04-25 15:15:41,901 - INFO - Epoch 30/70 5/77 loss: 0.4361 time 0.33s 
2026-04-25 15:15:42,223 - INFO - Epoch 30/70 6/77 loss: 0.4488 time 0.32s 
2026-04-25 15:15:42,548 - INFO - Epoch 30/70 7/77 loss: 0.4354 time 0.32s 
2026-04-25 15:15:42,871 - INFO - Epoch 30/70 8/77 loss: 0.4347 time 0.32s 
2026-04-25 15:15:43,209 - INFO - Epoch 30/70 9/77 loss: 0.4465 time 0.34s 
2026-04-25 15:15:43,532 - INFO - Epoch 30/70 10/77 loss: 0.4405 time 0.32s 
2026-04-25 15:15:43,855 - INFO - Epoch 30/70 11/77 loss: 0.4495 time 0.32s 
2026-04-25 15:15:44,177 - INFO - Epoch 30/70 12/77 loss: 0.4519 time 0.32s 
2026-04-25 15:15:44,500 - INFO - Epoch 30/70 13/77 loss: 0.4644 time 0.32s 
2026-04-25 15:15:44,823 - INFO - Epoch 30/70 14/77 loss: 0.4782 time 0.32s 
2026-04-25 15:15:45,146 - INFO - Epoch 30/70 15/77 loss: 0.4718 time 0.32s 
2026-04-25 15:15:45,470 - INFO - Epoch 30/70 16/77 loss: 0.4603 time 0.32s 
2026-04-25 15:15:45,794 - INFO - Epoch 30/70 17/77 loss: 0.4732 time 0.32s 
2026-04-25 15:15:46,122 - INFO - Epoch 30/70 18/77 loss: 0.4743 time 0.33s 
2026-04-25 15:15:46,446 - INFO - Epoch 30/70 19/77 loss: 0.4826 time 0.32s 
2026-04-25 15:15:46,769 - INFO - Epoch 30/70 20/77 loss: 0.4701 time 0.32s 
2026-04-25 15:15:47,093 - INFO - Epoch 30/70 21/77 loss: 0.4659 time 0.32s 
2026-04-25 15:15:47,417 - INFO - Epoch 30/70 22/77 loss: 0.4576 time 0.32s 
2026-04-25 15:15:47,744 - INFO - Epoch 30/70 23/77 loss: 0.4457 time 0.33s 
2026-04-25 15:15:48,068 - INFO - Epoch 30/70 24/77 loss: 0.4413 time 0.32s 
2026-04-25 15:15:48,393 - INFO - Epoch 30/70 25/77 loss: 0.4442 time 0.32s 
2026-04-25 15:15:48,715 - INFO - Epoch 30/70 26/77 loss: 0.4415 time 0.32s 
2026-04-25 15:15:49,040 - INFO - Epoch 30/70 27/77 loss: 0.4383 time 0.32s 
2026-04-25 15:15:49,363 - INFO - Epoch 30/70 28/77 loss: 0.4338 time 0.32s 
2026-04-25 15:15:49,687 - INFO - Epoch 30/70 29/77 loss: 0.4438 time 0.32s 
2026-04-25 15:15:50,012 - INFO - Epoch 30/70 30/77 loss: 0.4410 time 0.32s 
2026-04-25 15:15:50,336 - INFO - Epoch 30/70 31/77 loss: 0.4347 time 0.32s 
2026-04-25 15:15:50,661 - INFO - Epoch 30/70 32/77 loss: 0.4422 time 0.32s 
2026-04-25 15:15:50,985 - INFO - Epoch 30/70 33/77 loss: 0.4420 time 0.32s 
2026-04-25 15:15:51,310 - INFO - Epoch 30/70 34/77 loss: 0.4358 time 0.32s 
2026-04-25 15:15:51,634 - INFO - Epoch 30/70 35/77 loss: 0.4361 time 0.32s 
2026-04-25 15:15:51,959 - INFO - Epoch 30/70 36/77 loss: 0.4410 time 0.32s 
2026-04-25 15:15:52,282 - INFO - Epoch 30/70 37/77 loss: 0.4413 time 0.32s 
2026-04-25 15:15:52,605 - INFO - Epoch 30/70 38/77 loss: 0.4480 time 0.32s 
2026-04-25 15:15:52,929 - INFO - Epoch 30/70 39/77 loss: 0.4516 time 0.32s 
2026-04-25 15:15:53,254 - INFO - Epoch 30/70 40/77 loss: 0.4480 time 0.32s 
2026-04-25 15:15:53,575 - INFO - Epoch 30/70 41/77 loss: 0.4470 time 0.32s 
2026-04-25 15:15:53,898 - INFO - Epoch 30/70 42/77 loss: 0.4491 time 0.32s 
2026-04-25 15:15:54,223 - INFO - Epoch 30/70 43/77 loss: 0.4491 time 0.32s 
2026-04-25 15:15:54,547 - INFO - Epoch 30/70 44/77 loss: 0.4488 time 0.32s 
2026-04-25 15:15:54,871 - INFO - Epoch 30/70 45/77 loss: 0.4481 time 0.32s 
2026-04-25 15:15:55,195 - INFO - Epoch 30/70 46/77 loss: 0.4446 time 0.32s 
2026-04-25 15:15:55,517 - INFO - Epoch 30/70 47/77 loss: 0.4460 time 0.32s 
2026-04-25 15:15:55,844 - INFO - Epoch 30/70 48/77 loss: 0.4467 time 0.33s 
2026-04-25 15:15:56,166 - INFO - Epoch 30/70 49/77 loss: 0.4469 time 0.32s 
2026-04-25 15:15:56,489 - INFO - Epoch 30/70 50/77 loss: 0.4486 time 0.32s 
2026-04-25 15:15:56,813 - INFO - Epoch 30/70 51/77 loss: 0.4462 time 0.32s 
2026-04-25 15:15:57,136 - INFO - Epoch 30/70 52/77 loss: 0.4502 time 0.32s 
2026-04-25 15:15:57,459 - INFO - Epoch 30/70 53/77 loss: 0.4472 time 0.32s 
2026-04-25 15:15:57,782 - INFO - Epoch 30/70 54/77 loss: 0.4474 time 0.32s 
2026-04-25 15:15:58,106 - INFO - Epoch 30/70 55/77 loss: 0.4453 time 0.32s 
2026-04-25 15:15:58,429 - INFO - Epoch 30/70 56/77 loss: 0.4422 time 0.32s 
2026-04-25 15:15:58,754 - INFO - Epoch 30/70 57/77 loss: 0.4435 time 0.32s 
2026-04-25 15:15:59,079 - INFO - Epoch 30/70 58/77 loss: 0.4417 time 0.32s 
2026-04-25 15:15:59,401 - INFO - Epoch 30/70 59/77 loss: 0.4417 time 0.32s 
2026-04-25 15:15:59,725 - INFO - Epoch 30/70 60/77 loss: 0.4433 time 0.32s 
2026-04-25 15:16:00,046 - INFO - Epoch 30/70 61/77 loss: 0.4452 time 0.32s 
2026-04-25 15:16:00,370 - INFO - Epoch 30/70 62/77 loss: 0.4430 time 0.32s 
2026-04-25 15:16:00,693 - INFO - Epoch 30/70 63/77 loss: 0.4417 time 0.32s 
2026-04-25 15:16:01,017 - INFO - Epoch 30/70 64/77 loss: 0.4394 time 0.32s 
2026-04-25 15:16:01,340 - INFO - Epoch 30/70 65/77 loss: 0.4442 time 0.32s 
2026-04-25 15:16:01,663 - INFO - Epoch 30/70 66/77 loss: 0.4432 time 0.32s 
2026-04-25 15:16:01,988 - INFO - Epoch 30/70 67/77 loss: 0.4495 time 0.32s 
2026-04-25 15:16:02,310 - INFO - Epoch 30/70 68/77 loss: 0.4476 time 0.32s 
2026-04-25 15:16:02,628 - INFO - Epoch 30/70 69/77 loss: 0.4528 time 0.32s 
2026-04-25 15:16:02,946 - INFO - Epoch 30/70 70/77 loss: 0.4524 time 0.32s 
2026-04-25 15:16:03,264 - INFO - Epoch 30/70 71/77 loss: 0.4519 time 0.32s 
2026-04-25 15:16:03,582 - INFO - Epoch 30/70 72/77 loss: 0.4500 time 0.32s 
2026-04-25 15:16:03,900 - INFO - Epoch 30/70 73/77 loss: 0.4564 time 0.32s 
2026-04-25 15:16:04,219 - INFO - Epoch 30/70 74/77 loss: 0.4611 time 0.32s 
2026-04-25 15:16:04,537 - INFO - Epoch 30/70 75/77 loss: 0.4596 time 0.32s 
2026-04-25 15:16:04,716 - INFO - Epoch 30/70 76/77 loss: 0.4599 time 0.18s 
2026-04-25 15:16:04,798 - INFO - Latest training  30/69 loss: 0.4599 time 25.52s  lr: 1.0000e-04
2026-04-25 15:16:04,799 - INFO - Estimated remaining training time for the current model fold 0 is 0.50 hr, running time 0.41 hr, est total time 0.91 hr 

2026-04-25 15:16:05,835 - INFO - Epoch 31/70 0/77 loss: 0.3696 time 1.03s 
2026-04-25 15:16:06,157 - INFO - Epoch 31/70 1/77 loss: 0.3587 time 0.32s 
2026-04-25 15:16:06,480 - INFO - Epoch 31/70 2/77 loss: 0.4885 time 0.32s 
2026-04-25 15:16:06,803 - INFO - Epoch 31/70 3/77 loss: 0.5217 time 0.32s 
2026-04-25 15:16:07,125 - INFO - Epoch 31/70 4/77 loss: 0.5163 time 0.32s 
2026-04-25 15:16:07,449 - INFO - Epoch 31/70 5/77 loss: 0.4567 time 0.32s 
2026-04-25 15:16:07,773 - INFO - Epoch 31/70 6/77 loss: 0.4647 time 0.32s 
2026-04-25 15:16:08,098 - INFO - Epoch 31/70 7/77 loss: 0.4590 time 0.32s 
2026-04-25 15:16:08,421 - INFO - Epoch 31/70 8/77 loss: 0.5246 time 0.32s 
2026-04-25 15:16:08,744 - INFO - Epoch 31/70 9/77 loss: 0.5012 time 0.32s 
2026-04-25 15:16:09,068 - INFO - Epoch 31/70 10/77 loss: 0.4984 time 0.32s 
2026-04-25 15:16:09,391 - INFO - Epoch 31/70 11/77 loss: 0.4936 time 0.32s 
2026-04-25 15:16:09,715 - INFO - Epoch 31/70 12/77 loss: 0.4959 time 0.32s 
2026-04-25 15:16:10,038 - INFO - Epoch 31/70 13/77 loss: 0.4894 time 0.32s 
2026-04-25 15:16:10,362 - INFO - Epoch 31/70 14/77 loss: 0.4874 time 0.32s 
2026-04-25 15:16:10,684 - INFO - Epoch 31/70 15/77 loss: 0.4802 time 0.32s 
2026-04-25 15:16:11,010 - INFO - Epoch 31/70 16/77 loss: 0.4775 time 0.33s 
2026-04-25 15:16:11,333 - INFO - Epoch 31/70 17/77 loss: 0.4822 time 0.32s 
2026-04-25 15:16:11,656 - INFO - Epoch 31/70 18/77 loss: 0.4782 time 0.32s 
2026-04-25 15:16:11,979 - INFO - Epoch 31/70 19/77 loss: 0.4924 time 0.32s 
2026-04-25 15:16:12,305 - INFO - Epoch 31/70 20/77 loss: 0.4883 time 0.33s 
2026-04-25 15:16:12,627 - INFO - Epoch 31/70 21/77 loss: 0.4818 time 0.32s 
2026-04-25 15:16:12,951 - INFO - Epoch 31/70 22/77 loss: 0.4840 time 0.32s 
2026-04-25 15:16:13,274 - INFO - Epoch 31/70 23/77 loss: 0.4786 time 0.32s 
2026-04-25 15:16:13,597 - INFO - Epoch 31/70 24/77 loss: 0.4758 time 0.32s 
2026-04-25 15:16:13,919 - INFO - Epoch 31/70 25/77 loss: 0.4724 time 0.32s 
2026-04-25 15:16:14,242 - INFO - Epoch 31/70 26/77 loss: 0.4755 time 0.32s 
2026-04-25 15:16:14,564 - INFO - Epoch 31/70 27/77 loss: 0.4738 time 0.32s 
2026-04-25 15:16:14,885 - INFO - Epoch 31/70 28/77 loss: 0.4758 time 0.32s 
2026-04-25 15:16:15,208 - INFO - Epoch 31/70 29/77 loss: 0.4761 time 0.32s 
2026-04-25 15:16:15,530 - INFO - Epoch 31/70 30/77 loss: 0.4725 time 0.32s 
2026-04-25 15:16:15,854 - INFO - Epoch 31/70 31/77 loss: 0.4764 time 0.32s 
2026-04-25 15:16:16,175 - INFO - Epoch 31/70 32/77 loss: 0.4775 time 0.32s 
2026-04-25 15:16:16,497 - INFO - Epoch 31/70 33/77 loss: 0.4769 time 0.32s 
2026-04-25 15:16:16,820 - INFO - Epoch 31/70 34/77 loss: 0.4765 time 0.32s 
2026-04-25 15:16:17,141 - INFO - Epoch 31/70 35/77 loss: 0.4743 time 0.32s 
2026-04-25 15:16:17,465 - INFO - Epoch 31/70 36/77 loss: 0.4685 time 0.32s 
2026-04-25 15:16:17,788 - INFO - Epoch 31/70 37/77 loss: 0.4709 time 0.32s 
2026-04-25 15:16:18,108 - INFO - Epoch 31/70 38/77 loss: 0.4656 time 0.32s 
2026-04-25 15:16:18,429 - INFO - Epoch 31/70 39/77 loss: 0.4584 time 0.32s 
2026-04-25 15:16:18,749 - INFO - Epoch 31/70 40/77 loss: 0.4641 time 0.32s 
2026-04-25 15:16:19,072 - INFO - Epoch 31/70 41/77 loss: 0.4636 time 0.32s 
2026-04-25 15:16:19,393 - INFO - Epoch 31/70 42/77 loss: 0.4591 time 0.32s 
2026-04-25 15:16:19,714 - INFO - Epoch 31/70 43/77 loss: 0.4651 time 0.32s 
2026-04-25 15:16:20,035 - INFO - Epoch 31/70 44/77 loss: 0.4632 time 0.32s 
2026-04-25 15:16:20,355 - INFO - Epoch 31/70 45/77 loss: 0.4632 time 0.32s 
2026-04-25 15:16:20,676 - INFO - Epoch 31/70 46/77 loss: 0.4620 time 0.32s 
2026-04-25 15:16:20,998 - INFO - Epoch 31/70 47/77 loss: 0.4613 time 0.32s 
2026-04-25 15:16:21,318 - INFO - Epoch 31/70 48/77 loss: 0.4590 time 0.32s 
2026-04-25 15:16:21,639 - INFO - Epoch 31/70 49/77 loss: 0.4620 time 0.32s 
2026-04-25 15:16:21,959 - INFO - Epoch 31/70 50/77 loss: 0.4587 time 0.32s 
2026-04-25 15:16:22,282 - INFO - Epoch 31/70 51/77 loss: 0.4560 time 0.32s 
2026-04-25 15:16:22,605 - INFO - Epoch 31/70 52/77 loss: 0.4604 time 0.32s 
2026-04-25 15:16:22,925 - INFO - Epoch 31/70 53/77 loss: 0.4601 time 0.32s 
2026-04-25 15:16:23,246 - INFO - Epoch 31/70 54/77 loss: 0.4632 time 0.32s 
2026-04-25 15:16:23,567 - INFO - Epoch 31/70 55/77 loss: 0.4615 time 0.32s 
2026-04-25 15:16:23,890 - INFO - Epoch 31/70 56/77 loss: 0.4619 time 0.32s 
2026-04-25 15:16:24,213 - INFO - Epoch 31/70 57/77 loss: 0.4624 time 0.32s 
2026-04-25 15:16:24,534 - INFO - Epoch 31/70 58/77 loss: 0.4632 time 0.32s 
2026-04-25 15:16:24,855 - INFO - Epoch 31/70 59/77 loss: 0.4625 time 0.32s 
2026-04-25 15:16:25,177 - INFO - Epoch 31/70 60/77 loss: 0.4638 time 0.32s 
2026-04-25 15:16:25,499 - INFO - Epoch 31/70 61/77 loss: 0.4616 time 0.32s 
2026-04-25 15:16:25,820 - INFO - Epoch 31/70 62/77 loss: 0.4603 time 0.32s 
2026-04-25 15:16:26,141 - INFO - Epoch 31/70 63/77 loss: 0.4590 time 0.32s 
2026-04-25 15:16:26,461 - INFO - Epoch 31/70 64/77 loss: 0.4570 time 0.32s 
2026-04-25 15:16:26,782 - INFO - Epoch 31/70 65/77 loss: 0.4565 time 0.32s 
2026-04-25 15:16:27,101 - INFO - Epoch 31/70 66/77 loss: 0.4604 time 0.32s 
2026-04-25 15:16:27,423 - INFO - Epoch 31/70 67/77 loss: 0.4587 time 0.32s 
2026-04-25 15:16:27,744 - INFO - Epoch 31/70 68/77 loss: 0.4573 time 0.32s 
2026-04-25 15:16:28,064 - INFO - Epoch 31/70 69/77 loss: 0.4575 time 0.32s 
2026-04-25 15:16:28,382 - INFO - Epoch 31/70 70/77 loss: 0.4580 time 0.32s 
2026-04-25 15:16:28,699 - INFO - Epoch 31/70 71/77 loss: 0.4542 time 0.32s 
2026-04-25 15:16:29,016 - INFO - Epoch 31/70 72/77 loss: 0.4573 time 0.32s 
2026-04-25 15:16:29,334 - INFO - Epoch 31/70 73/77 loss: 0.4597 time 0.32s 
2026-04-25 15:16:29,652 - INFO - Epoch 31/70 74/77 loss: 0.4622 time 0.32s 
2026-04-25 15:16:29,973 - INFO - Epoch 31/70 75/77 loss: 0.4594 time 0.32s 
2026-04-25 15:16:30,150 - INFO - Epoch 31/70 76/77 loss: 0.4593 time 0.18s 
2026-04-25 15:16:30,236 - INFO - Latest training  31/69 loss: 0.4593 time 25.44s  lr: 1.0000e-04
2026-04-25 15:16:30,238 - INFO - Estimated remaining training time for the current model fold 0 is 0.49 hr, running time 0.41 hr, est total time 0.91 hr 

2026-04-25 15:16:31,281 - INFO - Epoch 32/70 0/77 loss: 0.3946 time 1.04s 
2026-04-25 15:16:31,601 - INFO - Epoch 32/70 1/77 loss: 0.4172 time 0.32s 
2026-04-25 15:16:31,923 - INFO - Epoch 32/70 2/77 loss: 0.3688 time 0.32s 
2026-04-25 15:16:32,245 - INFO - Epoch 32/70 3/77 loss: 0.4265 time 0.32s 
2026-04-25 15:16:32,568 - INFO - Epoch 32/70 4/77 loss: 0.4589 time 0.32s 
2026-04-25 15:16:32,889 - INFO - Epoch 32/70 5/77 loss: 0.4748 time 0.32s 
2026-04-25 15:16:33,211 - INFO - Epoch 32/70 6/77 loss: 0.4479 time 0.32s 
2026-04-25 15:16:33,534 - INFO - Epoch 32/70 7/77 loss: 0.4675 time 0.32s 
2026-04-25 15:16:33,860 - INFO - Epoch 32/70 8/77 loss: 0.4676 time 0.33s 
2026-04-25 15:16:34,182 - INFO - Epoch 32/70 9/77 loss: 0.4557 time 0.32s 
2026-04-25 15:16:34,506 - INFO - Epoch 32/70 10/77 loss: 0.4373 time 0.32s 
2026-04-25 15:16:34,834 - INFO - Epoch 32/70 11/77 loss: 0.4631 time 0.33s 
2026-04-25 15:16:35,155 - INFO - Epoch 32/70 12/77 loss: 0.4535 time 0.32s 
2026-04-25 15:16:35,479 - INFO - Epoch 32/70 13/77 loss: 0.4559 time 0.32s 
2026-04-25 15:16:35,805 - INFO - Epoch 32/70 14/77 loss: 0.4620 time 0.33s 
2026-04-25 15:16:36,129 - INFO - Epoch 32/70 15/77 loss: 0.4611 time 0.32s 
2026-04-25 15:16:36,454 - INFO - Epoch 32/70 16/77 loss: 0.4515 time 0.32s 
2026-04-25 15:16:36,778 - INFO - Epoch 32/70 17/77 loss: 0.4457 time 0.32s 
2026-04-25 15:16:37,103 - INFO - Epoch 32/70 18/77 loss: 0.4491 time 0.32s 
2026-04-25 15:16:37,426 - INFO - Epoch 32/70 19/77 loss: 0.4498 time 0.32s 
2026-04-25 15:16:37,754 - INFO - Epoch 32/70 20/77 loss: 0.4442 time 0.33s 
2026-04-25 15:16:38,078 - INFO - Epoch 32/70 21/77 loss: 0.4358 time 0.32s 
2026-04-25 15:16:38,399 - INFO - Epoch 32/70 22/77 loss: 0.4366 time 0.32s 
2026-04-25 15:16:38,722 - INFO - Epoch 32/70 23/77 loss: 0.4315 time 0.32s 
2026-04-25 15:16:39,045 - INFO - Epoch 32/70 24/77 loss: 0.4310 time 0.32s 
2026-04-25 15:16:39,367 - INFO - Epoch 32/70 25/77 loss: 0.4269 time 0.32s 
2026-04-25 15:16:39,689 - INFO - Epoch 32/70 26/77 loss: 0.4293 time 0.32s 
2026-04-25 15:16:40,013 - INFO - Epoch 32/70 27/77 loss: 0.4380 time 0.32s 
2026-04-25 15:16:40,334 - INFO - Epoch 32/70 28/77 loss: 0.4393 time 0.32s 
2026-04-25 15:16:40,655 - INFO - Epoch 32/70 29/77 loss: 0.4404 time 0.32s 
2026-04-25 15:16:40,978 - INFO - Epoch 32/70 30/77 loss: 0.4518 time 0.32s 
2026-04-25 15:16:41,301 - INFO - Epoch 32/70 31/77 loss: 0.4733 time 0.32s 
2026-04-25 15:16:41,622 - INFO - Epoch 32/70 32/77 loss: 0.4739 time 0.32s 
2026-04-25 15:16:41,944 - INFO - Epoch 32/70 33/77 loss: 0.4701 time 0.32s 
2026-04-25 15:16:42,267 - INFO - Epoch 32/70 34/77 loss: 0.4677 time 0.32s 
2026-04-25 15:16:42,589 - INFO - Epoch 32/70 35/77 loss: 0.4655 time 0.32s 
2026-04-25 15:16:42,910 - INFO - Epoch 32/70 36/77 loss: 0.4607 time 0.32s 
2026-04-25 15:16:43,232 - INFO - Epoch 32/70 37/77 loss: 0.4667 time 0.32s 
2026-04-25 15:16:43,555 - INFO - Epoch 32/70 38/77 loss: 0.4639 time 0.32s 
2026-04-25 15:16:43,877 - INFO - Epoch 32/70 39/77 loss: 0.4645 time 0.32s 
2026-04-25 15:16:44,198 - INFO - Epoch 32/70 40/77 loss: 0.4638 time 0.32s 
2026-04-25 15:16:44,521 - INFO - Epoch 32/70 41/77 loss: 0.4630 time 0.32s 
2026-04-25 15:16:44,842 - INFO - Epoch 32/70 42/77 loss: 0.4623 time 0.32s 
2026-04-25 15:16:45,165 - INFO - Epoch 32/70 43/77 loss: 0.4661 time 0.32s 
2026-04-25 15:16:45,486 - INFO - Epoch 32/70 44/77 loss: 0.4670 time 0.32s 
2026-04-25 15:16:45,809 - INFO - Epoch 32/70 45/77 loss: 0.4650 time 0.32s 
2026-04-25 15:16:46,130 - INFO - Epoch 32/70 46/77 loss: 0.4676 time 0.32s 
2026-04-25 15:16:46,452 - INFO - Epoch 32/70 47/77 loss: 0.4682 time 0.32s 
2026-04-25 15:16:46,774 - INFO - Epoch 32/70 48/77 loss: 0.4650 time 0.32s 
2026-04-25 15:16:47,097 - INFO - Epoch 32/70 49/77 loss: 0.4652 time 0.32s 
2026-04-25 15:16:47,418 - INFO - Epoch 32/70 50/77 loss: 0.4731 time 0.32s 
2026-04-25 15:16:47,745 - INFO - Epoch 32/70 51/77 loss: 0.4720 time 0.33s 
2026-04-25 15:16:48,067 - INFO - Epoch 32/70 52/77 loss: 0.4706 time 0.32s 
2026-04-25 15:16:48,388 - INFO - Epoch 32/70 53/77 loss: 0.4782 time 0.32s 
2026-04-25 15:16:48,708 - INFO - Epoch 32/70 54/77 loss: 0.4792 time 0.32s 
2026-04-25 15:16:49,030 - INFO - Epoch 32/70 55/77 loss: 0.4797 time 0.32s 
2026-04-25 15:16:49,353 - INFO - Epoch 32/70 56/77 loss: 0.4789 time 0.32s 
2026-04-25 15:16:49,674 - INFO - Epoch 32/70 57/77 loss: 0.4762 time 0.32s 
2026-04-25 15:16:49,995 - INFO - Epoch 32/70 58/77 loss: 0.4798 time 0.32s 
2026-04-25 15:16:50,316 - INFO - Epoch 32/70 59/77 loss: 0.4825 time 0.32s 
2026-04-25 15:16:50,637 - INFO - Epoch 32/70 60/77 loss: 0.4829 time 0.32s 
2026-04-25 15:16:50,959 - INFO - Epoch 32/70 61/77 loss: 0.4814 time 0.32s 
2026-04-25 15:16:51,279 - INFO - Epoch 32/70 62/77 loss: 0.4850 time 0.32s 
2026-04-25 15:16:51,602 - INFO - Epoch 32/70 63/77 loss: 0.4841 time 0.32s 
2026-04-25 15:16:51,923 - INFO - Epoch 32/70 64/77 loss: 0.4830 time 0.32s 
2026-04-25 15:16:52,245 - INFO - Epoch 32/70 65/77 loss: 0.4813 time 0.32s 
2026-04-25 15:16:52,567 - INFO - Epoch 32/70 66/77 loss: 0.4832 time 0.32s 
2026-04-25 15:16:52,888 - INFO - Epoch 32/70 67/77 loss: 0.4837 time 0.32s 
2026-04-25 15:16:53,210 - INFO - Epoch 32/70 68/77 loss: 0.4880 time 0.32s 
2026-04-25 15:16:53,530 - INFO - Epoch 32/70 69/77 loss: 0.4858 time 0.32s 
2026-04-25 15:16:53,846 - INFO - Epoch 32/70 70/77 loss: 0.4849 time 0.32s 
2026-04-25 15:16:54,164 - INFO - Epoch 32/70 71/77 loss: 0.4830 time 0.32s 
2026-04-25 15:16:54,483 - INFO - Epoch 32/70 72/77 loss: 0.4812 time 0.32s 
2026-04-25 15:16:54,800 - INFO - Epoch 32/70 73/77 loss: 0.4793 time 0.32s 
2026-04-25 15:16:55,118 - INFO - Epoch 32/70 74/77 loss: 0.4797 time 0.32s 
2026-04-25 15:16:55,437 - INFO - Epoch 32/70 75/77 loss: 0.4826 time 0.32s 
2026-04-25 15:16:55,615 - INFO - Epoch 32/70 76/77 loss: 0.4818 time 0.18s 
2026-04-25 15:16:55,701 - INFO - Latest training  32/69 loss: 0.4818 time 25.46s  lr: 1.0000e-04
2026-04-25 15:16:55,702 - INFO - Estimated remaining training time for the current model fold 0 is 0.49 hr, running time 0.42 hr, est total time 0.91 hr 

2026-04-25 15:16:56,744 - INFO - Epoch 33/70 0/77 loss: 0.4020 time 1.04s 
2026-04-25 15:16:57,068 - INFO - Epoch 33/70 1/77 loss: 0.5137 time 0.32s 
2026-04-25 15:16:57,390 - INFO - Epoch 33/70 2/77 loss: 0.4674 time 0.32s 
2026-04-25 15:16:57,712 - INFO - Epoch 33/70 3/77 loss: 0.4622 time 0.32s 
2026-04-25 15:16:58,034 - INFO - Epoch 33/70 4/77 loss: 0.5271 time 0.32s 
2026-04-25 15:16:58,355 - INFO - Epoch 33/70 5/77 loss: 0.5197 time 0.32s 
2026-04-25 15:16:58,677 - INFO - Epoch 33/70 6/77 loss: 0.5084 time 0.32s 
2026-04-25 15:16:58,998 - INFO - Epoch 33/70 7/77 loss: 0.4847 time 0.32s 
2026-04-25 15:16:59,318 - INFO - Epoch 33/70 8/77 loss: 0.4579 time 0.32s 
2026-04-25 15:16:59,641 - INFO - Epoch 33/70 9/77 loss: 0.4411 time 0.32s 
2026-04-25 15:16:59,964 - INFO - Epoch 33/70 10/77 loss: 0.4441 time 0.32s 
2026-04-25 15:17:00,285 - INFO - Epoch 33/70 11/77 loss: 0.4470 time 0.32s 
2026-04-25 15:17:00,606 - INFO - Epoch 33/70 12/77 loss: 0.4506 time 0.32s 
2026-04-25 15:17:00,929 - INFO - Epoch 33/70 13/77 loss: 0.4459 time 0.32s 
2026-04-25 15:17:01,251 - INFO - Epoch 33/70 14/77 loss: 0.4370 time 0.32s 
2026-04-25 15:17:01,574 - INFO - Epoch 33/70 15/77 loss: 0.4498 time 0.32s 
2026-04-25 15:17:01,896 - INFO - Epoch 33/70 16/77 loss: 0.4602 time 0.32s 
2026-04-25 15:17:02,217 - INFO - Epoch 33/70 17/77 loss: 0.4847 time 0.32s 
2026-04-25 15:17:02,539 - INFO - Epoch 33/70 18/77 loss: 0.4722 time 0.32s 
2026-04-25 15:17:02,862 - INFO - Epoch 33/70 19/77 loss: 0.4808 time 0.32s 
2026-04-25 15:17:03,184 - INFO - Epoch 33/70 20/77 loss: 0.4788 time 0.32s 
2026-04-25 15:17:03,506 - INFO - Epoch 33/70 21/77 loss: 0.4983 time 0.32s 
2026-04-25 15:17:03,827 - INFO - Epoch 33/70 22/77 loss: 0.4950 time 0.32s 
2026-04-25 15:17:04,150 - INFO - Epoch 33/70 23/77 loss: 0.5122 time 0.32s 
2026-04-25 15:17:04,473 - INFO - Epoch 33/70 24/77 loss: 0.5126 time 0.32s 
2026-04-25 15:17:04,793 - INFO - Epoch 33/70 25/77 loss: 0.5008 time 0.32s 
2026-04-25 15:17:05,115 - INFO - Epoch 33/70 26/77 loss: 0.4976 time 0.32s 
2026-04-25 15:17:05,437 - INFO - Epoch 33/70 27/77 loss: 0.5024 time 0.32s 
2026-04-25 15:17:05,759 - INFO - Epoch 33/70 28/77 loss: 0.4912 time 0.32s 
2026-04-25 15:17:06,081 - INFO - Epoch 33/70 29/77 loss: 0.4857 time 0.32s 
2026-04-25 15:17:06,402 - INFO - Epoch 33/70 30/77 loss: 0.4838 time 0.32s 
2026-04-25 15:17:06,723 - INFO - Epoch 33/70 31/77 loss: 0.4862 time 0.32s 
2026-04-25 15:17:07,045 - INFO - Epoch 33/70 32/77 loss: 0.4876 time 0.32s 
2026-04-25 15:17:07,367 - INFO - Epoch 33/70 33/77 loss: 0.4936 time 0.32s 
2026-04-25 15:17:07,689 - INFO - Epoch 33/70 34/77 loss: 0.4866 time 0.32s 
2026-04-25 15:17:08,010 - INFO - Epoch 33/70 35/77 loss: 0.4940 time 0.32s 
2026-04-25 15:17:08,331 - INFO - Epoch 33/70 36/77 loss: 0.4879 time 0.32s 
2026-04-25 15:17:08,654 - INFO - Epoch 33/70 37/77 loss: 0.4842 time 0.32s 
2026-04-25 15:17:08,974 - INFO - Epoch 33/70 38/77 loss: 0.4811 time 0.32s 
2026-04-25 15:17:09,292 - INFO - Epoch 33/70 39/77 loss: 0.4790 time 0.32s 
2026-04-25 15:17:09,615 - INFO - Epoch 33/70 40/77 loss: 0.4762 time 0.32s 
2026-04-25 15:17:09,936 - INFO - Epoch 33/70 41/77 loss: 0.4733 time 0.32s 
2026-04-25 15:17:10,257 - INFO - Epoch 33/70 42/77 loss: 0.4698 time 0.32s 
2026-04-25 15:17:10,578 - INFO - Epoch 33/70 43/77 loss: 0.4693 time 0.32s 
2026-04-25 15:17:10,899 - INFO - Epoch 33/70 44/77 loss: 0.4719 time 0.32s 
2026-04-25 15:17:11,220 - INFO - Epoch 33/70 45/77 loss: 0.4681 time 0.32s 
2026-04-25 15:17:11,543 - INFO - Epoch 33/70 46/77 loss: 0.4669 time 0.32s 
2026-04-25 15:17:11,866 - INFO - Epoch 33/70 47/77 loss: 0.4674 time 0.32s 
2026-04-25 15:17:12,193 - INFO - Epoch 33/70 48/77 loss: 0.4691 time 0.33s 
2026-04-25 15:17:12,516 - INFO - Epoch 33/70 49/77 loss: 0.4674 time 0.32s 
2026-04-25 15:17:12,837 - INFO - Epoch 33/70 50/77 loss: 0.4699 time 0.32s 
2026-04-25 15:17:13,159 - INFO - Epoch 33/70 51/77 loss: 0.4660 time 0.32s 
2026-04-25 15:17:13,481 - INFO - Epoch 33/70 52/77 loss: 0.4646 time 0.32s 
2026-04-25 15:17:13,802 - INFO - Epoch 33/70 53/77 loss: 0.4657 time 0.32s 
2026-04-25 15:17:14,125 - INFO - Epoch 33/70 54/77 loss: 0.4769 time 0.32s 
2026-04-25 15:17:14,446 - INFO - Epoch 33/70 55/77 loss: 0.4767 time 0.32s 
2026-04-25 15:17:14,766 - INFO - Epoch 33/70 56/77 loss: 0.4777 time 0.32s 
2026-04-25 15:17:15,089 - INFO - Epoch 33/70 57/77 loss: 0.4800 time 0.32s 
2026-04-25 15:17:15,409 - INFO - Epoch 33/70 58/77 loss: 0.4872 time 0.32s 
2026-04-25 15:17:15,731 - INFO - Epoch 33/70 59/77 loss: 0.4855 time 0.32s 
2026-04-25 15:17:16,053 - INFO - Epoch 33/70 60/77 loss: 0.4811 time 0.32s 
2026-04-25 15:17:16,374 - INFO - Epoch 33/70 61/77 loss: 0.4802 time 0.32s 
2026-04-25 15:17:16,696 - INFO - Epoch 33/70 62/77 loss: 0.4784 time 0.32s 
2026-04-25 15:17:17,016 - INFO - Epoch 33/70 63/77 loss: 0.4743 time 0.32s 
2026-04-25 15:17:17,337 - INFO - Epoch 33/70 64/77 loss: 0.4727 time 0.32s 
2026-04-25 15:17:17,659 - INFO - Epoch 33/70 65/77 loss: 0.4749 time 0.32s 
2026-04-25 15:17:17,980 - INFO - Epoch 33/70 66/77 loss: 0.4752 time 0.32s 
2026-04-25 15:17:18,299 - INFO - Epoch 33/70 67/77 loss: 0.4733 time 0.32s 
2026-04-25 15:17:18,621 - INFO - Epoch 33/70 68/77 loss: 0.4740 time 0.32s 
2026-04-25 15:17:18,939 - INFO - Epoch 33/70 69/77 loss: 0.4717 time 0.32s 
2026-04-25 15:17:19,258 - INFO - Epoch 33/70 70/77 loss: 0.4700 time 0.32s 
2026-04-25 15:17:19,576 - INFO - Epoch 33/70 71/77 loss: 0.4678 time 0.32s 
2026-04-25 15:17:19,892 - INFO - Epoch 33/70 72/77 loss: 0.4725 time 0.32s 
2026-04-25 15:17:20,209 - INFO - Epoch 33/70 73/77 loss: 0.4768 time 0.32s 
2026-04-25 15:17:20,527 - INFO - Epoch 33/70 74/77 loss: 0.4777 time 0.32s 
2026-04-25 15:17:20,846 - INFO - Epoch 33/70 75/77 loss: 0.4812 time 0.32s 
2026-04-25 15:17:21,023 - INFO - Epoch 33/70 76/77 loss: 0.4798 time 0.18s 
2026-04-25 15:17:21,110 - INFO - Latest training  33/69 loss: 0.4798 time 25.41s  lr: 1.0000e-04
2026-04-25 15:17:21,110 - INFO - Estimated remaining training time for the current model fold 0 is 0.48 hr, running time 0.43 hr, est total time 0.91 hr 

2026-04-25 15:17:22,118 - INFO - Epoch 34/70 0/77 loss: 0.5483 time 1.01s 
2026-04-25 15:17:22,444 - INFO - Epoch 34/70 1/77 loss: 0.5086 time 0.33s 
2026-04-25 15:17:22,771 - INFO - Epoch 34/70 2/77 loss: 0.4267 time 0.33s 
2026-04-25 15:17:23,097 - INFO - Epoch 34/70 3/77 loss: 0.4269 time 0.33s 
2026-04-25 15:17:23,420 - INFO - Epoch 34/70 4/77 loss: 0.4020 time 0.32s 
2026-04-25 15:17:23,745 - INFO - Epoch 34/70 5/77 loss: 0.4144 time 0.33s 
2026-04-25 15:17:24,069 - INFO - Epoch 34/70 6/77 loss: 0.4394 time 0.32s 
2026-04-25 15:17:24,393 - INFO - Epoch 34/70 7/77 loss: 0.4126 time 0.32s 
2026-04-25 15:17:24,717 - INFO - Epoch 34/70 8/77 loss: 0.4354 time 0.32s 
2026-04-25 15:17:25,040 - INFO - Epoch 34/70 9/77 loss: 0.4340 time 0.32s 
2026-04-25 15:17:25,364 - INFO - Epoch 34/70 10/77 loss: 0.4412 time 0.32s 
2026-04-25 15:17:25,688 - INFO - Epoch 34/70 11/77 loss: 0.4256 time 0.32s 
2026-04-25 15:17:26,010 - INFO - Epoch 34/70 12/77 loss: 0.4197 time 0.32s 
2026-04-25 15:17:26,332 - INFO - Epoch 34/70 13/77 loss: 0.4173 time 0.32s 
2026-04-25 15:17:26,656 - INFO - Epoch 34/70 14/77 loss: 0.4103 time 0.32s 
2026-04-25 15:17:26,980 - INFO - Epoch 34/70 15/77 loss: 0.4253 time 0.32s 
2026-04-25 15:17:27,303 - INFO - Epoch 34/70 16/77 loss: 0.4314 time 0.32s 
2026-04-25 15:17:27,627 - INFO - Epoch 34/70 17/77 loss: 0.4332 time 0.32s 
2026-04-25 15:17:27,949 - INFO - Epoch 34/70 18/77 loss: 0.4375 time 0.32s 
2026-04-25 15:17:28,273 - INFO - Epoch 34/70 19/77 loss: 0.4339 time 0.32s 
2026-04-25 15:17:28,597 - INFO - Epoch 34/70 20/77 loss: 0.4374 time 0.32s 
2026-04-25 15:17:28,922 - INFO - Epoch 34/70 21/77 loss: 0.4345 time 0.32s 
2026-04-25 15:17:29,244 - INFO - Epoch 34/70 22/77 loss: 0.4367 time 0.32s 
2026-04-25 15:17:29,570 - INFO - Epoch 34/70 23/77 loss: 0.4290 time 0.33s 
2026-04-25 15:17:29,892 - INFO - Epoch 34/70 24/77 loss: 0.4303 time 0.32s 
2026-04-25 15:17:30,215 - INFO - Epoch 34/70 25/77 loss: 0.4279 time 0.32s 
2026-04-25 15:17:30,539 - INFO - Epoch 34/70 26/77 loss: 0.4324 time 0.32s 
2026-04-25 15:17:30,861 - INFO - Epoch 34/70 27/77 loss: 0.4520 time 0.32s 
2026-04-25 15:17:31,186 - INFO - Epoch 34/70 28/77 loss: 0.4548 time 0.32s 
2026-04-25 15:17:31,509 - INFO - Epoch 34/70 29/77 loss: 0.4506 time 0.32s 
2026-04-25 15:17:31,833 - INFO - Epoch 34/70 30/77 loss: 0.4500 time 0.32s 
2026-04-25 15:17:32,157 - INFO - Epoch 34/70 31/77 loss: 0.4503 time 0.32s 
2026-04-25 15:17:32,484 - INFO - Epoch 34/70 32/77 loss: 0.4595 time 0.33s 
2026-04-25 15:17:32,807 - INFO - Epoch 34/70 33/77 loss: 0.4598 time 0.32s 
2026-04-25 15:17:33,131 - INFO - Epoch 34/70 34/77 loss: 0.4604 time 0.32s 
2026-04-25 15:17:33,455 - INFO - Epoch 34/70 35/77 loss: 0.4519 time 0.32s 
2026-04-25 15:17:33,778 - INFO - Epoch 34/70 36/77 loss: 0.4561 time 0.32s 
2026-04-25 15:17:34,101 - INFO - Epoch 34/70 37/77 loss: 0.4537 time 0.32s 
2026-04-25 15:17:34,425 - INFO - Epoch 34/70 38/77 loss: 0.4503 time 0.32s 
2026-04-25 15:17:34,749 - INFO - Epoch 34/70 39/77 loss: 0.4521 time 0.32s 
2026-04-25 15:17:35,073 - INFO - Epoch 34/70 40/77 loss: 0.4533 time 0.32s 
2026-04-25 15:17:35,397 - INFO - Epoch 34/70 41/77 loss: 0.4524 time 0.32s 
2026-04-25 15:17:35,720 - INFO - Epoch 34/70 42/77 loss: 0.4506 time 0.32s 
2026-04-25 15:17:36,044 - INFO - Epoch 34/70 43/77 loss: 0.4528 time 0.32s 
2026-04-25 15:17:36,367 - INFO - Epoch 34/70 44/77 loss: 0.4505 time 0.32s 
2026-04-25 15:17:36,691 - INFO - Epoch 34/70 45/77 loss: 0.4488 time 0.32s 
2026-04-25 15:17:37,015 - INFO - Epoch 34/70 46/77 loss: 0.4474 time 0.32s 
2026-04-25 15:17:37,339 - INFO - Epoch 34/70 47/77 loss: 0.4474 time 0.32s 
2026-04-25 15:17:37,664 - INFO - Epoch 34/70 48/77 loss: 0.4446 time 0.32s 
2026-04-25 15:17:37,988 - INFO - Epoch 34/70 49/77 loss: 0.4437 time 0.32s 
2026-04-25 15:17:38,311 - INFO - Epoch 34/70 50/77 loss: 0.4432 time 0.32s 
2026-04-25 15:17:38,635 - INFO - Epoch 34/70 51/77 loss: 0.4419 time 0.32s 
2026-04-25 15:17:38,959 - INFO - Epoch 34/70 52/77 loss: 0.4404 time 0.32s 
2026-04-25 15:17:39,282 - INFO - Epoch 34/70 53/77 loss: 0.4376 time 0.32s 
2026-04-25 15:17:39,605 - INFO - Epoch 34/70 54/77 loss: 0.4373 time 0.32s 
2026-04-25 15:17:39,930 - INFO - Epoch 34/70 55/77 loss: 0.4401 time 0.32s 
2026-04-25 15:17:40,253 - INFO - Epoch 34/70 56/77 loss: 0.4383 time 0.32s 
2026-04-25 15:17:40,577 - INFO - Epoch 34/70 57/77 loss: 0.4380 time 0.32s 
2026-04-25 15:17:40,901 - INFO - Epoch 34/70 58/77 loss: 0.4407 time 0.32s 
2026-04-25 15:17:41,225 - INFO - Epoch 34/70 59/77 loss: 0.4405 time 0.32s 
2026-04-25 15:17:41,551 - INFO - Epoch 34/70 60/77 loss: 0.4406 time 0.33s 
2026-04-25 15:17:41,875 - INFO - Epoch 34/70 61/77 loss: 0.4429 time 0.32s 
2026-04-25 15:17:42,200 - INFO - Epoch 34/70 62/77 loss: 0.4407 time 0.32s 
2026-04-25 15:17:42,523 - INFO - Epoch 34/70 63/77 loss: 0.4415 time 0.32s 
2026-04-25 15:17:42,848 - INFO - Epoch 34/70 64/77 loss: 0.4387 time 0.33s 
2026-04-25 15:17:43,172 - INFO - Epoch 34/70 65/77 loss: 0.4380 time 0.32s 
2026-04-25 15:17:43,497 - INFO - Epoch 34/70 66/77 loss: 0.4357 time 0.32s 
2026-04-25 15:17:43,820 - INFO - Epoch 34/70 67/77 loss: 0.4350 time 0.32s 
2026-04-25 15:17:44,141 - INFO - Epoch 34/70 68/77 loss: 0.4358 time 0.32s 
2026-04-25 15:17:44,462 - INFO - Epoch 34/70 69/77 loss: 0.4351 time 0.32s 
2026-04-25 15:17:44,781 - INFO - Epoch 34/70 70/77 loss: 0.4330 time 0.32s 
2026-04-25 15:17:45,101 - INFO - Epoch 34/70 71/77 loss: 0.4311 time 0.32s 
2026-04-25 15:17:45,421 - INFO - Epoch 34/70 72/77 loss: 0.4297 time 0.32s 
2026-04-25 15:17:45,740 - INFO - Epoch 34/70 73/77 loss: 0.4298 time 0.32s 
2026-04-25 15:17:46,057 - INFO - Epoch 34/70 74/77 loss: 0.4354 time 0.32s 
2026-04-25 15:17:46,376 - INFO - Epoch 34/70 75/77 loss: 0.4373 time 0.32s 
2026-04-25 15:17:46,557 - INFO - Epoch 34/70 76/77 loss: 0.4389 time 0.18s 
2026-04-25 15:17:46,643 - INFO - Latest training  34/69 loss: 0.4389 time 25.53s  lr: 1.0000e-04
2026-04-25 15:17:52,219 - INFO - Val 34/70 0/30 loss: 0.8014 acc 0.7780269058295964  time 5.56s
2026-04-25 15:17:55,886 - INFO - Val 34/70 1/30 loss: 0.5840 acc 0.8457943925233645  time 3.67s
2026-04-25 15:17:59,618 - INFO - Val 34/70 2/30 loss: 0.5239 acc 0.8245614035087719  time 3.73s
2026-04-25 15:18:03,208 - INFO - Val 34/70 3/30 loss: 0.3782 acc 0.8370607028753994  time 3.59s
2026-04-25 15:18:06,899 - INFO - Val 34/70 4/30 loss: 0.4150 acc 0.8180327868852459  time 3.69s
2026-04-25 15:18:10,709 - INFO - Val 34/70 5/30 loss: 0.7152 acc 0.848729792147806  time 3.81s
2026-04-25 15:18:14,477 - INFO - Val 34/70 6/30 loss: 0.7153 acc 0.7767123287671233  time 3.77s
2026-04-25 15:18:18,102 - INFO - Val 34/70 7/30 loss: 0.3248 acc 0.8975155279503105  time 3.62s
2026-04-25 15:18:21,915 - INFO - Val 34/70 8/30 loss: 0.8915 acc 0.8093525179856115  time 3.81s
2026-04-25 15:18:25,663 - INFO - Val 34/70 9/30 loss: 0.5130 acc 0.8823529411764706  time 3.75s
2026-04-25 15:18:29,308 - INFO - Val 34/70 10/30 loss: 0.3374 acc 0.8593350383631714  time 3.64s
2026-04-25 15:18:32,904 - INFO - Val 34/70 11/30 loss: 0.3584 acc 0.8903803131991052  time 3.60s
2026-04-25 15:18:36,407 - INFO - Val 34/70 12/30 loss: 0.3498 acc 0.8152173913043478  time 3.50s
2026-04-25 15:18:40,096 - INFO - Val 34/70 13/30 loss: 0.6379 acc 0.8457142857142858  time 3.69s
2026-04-25 15:18:43,583 - INFO - Val 34/70 14/30 loss: 0.2030 acc 0.7817589576547231  time 3.49s
2026-04-25 15:18:47,123 - INFO - Val 34/70 15/30 loss: 0.3150 acc 0.864693446088795  time 3.54s
2026-04-25 15:18:50,817 - INFO - Val 34/70 16/30 loss: 0.5261 acc 0.8987341772151899  time 3.69s
2026-04-25 15:18:54,413 - INFO - Val 34/70 17/30 loss: 0.4442 acc 0.7872340425531915  time 3.60s
2026-04-25 15:18:57,994 - INFO - Val 34/70 18/30 loss: 0.5770 acc 0.7861507128309573  time 3.58s
2026-04-25 15:19:01,567 - INFO - Val 34/70 19/30 loss: 0.4368 acc 0.8521560574948666  time 3.57s
2026-04-25 15:19:05,140 - INFO - Val 34/70 20/30 loss: 0.2795 acc 0.8943533697632058  time 3.57s
2026-04-25 15:19:08,736 - INFO - Val 34/70 21/30 loss: 0.2447 acc 0.9136029411764706  time 3.60s
2026-04-25 15:19:12,200 - INFO - Val 34/70 22/30 loss: 0.1972 acc 0.8939393939393939  time 3.46s
2026-04-25 15:19:15,907 - INFO - Val 34/70 23/30 loss: 0.4751 acc 0.8700564971751412  time 3.71s
2026-04-25 15:19:19,472 - INFO - Val 34/70 24/30 loss: 0.2468 acc 0.9047619047619048  time 3.56s
2026-04-25 15:19:22,997 - INFO - Val 34/70 25/30 loss: 0.4597 acc 0.7367149758454107  time 3.52s
2026-04-25 15:19:26,770 - INFO - Val 34/70 26/30 loss: 0.7769 acc 0.8402061855670103  time 3.77s
2026-04-25 15:19:30,306 - INFO - Val 34/70 27/30 loss: 0.5649 acc 0.7158774373259053  time 3.54s
2026-04-25 15:19:33,957 - INFO - Val 34/70 28/30 loss: 0.4981 acc 0.8402282453637661  time 3.65s
2026-04-25 15:19:37,489 - INFO - Val 34/70 29/30 loss: 0.3311 acc 0.8248175182481752  time 3.53s
2026-04-25 15:19:37,580 - INFO - Latest validation 34/69 loss: 0.4707 acc_avg: 0.8378 acc: 0.837802529335022 time: 110.94s
2026-04-25 15:19:41,338 - INFO - Saving checkpoint process: ./models/puma/model_final.pt, {'epoch': 34, 'best_metric': 0.837802529335022}, save_time 3.76s
2026-04-25 15:19:41,339 - INFO - Estimated remaining training time for the current model fold 0 is 0.44 hr, running time 0.47 hr, est total time 0.91 hr 

2026-04-25 15:19:42,399 - INFO - Epoch 35/70 0/77 loss: 0.5133 time 1.06s 
2026-04-25 15:19:42,723 - INFO - Epoch 35/70 1/77 loss: 0.5187 time 0.32s 
2026-04-25 15:19:43,046 - INFO - Epoch 35/70 2/77 loss: 0.4858 time 0.32s 
2026-04-25 15:19:43,367 - INFO - Epoch 35/70 3/77 loss: 0.4606 time 0.32s 
2026-04-25 15:19:43,689 - INFO - Epoch 35/70 4/77 loss: 0.4162 time 0.32s 
2026-04-25 15:19:44,009 - INFO - Epoch 35/70 5/77 loss: 0.4162 time 0.32s 
2026-04-25 15:19:44,332 - INFO - Epoch 35/70 6/77 loss: 0.4160 time 0.32s 
2026-04-25 15:19:44,654 - INFO - Epoch 35/70 7/77 loss: 0.4028 time 0.32s 
2026-04-25 15:19:44,978 - INFO - Epoch 35/70 8/77 loss: 0.4012 time 0.32s 
2026-04-25 15:19:45,303 - INFO - Epoch 35/70 9/77 loss: 0.3944 time 0.33s 
2026-04-25 15:19:45,631 - INFO - Epoch 35/70 10/77 loss: 0.3891 time 0.33s 
2026-04-25 15:19:45,958 - INFO - Epoch 35/70 11/77 loss: 0.4015 time 0.33s 
2026-04-25 15:19:46,283 - INFO - Epoch 35/70 12/77 loss: 0.4281 time 0.32s 
2026-04-25 15:19:46,606 - INFO - Epoch 35/70 13/77 loss: 0.4262 time 0.32s 
2026-04-25 15:19:46,929 - INFO - Epoch 35/70 14/77 loss: 0.4334 time 0.32s 
2026-04-25 15:19:47,252 - INFO - Epoch 35/70 15/77 loss: 0.4331 time 0.32s 
2026-04-25 15:19:47,577 - INFO - Epoch 35/70 16/77 loss: 0.4438 time 0.32s 
2026-04-25 15:19:47,900 - INFO - Epoch 35/70 17/77 loss: 0.4377 time 0.32s 
2026-04-25 15:19:48,231 - INFO - Epoch 35/70 18/77 loss: 0.4402 time 0.33s 
2026-04-25 15:19:48,556 - INFO - Epoch 35/70 19/77 loss: 0.4363 time 0.32s 
2026-04-25 15:19:48,880 - INFO - Epoch 35/70 20/77 loss: 0.4315 time 0.32s 
2026-04-25 15:19:49,205 - INFO - Epoch 35/70 21/77 loss: 0.4292 time 0.32s 
2026-04-25 15:19:49,529 - INFO - Epoch 35/70 22/77 loss: 0.4243 time 0.32s 
2026-04-25 15:19:49,852 - INFO - Epoch 35/70 23/77 loss: 0.4413 time 0.32s 
2026-04-25 15:19:50,174 - INFO - Epoch 35/70 24/77 loss: 0.4338 time 0.32s 
2026-04-25 15:19:50,498 - INFO - Epoch 35/70 25/77 loss: 0.4326 time 0.32s 
2026-04-25 15:19:50,822 - INFO - Epoch 35/70 26/77 loss: 0.4473 time 0.32s 
2026-04-25 15:19:51,147 - INFO - Epoch 35/70 27/77 loss: 0.4502 time 0.32s 
2026-04-25 15:19:51,471 - INFO - Epoch 35/70 28/77 loss: 0.4514 time 0.32s 
2026-04-25 15:19:51,795 - INFO - Epoch 35/70 29/77 loss: 0.4482 time 0.32s 
2026-04-25 15:19:52,119 - INFO - Epoch 35/70 30/77 loss: 0.4642 time 0.32s 
2026-04-25 15:19:52,443 - INFO - Epoch 35/70 31/77 loss: 0.4703 time 0.32s 
2026-04-25 15:19:52,765 - INFO - Epoch 35/70 32/77 loss: 0.4719 time 0.32s 
2026-04-25 15:19:53,088 - INFO - Epoch 35/70 33/77 loss: 0.4690 time 0.32s 
2026-04-25 15:19:53,411 - INFO - Epoch 35/70 34/77 loss: 0.4753 time 0.32s 
2026-04-25 15:19:53,734 - INFO - Epoch 35/70 35/77 loss: 0.4751 time 0.32s 
2026-04-25 15:19:54,058 - INFO - Epoch 35/70 36/77 loss: 0.4678 time 0.32s 
2026-04-25 15:19:54,381 - INFO - Epoch 35/70 37/77 loss: 0.4740 time 0.32s 
2026-04-25 15:19:54,705 - INFO - Epoch 35/70 38/77 loss: 0.4692 time 0.32s 
2026-04-25 15:19:55,028 - INFO - Epoch 35/70 39/77 loss: 0.4642 time 0.32s 
2026-04-25 15:19:55,351 - INFO - Epoch 35/70 40/77 loss: 0.4618 time 0.32s 
2026-04-25 15:19:55,673 - INFO - Epoch 35/70 41/77 loss: 0.4571 time 0.32s 
2026-04-25 15:19:55,997 - INFO - Epoch 35/70 42/77 loss: 0.4571 time 0.32s 
2026-04-25 15:19:56,321 - INFO - Epoch 35/70 43/77 loss: 0.4559 time 0.32s 
2026-04-25 15:19:56,646 - INFO - Epoch 35/70 44/77 loss: 0.4601 time 0.32s 
2026-04-25 15:19:56,969 - INFO - Epoch 35/70 45/77 loss: 0.4556 time 0.32s 
2026-04-25 15:19:57,295 - INFO - Epoch 35/70 46/77 loss: 0.4539 time 0.33s 
2026-04-25 15:19:57,619 - INFO - Epoch 35/70 47/77 loss: 0.4551 time 0.32s 
2026-04-25 15:19:57,942 - INFO - Epoch 35/70 48/77 loss: 0.4551 time 0.32s 
2026-04-25 15:19:58,267 - INFO - Epoch 35/70 49/77 loss: 0.4546 time 0.32s 
2026-04-25 15:19:58,589 - INFO - Epoch 35/70 50/77 loss: 0.4568 time 0.32s 
2026-04-25 15:19:58,911 - INFO - Epoch 35/70 51/77 loss: 0.4539 time 0.32s 
2026-04-25 15:19:59,238 - INFO - Epoch 35/70 52/77 loss: 0.4624 time 0.33s 
2026-04-25 15:19:59,562 - INFO - Epoch 35/70 53/77 loss: 0.4647 time 0.32s 
2026-04-25 15:19:59,885 - INFO - Epoch 35/70 54/77 loss: 0.4630 time 0.32s 
2026-04-25 15:20:00,208 - INFO - Epoch 35/70 55/77 loss: 0.4611 time 0.32s 
2026-04-25 15:20:00,530 - INFO - Epoch 35/70 56/77 loss: 0.4594 time 0.32s 
2026-04-25 15:20:00,853 - INFO - Epoch 35/70 57/77 loss: 0.4632 time 0.32s 
2026-04-25 15:20:01,177 - INFO - Epoch 35/70 58/77 loss: 0.4616 time 0.32s 
2026-04-25 15:20:01,500 - INFO - Epoch 35/70 59/77 loss: 0.4577 time 0.32s 
2026-04-25 15:20:01,823 - INFO - Epoch 35/70 60/77 loss: 0.4577 time 0.32s 
2026-04-25 15:20:02,147 - INFO - Epoch 35/70 61/77 loss: 0.4561 time 0.32s 
2026-04-25 15:20:02,470 - INFO - Epoch 35/70 62/77 loss: 0.4578 time 0.32s 
2026-04-25 15:20:02,794 - INFO - Epoch 35/70 63/77 loss: 0.4566 time 0.32s 
2026-04-25 15:20:03,117 - INFO - Epoch 35/70 64/77 loss: 0.4591 time 0.32s 
2026-04-25 15:20:03,440 - INFO - Epoch 35/70 65/77 loss: 0.4603 time 0.32s 
2026-04-25 15:20:03,764 - INFO - Epoch 35/70 66/77 loss: 0.4623 time 0.32s 
2026-04-25 15:20:04,087 - INFO - Epoch 35/70 67/77 loss: 0.4620 time 0.32s 
2026-04-25 15:20:04,410 - INFO - Epoch 35/70 68/77 loss: 0.4636 time 0.32s 
2026-04-25 15:20:04,731 - INFO - Epoch 35/70 69/77 loss: 0.4626 time 0.32s 
2026-04-25 15:20:05,049 - INFO - Epoch 35/70 70/77 loss: 0.4591 time 0.32s 
2026-04-25 15:20:05,367 - INFO - Epoch 35/70 71/77 loss: 0.4610 time 0.32s 
2026-04-25 15:20:05,687 - INFO - Epoch 35/70 72/77 loss: 0.4597 time 0.32s 
2026-04-25 15:20:06,004 - INFO - Epoch 35/70 73/77 loss: 0.4601 time 0.32s 
2026-04-25 15:20:06,322 - INFO - Epoch 35/70 74/77 loss: 0.4582 time 0.32s 
2026-04-25 15:20:06,639 - INFO - Epoch 35/70 75/77 loss: 0.4582 time 0.32s 
2026-04-25 15:20:06,865 - INFO - Epoch 35/70 76/77 loss: 0.4594 time 0.23s 
2026-04-25 15:20:06,957 - INFO - Latest training  35/69 loss: 0.4594 time 25.62s  lr: 1.0000e-04
2026-04-25 15:20:06,958 - INFO - Estimated remaining training time for the current model fold 0 is 0.43 hr, running time 0.47 hr, est total time 0.91 hr 

2026-04-25 15:20:07,933 - INFO - Epoch 36/70 0/77 loss: 0.4354 time 0.97s 
2026-04-25 15:20:08,260 - INFO - Epoch 36/70 1/77 loss: 0.3914 time 0.33s 
2026-04-25 15:20:08,585 - INFO - Epoch 36/70 2/77 loss: 0.3480 time 0.33s 
2026-04-25 15:20:08,910 - INFO - Epoch 36/70 3/77 loss: 0.3636 time 0.33s 
2026-04-25 15:20:09,232 - INFO - Epoch 36/70 4/77 loss: 0.3774 time 0.32s 
2026-04-25 15:20:09,556 - INFO - Epoch 36/70 5/77 loss: 0.4075 time 0.32s 
2026-04-25 15:20:09,882 - INFO - Epoch 36/70 6/77 loss: 0.3921 time 0.33s 
2026-04-25 15:20:10,208 - INFO - Epoch 36/70 7/77 loss: 0.4119 time 0.33s 
2026-04-25 15:20:10,531 - INFO - Epoch 36/70 8/77 loss: 0.4301 time 0.32s 
2026-04-25 15:20:10,855 - INFO - Epoch 36/70 9/77 loss: 0.4105 time 0.32s 
2026-04-25 15:20:11,177 - INFO - Epoch 36/70 10/77 loss: 0.3997 time 0.32s 
2026-04-25 15:20:11,501 - INFO - Epoch 36/70 11/77 loss: 0.4023 time 0.32s 
2026-04-25 15:20:11,826 - INFO - Epoch 36/70 12/77 loss: 0.4190 time 0.33s 
2026-04-25 15:20:12,149 - INFO - Epoch 36/70 13/77 loss: 0.4127 time 0.32s 
2026-04-25 15:20:12,470 - INFO - Epoch 36/70 14/77 loss: 0.4316 time 0.32s 
2026-04-25 15:20:12,794 - INFO - Epoch 36/70 15/77 loss: 0.4403 time 0.32s 
2026-04-25 15:20:13,117 - INFO - Epoch 36/70 16/77 loss: 0.4473 time 0.32s 
2026-04-25 15:20:13,440 - INFO - Epoch 36/70 17/77 loss: 0.4559 time 0.32s 
2026-04-25 15:20:13,765 - INFO - Epoch 36/70 18/77 loss: 0.4502 time 0.32s 
2026-04-25 15:20:14,089 - INFO - Epoch 36/70 19/77 loss: 0.4535 time 0.32s 
2026-04-25 15:20:14,410 - INFO - Epoch 36/70 20/77 loss: 0.4442 time 0.32s 
2026-04-25 15:20:14,734 - INFO - Epoch 36/70 21/77 loss: 0.4455 time 0.32s 
2026-04-25 15:20:15,060 - INFO - Epoch 36/70 22/77 loss: 0.4563 time 0.33s 
2026-04-25 15:20:15,384 - INFO - Epoch 36/70 23/77 loss: 0.4484 time 0.32s 
2026-04-25 15:20:15,705 - INFO - Epoch 36/70 24/77 loss: 0.4405 time 0.32s 
2026-04-25 15:20:16,030 - INFO - Epoch 36/70 25/77 loss: 0.4360 time 0.32s 
2026-04-25 15:20:16,357 - INFO - Epoch 36/70 26/77 loss: 0.4478 time 0.33s 
2026-04-25 15:20:16,679 - INFO - Epoch 36/70 27/77 loss: 0.4451 time 0.32s 
2026-04-25 15:20:17,005 - INFO - Epoch 36/70 28/77 loss: 0.4408 time 0.33s 
2026-04-25 15:20:17,329 - INFO - Epoch 36/70 29/77 loss: 0.4380 time 0.32s 
2026-04-25 15:20:17,654 - INFO - Epoch 36/70 30/77 loss: 0.4472 time 0.32s 
2026-04-25 15:20:17,978 - INFO - Epoch 36/70 31/77 loss: 0.4460 time 0.32s 
2026-04-25 15:20:18,300 - INFO - Epoch 36/70 32/77 loss: 0.4457 time 0.32s 
2026-04-25 15:20:18,624 - INFO - Epoch 36/70 33/77 loss: 0.4447 time 0.32s 
2026-04-25 15:20:18,950 - INFO - Epoch 36/70 34/77 loss: 0.4438 time 0.33s 
2026-04-25 15:20:19,274 - INFO - Epoch 36/70 35/77 loss: 0.4391 time 0.32s 
2026-04-25 15:20:19,598 - INFO - Epoch 36/70 36/77 loss: 0.4386 time 0.32s 
2026-04-25 15:20:19,920 - INFO - Epoch 36/70 37/77 loss: 0.4379 time 0.32s 
2026-04-25 15:20:20,242 - INFO - Epoch 36/70 38/77 loss: 0.4397 time 0.32s 
2026-04-25 15:20:20,565 - INFO - Epoch 36/70 39/77 loss: 0.4440 time 0.32s 
2026-04-25 15:20:20,889 - INFO - Epoch 36/70 40/77 loss: 0.4463 time 0.32s 
2026-04-25 15:20:21,213 - INFO - Epoch 36/70 41/77 loss: 0.4529 time 0.32s 
2026-04-25 15:20:21,537 - INFO - Epoch 36/70 42/77 loss: 0.4558 time 0.32s 
2026-04-25 15:20:21,860 - INFO - Epoch 36/70 43/77 loss: 0.4547 time 0.32s 
2026-04-25 15:20:22,184 - INFO - Epoch 36/70 44/77 loss: 0.4592 time 0.32s 
2026-04-25 15:20:22,507 - INFO - Epoch 36/70 45/77 loss: 0.4577 time 0.32s 
2026-04-25 15:20:22,831 - INFO - Epoch 36/70 46/77 loss: 0.4672 time 0.32s 
2026-04-25 15:20:23,156 - INFO - Epoch 36/70 47/77 loss: 0.4681 time 0.32s 
2026-04-25 15:20:23,480 - INFO - Epoch 36/70 48/77 loss: 0.4656 time 0.32s 
2026-04-25 15:20:23,805 - INFO - Epoch 36/70 49/77 loss: 0.4657 time 0.32s 
2026-04-25 15:20:24,130 - INFO - Epoch 36/70 50/77 loss: 0.4661 time 0.32s 
2026-04-25 15:20:24,453 - INFO - Epoch 36/70 51/77 loss: 0.4685 time 0.32s 
2026-04-25 15:20:24,778 - INFO - Epoch 36/70 52/77 loss: 0.4667 time 0.32s 
2026-04-25 15:20:25,102 - INFO - Epoch 36/70 53/77 loss: 0.4712 time 0.32s 
2026-04-25 15:20:25,425 - INFO - Epoch 36/70 54/77 loss: 0.4723 time 0.32s 
2026-04-25 15:20:25,746 - INFO - Epoch 36/70 55/77 loss: 0.4752 time 0.32s 
2026-04-25 15:20:26,069 - INFO - Epoch 36/70 56/77 loss: 0.4746 time 0.32s 
2026-04-25 15:20:26,393 - INFO - Epoch 36/70 57/77 loss: 0.4725 time 0.32s 
2026-04-25 15:20:26,717 - INFO - Epoch 36/70 58/77 loss: 0.4683 time 0.32s 
2026-04-25 15:20:27,039 - INFO - Epoch 36/70 59/77 loss: 0.4668 time 0.32s 
2026-04-25 15:20:27,361 - INFO - Epoch 36/70 60/77 loss: 0.4684 time 0.32s 
2026-04-25 15:20:27,689 - INFO - Epoch 36/70 61/77 loss: 0.4735 time 0.33s 
2026-04-25 15:20:28,013 - INFO - Epoch 36/70 62/77 loss: 0.4702 time 0.32s 
2026-04-25 15:20:28,334 - INFO - Epoch 36/70 63/77 loss: 0.4690 time 0.32s 
2026-04-25 15:20:28,657 - INFO - Epoch 36/70 64/77 loss: 0.4660 time 0.32s 
2026-04-25 15:20:28,981 - INFO - Epoch 36/70 65/77 loss: 0.4656 time 0.32s 
2026-04-25 15:20:29,303 - INFO - Epoch 36/70 66/77 loss: 0.4683 time 0.32s 
2026-04-25 15:20:29,625 - INFO - Epoch 36/70 67/77 loss: 0.4715 time 0.32s 
2026-04-25 15:20:29,949 - INFO - Epoch 36/70 68/77 loss: 0.4703 time 0.32s 
2026-04-25 15:20:30,267 - INFO - Epoch 36/70 69/77 loss: 0.4700 time 0.32s 
2026-04-25 15:20:30,585 - INFO - Epoch 36/70 70/77 loss: 0.4680 time 0.32s 
2026-04-25 15:20:30,904 - INFO - Epoch 36/70 71/77 loss: 0.4710 time 0.32s 
2026-04-25 15:20:31,223 - INFO - Epoch 36/70 72/77 loss: 0.4706 time 0.32s 
2026-04-25 15:20:31,543 - INFO - Epoch 36/70 73/77 loss: 0.4740 time 0.32s 
2026-04-25 15:20:31,864 - INFO - Epoch 36/70 74/77 loss: 0.4718 time 0.32s 
2026-04-25 15:20:32,183 - INFO - Epoch 36/70 75/77 loss: 0.4691 time 0.32s 
2026-04-25 15:20:32,363 - INFO - Epoch 36/70 76/77 loss: 0.4683 time 0.18s 
2026-04-25 15:20:32,449 - INFO - Latest training  36/69 loss: 0.4683 time 25.49s  lr: 1.0000e-04
2026-04-25 15:20:32,450 - INFO - Estimated remaining training time for the current model fold 0 is 0.43 hr, running time 0.48 hr, est total time 0.91 hr 

2026-04-25 15:20:33,480 - INFO - Epoch 37/70 0/77 loss: 0.3482 time 1.03s 
2026-04-25 15:20:33,805 - INFO - Epoch 37/70 1/77 loss: 0.3774 time 0.32s 
2026-04-25 15:20:34,125 - INFO - Epoch 37/70 2/77 loss: 0.3739 time 0.32s 
2026-04-25 15:20:34,447 - INFO - Epoch 37/70 3/77 loss: 0.3475 time 0.32s 
2026-04-25 15:20:34,766 - INFO - Epoch 37/70 4/77 loss: 0.3609 time 0.32s 
2026-04-25 15:20:35,089 - INFO - Epoch 37/70 5/77 loss: 0.3692 time 0.32s 
2026-04-25 15:20:35,412 - INFO - Epoch 37/70 6/77 loss: 0.3490 time 0.32s 
2026-04-25 15:20:35,733 - INFO - Epoch 37/70 7/77 loss: 0.3530 time 0.32s 
2026-04-25 15:20:36,054 - INFO - Epoch 37/70 8/77 loss: 0.3526 time 0.32s 
2026-04-25 15:20:36,375 - INFO - Epoch 37/70 9/77 loss: 0.3596 time 0.32s 
2026-04-25 15:20:36,696 - INFO - Epoch 37/70 10/77 loss: 0.3588 time 0.32s 
2026-04-25 15:20:37,017 - INFO - Epoch 37/70 11/77 loss: 0.3632 time 0.32s 
2026-04-25 15:20:37,339 - INFO - Epoch 37/70 12/77 loss: 0.3645 time 0.32s 
2026-04-25 15:20:37,665 - INFO - Epoch 37/70 13/77 loss: 0.3709 time 0.32s 
2026-04-25 15:20:37,985 - INFO - Epoch 37/70 14/77 loss: 0.3677 time 0.32s 
2026-04-25 15:20:38,307 - INFO - Epoch 37/70 15/77 loss: 0.3560 time 0.32s 
2026-04-25 15:20:38,628 - INFO - Epoch 37/70 16/77 loss: 0.3554 time 0.32s 
2026-04-25 15:20:38,949 - INFO - Epoch 37/70 17/77 loss: 0.3686 time 0.32s 
2026-04-25 15:20:39,270 - INFO - Epoch 37/70 18/77 loss: 0.3827 time 0.32s 
2026-04-25 15:20:39,593 - INFO - Epoch 37/70 19/77 loss: 0.3963 time 0.32s 
2026-04-25 15:20:39,913 - INFO - Epoch 37/70 20/77 loss: 0.4002 time 0.32s 
2026-04-25 15:20:40,235 - INFO - Epoch 37/70 21/77 loss: 0.3944 time 0.32s 
2026-04-25 15:20:40,556 - INFO - Epoch 37/70 22/77 loss: 0.4046 time 0.32s 
2026-04-25 15:20:40,877 - INFO - Epoch 37/70 23/77 loss: 0.4189 time 0.32s 
2026-04-25 15:20:41,197 - INFO - Epoch 37/70 24/77 loss: 0.4186 time 0.32s 
2026-04-25 15:20:41,518 - INFO - Epoch 37/70 25/77 loss: 0.4146 time 0.32s 
2026-04-25 15:20:41,840 - INFO - Epoch 37/70 26/77 loss: 0.4214 time 0.32s 
2026-04-25 15:20:42,161 - INFO - Epoch 37/70 27/77 loss: 0.4239 time 0.32s 
2026-04-25 15:20:42,481 - INFO - Epoch 37/70 28/77 loss: 0.4205 time 0.32s 
2026-04-25 15:20:42,801 - INFO - Epoch 37/70 29/77 loss: 0.4182 time 0.32s 
2026-04-25 15:20:43,120 - INFO - Epoch 37/70 30/77 loss: 0.4147 time 0.32s 
2026-04-25 15:20:43,440 - INFO - Epoch 37/70 31/77 loss: 0.4181 time 0.32s 
2026-04-25 15:20:43,761 - INFO - Epoch 37/70 32/77 loss: 0.4165 time 0.32s 
2026-04-25 15:20:44,084 - INFO - Epoch 37/70 33/77 loss: 0.4149 time 0.32s 
2026-04-25 15:20:44,404 - INFO - Epoch 37/70 34/77 loss: 0.4154 time 0.32s 
2026-04-25 15:20:44,725 - INFO - Epoch 37/70 35/77 loss: 0.4120 time 0.32s 
2026-04-25 15:20:45,045 - INFO - Epoch 37/70 36/77 loss: 0.4101 time 0.32s 
2026-04-25 15:20:45,367 - INFO - Epoch 37/70 37/77 loss: 0.4116 time 0.32s 
2026-04-25 15:20:45,689 - INFO - Epoch 37/70 38/77 loss: 0.4119 time 0.32s 
2026-04-25 15:20:46,010 - INFO - Epoch 37/70 39/77 loss: 0.4154 time 0.32s 
2026-04-25 15:20:46,333 - INFO - Epoch 37/70 40/77 loss: 0.4139 time 0.32s 
2026-04-25 15:20:46,654 - INFO - Epoch 37/70 41/77 loss: 0.4113 time 0.32s 
2026-04-25 15:20:46,973 - INFO - Epoch 37/70 42/77 loss: 0.4085 time 0.32s 
2026-04-25 15:20:47,295 - INFO - Epoch 37/70 43/77 loss: 0.4136 time 0.32s 
2026-04-25 15:20:47,615 - INFO - Epoch 37/70 44/77 loss: 0.4111 time 0.32s 
2026-04-25 15:20:47,937 - INFO - Epoch 37/70 45/77 loss: 0.4109 time 0.32s 
2026-04-25 15:20:48,258 - INFO - Epoch 37/70 46/77 loss: 0.4289 time 0.32s 
2026-04-25 15:20:48,582 - INFO - Epoch 37/70 47/77 loss: 0.4337 time 0.32s 
2026-04-25 15:20:48,904 - INFO - Epoch 37/70 48/77 loss: 0.4381 time 0.32s 
2026-04-25 15:20:49,224 - INFO - Epoch 37/70 49/77 loss: 0.4400 time 0.32s 
2026-04-25 15:20:49,544 - INFO - Epoch 37/70 50/77 loss: 0.4380 time 0.32s 
2026-04-25 15:20:49,865 - INFO - Epoch 37/70 51/77 loss: 0.4334 time 0.32s 
2026-04-25 15:20:50,186 - INFO - Epoch 37/70 52/77 loss: 0.4336 time 0.32s 
2026-04-25 15:20:50,509 - INFO - Epoch 37/70 53/77 loss: 0.4348 time 0.32s 
2026-04-25 15:20:50,830 - INFO - Epoch 37/70 54/77 loss: 0.4354 time 0.32s 
2026-04-25 15:20:51,151 - INFO - Epoch 37/70 55/77 loss: 0.4366 time 0.32s 
2026-04-25 15:20:51,472 - INFO - Epoch 37/70 56/77 loss: 0.4381 time 0.32s 
2026-04-25 15:20:51,793 - INFO - Epoch 37/70 57/77 loss: 0.4367 time 0.32s 
2026-04-25 15:20:52,113 - INFO - Epoch 37/70 58/77 loss: 0.4357 time 0.32s 
2026-04-25 15:20:52,434 - INFO - Epoch 37/70 59/77 loss: 0.4334 time 0.32s 
2026-04-25 15:20:52,754 - INFO - Epoch 37/70 60/77 loss: 0.4308 time 0.32s 
2026-04-25 15:20:53,076 - INFO - Epoch 37/70 61/77 loss: 0.4302 time 0.32s 
2026-04-25 15:20:53,396 - INFO - Epoch 37/70 62/77 loss: 0.4346 time 0.32s 
2026-04-25 15:20:53,716 - INFO - Epoch 37/70 63/77 loss: 0.4338 time 0.32s 
2026-04-25 15:20:54,040 - INFO - Epoch 37/70 64/77 loss: 0.4359 time 0.32s 
2026-04-25 15:20:54,362 - INFO - Epoch 37/70 65/77 loss: 0.4355 time 0.32s 
2026-04-25 15:20:54,682 - INFO - Epoch 37/70 66/77 loss: 0.4335 time 0.32s 
2026-04-25 15:20:55,004 - INFO - Epoch 37/70 67/77 loss: 0.4327 time 0.32s 
2026-04-25 15:20:55,323 - INFO - Epoch 37/70 68/77 loss: 0.4323 time 0.32s 
2026-04-25 15:20:55,641 - INFO - Epoch 37/70 69/77 loss: 0.4315 time 0.32s 
2026-04-25 15:20:55,959 - INFO - Epoch 37/70 70/77 loss: 0.4290 time 0.32s 
2026-04-25 15:20:56,275 - INFO - Epoch 37/70 71/77 loss: 0.4285 time 0.32s 
2026-04-25 15:20:56,592 - INFO - Epoch 37/70 72/77 loss: 0.4282 time 0.32s 
2026-04-25 15:20:56,909 - INFO - Epoch 37/70 73/77 loss: 0.4301 time 0.32s 
2026-04-25 15:20:57,226 - INFO - Epoch 37/70 74/77 loss: 0.4376 time 0.32s 
2026-04-25 15:20:57,543 - INFO - Epoch 37/70 75/77 loss: 0.4361 time 0.32s 
2026-04-25 15:20:57,720 - INFO - Epoch 37/70 76/77 loss: 0.4359 time 0.18s 
2026-04-25 15:20:57,809 - INFO - Latest training  37/69 loss: 0.4359 time 25.36s  lr: 1.0000e-04
2026-04-25 15:20:57,810 - INFO - Estimated remaining training time for the current model fold 0 is 0.42 hr, running time 0.49 hr, est total time 0.90 hr 

2026-04-25 15:20:58,887 - INFO - Epoch 38/70 0/77 loss: 0.4798 time 1.08s 
2026-04-25 15:20:59,211 - INFO - Epoch 38/70 1/77 loss: 0.4682 time 0.32s 
2026-04-25 15:20:59,533 - INFO - Epoch 38/70 2/77 loss: 0.4327 time 0.32s 
2026-04-25 15:20:59,855 - INFO - Epoch 38/70 3/77 loss: 0.4326 time 0.32s 
2026-04-25 15:21:00,177 - INFO - Epoch 38/70 4/77 loss: 0.4078 time 0.32s 
2026-04-25 15:21:00,498 - INFO - Epoch 38/70 5/77 loss: 0.4718 time 0.32s 
2026-04-25 15:21:00,820 - INFO - Epoch 38/70 6/77 loss: 0.4883 time 0.32s 
2026-04-25 15:21:01,141 - INFO - Epoch 38/70 7/77 loss: 0.4765 time 0.32s 
2026-04-25 15:21:01,462 - INFO - Epoch 38/70 8/77 loss: 0.4993 time 0.32s 
2026-04-25 15:21:01,785 - INFO - Epoch 38/70 9/77 loss: 0.5537 time 0.32s 
2026-04-25 15:21:02,105 - INFO - Epoch 38/70 10/77 loss: 0.5392 time 0.32s 
2026-04-25 15:21:02,427 - INFO - Epoch 38/70 11/77 loss: 0.5319 time 0.32s 
2026-04-25 15:21:02,748 - INFO - Epoch 38/70 12/77 loss: 0.5125 time 0.32s 
2026-04-25 15:21:03,068 - INFO - Epoch 38/70 13/77 loss: 0.5244 time 0.32s 
2026-04-25 15:21:03,388 - INFO - Epoch 38/70 14/77 loss: 0.5152 time 0.32s 
2026-04-25 15:21:03,709 - INFO - Epoch 38/70 15/77 loss: 0.5143 time 0.32s 
2026-04-25 15:21:04,031 - INFO - Epoch 38/70 16/77 loss: 0.5110 time 0.32s 
2026-04-25 15:21:04,352 - INFO - Epoch 38/70 17/77 loss: 0.4988 time 0.32s 
2026-04-25 15:21:04,674 - INFO - Epoch 38/70 18/77 loss: 0.5079 time 0.32s 
2026-04-25 15:21:04,993 - INFO - Epoch 38/70 19/77 loss: 0.5048 time 0.32s 
2026-04-25 15:21:05,316 - INFO - Epoch 38/70 20/77 loss: 0.5075 time 0.32s 
2026-04-25 15:21:05,639 - INFO - Epoch 38/70 21/77 loss: 0.5093 time 0.32s 
2026-04-25 15:21:05,959 - INFO - Epoch 38/70 22/77 loss: 0.5095 time 0.32s 
2026-04-25 15:21:06,282 - INFO - Epoch 38/70 23/77 loss: 0.5066 time 0.32s 
2026-04-25 15:21:06,603 - INFO - Epoch 38/70 24/77 loss: 0.5009 time 0.32s 
2026-04-25 15:21:06,925 - INFO - Epoch 38/70 25/77 loss: 0.4939 time 0.32s 
2026-04-25 15:21:07,247 - INFO - Epoch 38/70 26/77 loss: 0.4908 time 0.32s 
2026-04-25 15:21:07,570 - INFO - Epoch 38/70 27/77 loss: 0.4841 time 0.32s 
2026-04-25 15:21:07,891 - INFO - Epoch 38/70 28/77 loss: 0.4820 time 0.32s 
2026-04-25 15:21:08,213 - INFO - Epoch 38/70 29/77 loss: 0.4860 time 0.32s 
2026-04-25 15:21:08,535 - INFO - Epoch 38/70 30/77 loss: 0.4841 time 0.32s 
2026-04-25 15:21:08,857 - INFO - Epoch 38/70 31/77 loss: 0.4824 time 0.32s 
2026-04-25 15:21:09,178 - INFO - Epoch 38/70 32/77 loss: 0.4789 time 0.32s 
2026-04-25 15:21:09,499 - INFO - Epoch 38/70 33/77 loss: 0.4740 time 0.32s 
2026-04-25 15:21:09,820 - INFO - Epoch 38/70 34/77 loss: 0.4706 time 0.32s 
2026-04-25 15:21:10,142 - INFO - Epoch 38/70 35/77 loss: 0.4682 time 0.32s 
2026-04-25 15:21:10,463 - INFO - Epoch 38/70 36/77 loss: 0.4692 time 0.32s 
2026-04-25 15:21:10,786 - INFO - Epoch 38/70 37/77 loss: 0.4720 time 0.32s 
2026-04-25 15:21:11,109 - INFO - Epoch 38/70 38/77 loss: 0.4671 time 0.32s 
2026-04-25 15:21:11,430 - INFO - Epoch 38/70 39/77 loss: 0.4681 time 0.32s 
2026-04-25 15:21:11,752 - INFO - Epoch 38/70 40/77 loss: 0.4707 time 0.32s 
2026-04-25 15:21:12,075 - INFO - Epoch 38/70 41/77 loss: 0.4664 time 0.32s 
2026-04-25 15:21:12,396 - INFO - Epoch 38/70 42/77 loss: 0.4605 time 0.32s 
2026-04-25 15:21:12,716 - INFO - Epoch 38/70 43/77 loss: 0.4625 time 0.32s 
2026-04-25 15:21:13,037 - INFO - Epoch 38/70 44/77 loss: 0.4649 time 0.32s 
2026-04-25 15:21:13,359 - INFO - Epoch 38/70 45/77 loss: 0.4640 time 0.32s 
2026-04-25 15:21:13,680 - INFO - Epoch 38/70 46/77 loss: 0.4622 time 0.32s 
2026-04-25 15:21:14,000 - INFO - Epoch 38/70 47/77 loss: 0.4646 time 0.32s 
2026-04-25 15:21:14,320 - INFO - Epoch 38/70 48/77 loss: 0.4655 time 0.32s 
2026-04-25 15:21:14,643 - INFO - Epoch 38/70 49/77 loss: 0.4637 time 0.32s 
2026-04-25 15:21:14,963 - INFO - Epoch 38/70 50/77 loss: 0.4661 time 0.32s 
2026-04-25 15:21:15,284 - INFO - Epoch 38/70 51/77 loss: 0.4704 time 0.32s 
2026-04-25 15:21:15,606 - INFO - Epoch 38/70 52/77 loss: 0.4655 time 0.32s 
2026-04-25 15:21:15,928 - INFO - Epoch 38/70 53/77 loss: 0.4638 time 0.32s 
2026-04-25 15:21:16,250 - INFO - Epoch 38/70 54/77 loss: 0.4627 time 0.32s 
2026-04-25 15:21:16,571 - INFO - Epoch 38/70 55/77 loss: 0.4656 time 0.32s 
2026-04-25 15:21:16,893 - INFO - Epoch 38/70 56/77 loss: 0.4643 time 0.32s 
2026-04-25 15:21:17,216 - INFO - Epoch 38/70 57/77 loss: 0.4658 time 0.32s 
2026-04-25 15:21:17,537 - INFO - Epoch 38/70 58/77 loss: 0.4625 time 0.32s 
2026-04-25 15:21:17,857 - INFO - Epoch 38/70 59/77 loss: 0.4641 time 0.32s 
2026-04-25 15:21:18,178 - INFO - Epoch 38/70 60/77 loss: 0.4694 time 0.32s 
2026-04-25 15:21:18,499 - INFO - Epoch 38/70 61/77 loss: 0.4661 time 0.32s 
2026-04-25 15:21:18,820 - INFO - Epoch 38/70 62/77 loss: 0.4635 time 0.32s 
2026-04-25 15:21:19,142 - INFO - Epoch 38/70 63/77 loss: 0.4648 time 0.32s 
2026-04-25 15:21:19,464 - INFO - Epoch 38/70 64/77 loss: 0.4657 time 0.32s 
2026-04-25 15:21:19,787 - INFO - Epoch 38/70 65/77 loss: 0.4669 time 0.32s 
2026-04-25 15:21:20,108 - INFO - Epoch 38/70 66/77 loss: 0.4658 time 0.32s 
2026-04-25 15:21:20,428 - INFO - Epoch 38/70 67/77 loss: 0.4660 time 0.32s 
2026-04-25 15:21:20,749 - INFO - Epoch 38/70 68/77 loss: 0.4646 time 0.32s 
2026-04-25 15:21:21,067 - INFO - Epoch 38/70 69/77 loss: 0.4612 time 0.32s 
2026-04-25 15:21:21,384 - INFO - Epoch 38/70 70/77 loss: 0.4588 time 0.32s 
2026-04-25 15:21:21,699 - INFO - Epoch 38/70 71/77 loss: 0.4602 time 0.32s 
2026-04-25 15:21:22,016 - INFO - Epoch 38/70 72/77 loss: 0.4641 time 0.32s 
2026-04-25 15:21:22,335 - INFO - Epoch 38/70 73/77 loss: 0.4626 time 0.32s 
2026-04-25 15:21:22,651 - INFO - Epoch 38/70 74/77 loss: 0.4626 time 0.32s 
2026-04-25 15:21:22,969 - INFO - Epoch 38/70 75/77 loss: 0.4598 time 0.32s 
2026-04-25 15:21:23,147 - INFO - Epoch 38/70 76/77 loss: 0.4651 time 0.18s 
2026-04-25 15:21:23,234 - INFO - Latest training  38/69 loss: 0.4651 time 25.42s  lr: 1.0000e-04
2026-04-25 15:21:23,235 - INFO - Estimated remaining training time for the current model fold 0 is 0.41 hr, running time 0.49 hr, est total time 0.90 hr 

2026-04-25 15:21:24,422 - INFO - Epoch 39/70 0/77 loss: 0.4982 time 1.18s 
2026-04-25 15:21:24,750 - INFO - Epoch 39/70 1/77 loss: 0.4815 time 0.33s 
2026-04-25 15:21:25,073 - INFO - Epoch 39/70 2/77 loss: 0.4790 time 0.32s 
2026-04-25 15:21:25,399 - INFO - Epoch 39/70 3/77 loss: 0.5869 time 0.33s 
2026-04-25 15:21:25,724 - INFO - Epoch 39/70 4/77 loss: 0.5666 time 0.33s 
2026-04-25 15:21:26,048 - INFO - Epoch 39/70 5/77 loss: 0.5373 time 0.32s 
2026-04-25 15:21:26,371 - INFO - Epoch 39/70 6/77 loss: 0.5085 time 0.32s 
2026-04-25 15:21:26,695 - INFO - Epoch 39/70 7/77 loss: 0.5169 time 0.32s 
2026-04-25 15:21:27,018 - INFO - Epoch 39/70 8/77 loss: 0.5054 time 0.32s 
2026-04-25 15:21:27,340 - INFO - Epoch 39/70 9/77 loss: 0.5125 time 0.32s 
2026-04-25 15:21:27,666 - INFO - Epoch 39/70 10/77 loss: 0.5116 time 0.33s 
2026-04-25 15:21:27,987 - INFO - Epoch 39/70 11/77 loss: 0.5324 time 0.32s 
2026-04-25 15:21:28,314 - INFO - Epoch 39/70 12/77 loss: 0.5508 time 0.33s 
2026-04-25 15:21:28,642 - INFO - Epoch 39/70 13/77 loss: 0.5451 time 0.33s 
2026-04-25 15:21:28,962 - INFO - Epoch 39/70 14/77 loss: 0.5285 time 0.32s 
2026-04-25 15:21:29,286 - INFO - Epoch 39/70 15/77 loss: 0.5483 time 0.32s 
2026-04-25 15:21:29,610 - INFO - Epoch 39/70 16/77 loss: 0.5365 time 0.32s 
2026-04-25 15:21:29,930 - INFO - Epoch 39/70 17/77 loss: 0.5363 time 0.32s 
2026-04-25 15:21:30,250 - INFO - Epoch 39/70 18/77 loss: 0.5500 time 0.32s 
2026-04-25 15:21:30,572 - INFO - Epoch 39/70 19/77 loss: 0.5349 time 0.32s 
2026-04-25 15:21:30,896 - INFO - Epoch 39/70 20/77 loss: 0.5320 time 0.32s 
2026-04-25 15:21:31,216 - INFO - Epoch 39/70 21/77 loss: 0.5326 time 0.32s 
2026-04-25 15:21:31,539 - INFO - Epoch 39/70 22/77 loss: 0.5265 time 0.32s 
2026-04-25 15:21:31,860 - INFO - Epoch 39/70 23/77 loss: 0.5199 time 0.32s 
2026-04-25 15:21:32,181 - INFO - Epoch 39/70 24/77 loss: 0.5161 time 0.32s 
2026-04-25 15:21:32,502 - INFO - Epoch 39/70 25/77 loss: 0.5090 time 0.32s 
2026-04-25 15:21:32,825 - INFO - Epoch 39/70 26/77 loss: 0.5072 time 0.32s 
2026-04-25 15:21:33,149 - INFO - Epoch 39/70 27/77 loss: 0.5021 time 0.32s 
2026-04-25 15:21:33,472 - INFO - Epoch 39/70 28/77 loss: 0.4966 time 0.32s 
2026-04-25 15:21:33,794 - INFO - Epoch 39/70 29/77 loss: 0.4841 time 0.32s 
2026-04-25 15:21:34,115 - INFO - Epoch 39/70 30/77 loss: 0.4837 time 0.32s 
2026-04-25 15:21:34,436 - INFO - Epoch 39/70 31/77 loss: 0.4839 time 0.32s 
2026-04-25 15:21:34,757 - INFO - Epoch 39/70 32/77 loss: 0.4773 time 0.32s 
2026-04-25 15:21:35,078 - INFO - Epoch 39/70 33/77 loss: 0.4843 time 0.32s 
2026-04-25 15:21:35,399 - INFO - Epoch 39/70 34/77 loss: 0.4802 time 0.32s 
2026-04-25 15:21:35,719 - INFO - Epoch 39/70 35/77 loss: 0.4765 time 0.32s 
2026-04-25 15:21:36,042 - INFO - Epoch 39/70 36/77 loss: 0.4815 time 0.32s 
2026-04-25 15:21:36,364 - INFO - Epoch 39/70 37/77 loss: 0.4800 time 0.32s 
2026-04-25 15:21:36,685 - INFO - Epoch 39/70 38/77 loss: 0.4755 time 0.32s 
2026-04-25 15:21:37,005 - INFO - Epoch 39/70 39/77 loss: 0.4716 time 0.32s 
2026-04-25 15:21:37,325 - INFO - Epoch 39/70 40/77 loss: 0.4769 time 0.32s 
2026-04-25 15:21:37,647 - INFO - Epoch 39/70 41/77 loss: 0.4742 time 0.32s 
2026-04-25 15:21:37,968 - INFO - Epoch 39/70 42/77 loss: 0.4728 time 0.32s 
2026-04-25 15:21:38,289 - INFO - Epoch 39/70 43/77 loss: 0.4671 time 0.32s 
2026-04-25 15:21:38,611 - INFO - Epoch 39/70 44/77 loss: 0.4762 time 0.32s 
2026-04-25 15:21:38,932 - INFO - Epoch 39/70 45/77 loss: 0.4745 time 0.32s 
2026-04-25 15:21:39,259 - INFO - Epoch 39/70 46/77 loss: 0.4718 time 0.33s 
2026-04-25 15:21:39,580 - INFO - Epoch 39/70 47/77 loss: 0.4665 time 0.32s 
2026-04-25 15:21:39,901 - INFO - Epoch 39/70 48/77 loss: 0.4663 time 0.32s 
2026-04-25 15:21:40,222 - INFO - Epoch 39/70 49/77 loss: 0.4663 time 0.32s 
2026-04-25 15:21:40,543 - INFO - Epoch 39/70 50/77 loss: 0.4785 time 0.32s 
2026-04-25 15:21:40,865 - INFO - Epoch 39/70 51/77 loss: 0.4857 time 0.32s 
2026-04-25 15:21:41,187 - INFO - Epoch 39/70 52/77 loss: 0.4832 time 0.32s 
2026-04-25 15:21:41,512 - INFO - Epoch 39/70 53/77 loss: 0.4811 time 0.32s 
2026-04-25 15:21:41,834 - INFO - Epoch 39/70 54/77 loss: 0.4799 time 0.32s 
2026-04-25 15:21:42,155 - INFO - Epoch 39/70 55/77 loss: 0.4788 time 0.32s 
2026-04-25 15:21:42,476 - INFO - Epoch 39/70 56/77 loss: 0.4854 time 0.32s 
2026-04-25 15:21:42,797 - INFO - Epoch 39/70 57/77 loss: 0.4880 time 0.32s 
2026-04-25 15:21:43,117 - INFO - Epoch 39/70 58/77 loss: 0.4854 time 0.32s 
2026-04-25 15:21:43,438 - INFO - Epoch 39/70 59/77 loss: 0.4854 time 0.32s 
2026-04-25 15:21:43,759 - INFO - Epoch 39/70 60/77 loss: 0.4818 time 0.32s 
2026-04-25 15:21:44,081 - INFO - Epoch 39/70 61/77 loss: 0.4850 time 0.32s 
2026-04-25 15:21:44,403 - INFO - Epoch 39/70 62/77 loss: 0.4853 time 0.32s 
2026-04-25 15:21:44,723 - INFO - Epoch 39/70 63/77 loss: 0.4956 time 0.32s 
2026-04-25 15:21:45,044 - INFO - Epoch 39/70 64/77 loss: 0.4958 time 0.32s 
2026-04-25 15:21:45,367 - INFO - Epoch 39/70 65/77 loss: 0.4999 time 0.32s 
2026-04-25 15:21:45,687 - INFO - Epoch 39/70 66/77 loss: 0.5032 time 0.32s 
2026-04-25 15:21:46,010 - INFO - Epoch 39/70 67/77 loss: 0.5010 time 0.32s 
2026-04-25 15:21:46,331 - INFO - Epoch 39/70 68/77 loss: 0.4997 time 0.32s 
2026-04-25 15:21:46,648 - INFO - Epoch 39/70 69/77 loss: 0.4963 time 0.32s 
2026-04-25 15:21:46,965 - INFO - Epoch 39/70 70/77 loss: 0.4955 time 0.32s 
2026-04-25 15:21:47,284 - INFO - Epoch 39/70 71/77 loss: 0.4948 time 0.32s 
2026-04-25 15:21:47,602 - INFO - Epoch 39/70 72/77 loss: 0.4949 time 0.32s 
2026-04-25 15:21:47,920 - INFO - Epoch 39/70 73/77 loss: 0.4957 time 0.32s 
2026-04-25 15:21:48,239 - INFO - Epoch 39/70 74/77 loss: 0.4966 time 0.32s 
2026-04-25 15:21:48,556 - INFO - Epoch 39/70 75/77 loss: 0.4969 time 0.32s 
2026-04-25 15:21:48,732 - INFO - Epoch 39/70 76/77 loss: 0.4990 time 0.18s 
2026-04-25 15:21:48,821 - INFO - Latest training  39/69 loss: 0.4990 time 25.59s  lr: 1.0000e-04
2026-04-25 15:21:54,357 - INFO - Val 39/70 0/30 loss: 0.8898 acc 0.6644219977553311  time 5.52s
2026-04-25 15:21:58,016 - INFO - Val 39/70 1/30 loss: 0.5724 acc 0.8028169014084507  time 3.66s
2026-04-25 15:22:01,741 - INFO - Val 39/70 2/30 loss: 0.5650 acc 0.793002915451895  time 3.72s
2026-04-25 15:22:05,342 - INFO - Val 39/70 3/30 loss: 0.3665 acc 0.8338557993730408  time 3.60s
2026-04-25 15:22:09,015 - INFO - Val 39/70 4/30 loss: 0.4408 acc 0.7381756756756757  time 3.67s
2026-04-25 15:22:12,822 - INFO - Val 39/70 5/30 loss: 0.6546 acc 0.854289071680376  time 3.81s
2026-04-25 15:22:16,572 - INFO - Val 39/70 6/30 loss: 0.6629 acc 0.768361581920904  time 3.75s
2026-04-25 15:22:20,196 - INFO - Val 39/70 7/30 loss: 0.3038 acc 0.910828025477707  time 3.62s
2026-04-25 15:22:23,879 - INFO - Val 39/70 8/30 loss: 0.7853 acc 0.8082191780821918  time 3.68s
2026-04-25 15:22:27,518 - INFO - Val 39/70 9/30 loss: 0.5004 acc 0.8751879699248121  time 3.64s
2026-04-25 15:22:31,063 - INFO - Val 39/70 10/30 loss: 0.3361 acc 0.8926701570680629  time 3.55s
2026-04-25 15:22:34,622 - INFO - Val 39/70 11/30 loss: 0.4469 acc 0.8030973451327433  time 3.56s
2026-04-25 15:22:38,120 - INFO - Val 39/70 12/30 loss: 0.3455 acc 0.7992565055762082  time 3.50s
2026-04-25 15:22:41,770 - INFO - Val 39/70 13/30 loss: 0.5937 acc 0.8709677419354839  time 3.65s
2026-04-25 15:22:45,266 - INFO - Val 39/70 14/30 loss: 0.2144 acc 0.7744107744107744  time 3.50s
2026-04-25 15:22:48,791 - INFO - Val 39/70 15/30 loss: 0.3532 acc 0.8072805139186295  time 3.52s
2026-04-25 15:22:52,472 - INFO - Val 39/70 16/30 loss: 0.6452 acc 0.8718309859154929  time 3.68s
2026-04-25 15:22:56,051 - INFO - Val 39/70 17/30 loss: 0.4699 acc 0.7813620071684588  time 3.58s
2026-04-25 15:22:59,648 - INFO - Val 39/70 18/30 loss: 0.6304 acc 0.7474120082815735  time 3.60s
2026-04-25 15:23:03,214 - INFO - Val 39/70 19/30 loss: 0.4655 acc 0.8163265306122449  time 3.57s
2026-04-25 15:23:06,796 - INFO - Val 39/70 20/30 loss: 0.2991 acc 0.9104477611940298  time 3.58s
2026-04-25 15:23:10,367 - INFO - Val 39/70 21/30 loss: 0.2716 acc 0.908411214953271  time 3.57s
2026-04-25 15:23:13,824 - INFO - Val 39/70 22/30 loss: 0.2176 acc 0.7829457364341085  time 3.46s
2026-04-25 15:23:17,509 - INFO - Val 39/70 23/30 loss: 0.5295 acc 0.8547249647390691  time 3.69s
2026-04-25 15:23:21,078 - INFO - Val 39/70 24/30 loss: 0.2778 acc 0.8867924528301887  time 3.57s
2026-04-25 15:23:24,579 - INFO - Val 39/70 25/30 loss: 0.3480 acc 0.728  time 3.50s
2026-04-25 15:23:28,365 - INFO - Val 39/70 26/30 loss: 0.8021 acc 0.8536335721596725  time 3.79s
2026-04-25 15:23:31,919 - INFO - Val 39/70 27/30 loss: 0.5760 acc 0.7372881355932204  time 3.55s
2026-04-25 15:23:35,564 - INFO - Val 39/70 28/30 loss: 0.5260 acc 0.8350217076700435  time 3.64s
2026-04-25 15:23:39,081 - INFO - Val 39/70 29/30 loss: 0.3751 acc 0.75  time 3.52s
2026-04-25 15:23:39,166 - INFO - Latest validation 39/69 loss: 0.4822 acc_avg: 0.8154 acc: 0.8153679966926575 time: 110.34s
2026-04-25 15:23:42,917 - INFO - Saving checkpoint process: ./models/puma/model_final.pt, {'epoch': 39, 'best_metric': 0.8153679966926575}, save_time 3.75s
2026-04-25 15:23:42,918 - INFO - Estimated remaining training time for the current model fold 0 is 0.37 hr, running time 0.53 hr, est total time 0.91 hr 

2026-04-25 15:23:43,973 - INFO - Epoch 40/70 0/77 loss: 0.2218 time 1.05s 
2026-04-25 15:23:44,297 - INFO - Epoch 40/70 1/77 loss: 0.5290 time 0.32s 
2026-04-25 15:23:44,618 - INFO - Epoch 40/70 2/77 loss: 0.5179 time 0.32s 
2026-04-25 15:23:44,940 - INFO - Epoch 40/70 3/77 loss: 0.4876 time 0.32s 
2026-04-25 15:23:45,261 - INFO - Epoch 40/70 4/77 loss: 0.5625 time 0.32s 
2026-04-25 15:23:45,582 - INFO - Epoch 40/70 5/77 loss: 0.5743 time 0.32s 
2026-04-25 15:23:45,902 - INFO - Epoch 40/70 6/77 loss: 0.5236 time 0.32s 
2026-04-25 15:23:46,222 - INFO - Epoch 40/70 7/77 loss: 0.5143 time 0.32s 
2026-04-25 15:23:46,543 - INFO - Epoch 40/70 8/77 loss: 0.4797 time 0.32s 
2026-04-25 15:23:46,866 - INFO - Epoch 40/70 9/77 loss: 0.4900 time 0.32s 
2026-04-25 15:23:47,187 - INFO - Epoch 40/70 10/77 loss: 0.4793 time 0.32s 
2026-04-25 15:23:47,508 - INFO - Epoch 40/70 11/77 loss: 0.4738 time 0.32s 
2026-04-25 15:23:47,828 - INFO - Epoch 40/70 12/77 loss: 0.4669 time 0.32s 
2026-04-25 15:23:48,149 - INFO - Epoch 40/70 13/77 loss: 0.4542 time 0.32s 
2026-04-25 15:23:48,471 - INFO - Epoch 40/70 14/77 loss: 0.4753 time 0.32s 
2026-04-25 15:23:48,793 - INFO - Epoch 40/70 15/77 loss: 0.4668 time 0.32s 
2026-04-25 15:23:49,114 - INFO - Epoch 40/70 16/77 loss: 0.4695 time 0.32s 
2026-04-25 15:23:49,437 - INFO - Epoch 40/70 17/77 loss: 0.4670 time 0.32s 
2026-04-25 15:23:49,758 - INFO - Epoch 40/70 18/77 loss: 0.4762 time 0.32s 
2026-04-25 15:23:50,080 - INFO - Epoch 40/70 19/77 loss: 0.4710 time 0.32s 
2026-04-25 15:23:50,402 - INFO - Epoch 40/70 20/77 loss: 0.4684 time 0.32s 
2026-04-25 15:23:50,722 - INFO - Epoch 40/70 21/77 loss: 0.4628 time 0.32s 
2026-04-25 15:23:51,043 - INFO - Epoch 40/70 22/77 loss: 0.4568 time 0.32s 
2026-04-25 15:23:51,362 - INFO - Epoch 40/70 23/77 loss: 0.4459 time 0.32s 
2026-04-25 15:23:51,683 - INFO - Epoch 40/70 24/77 loss: 0.4489 time 0.32s 
2026-04-25 15:23:52,005 - INFO - Epoch 40/70 25/77 loss: 0.4441 time 0.32s 
2026-04-25 15:23:52,328 - INFO - Epoch 40/70 26/77 loss: 0.4378 time 0.32s 
2026-04-25 15:23:52,648 - INFO - Epoch 40/70 27/77 loss: 0.4367 time 0.32s 
2026-04-25 15:23:52,970 - INFO - Epoch 40/70 28/77 loss: 0.4434 time 0.32s 
2026-04-25 15:23:53,293 - INFO - Epoch 40/70 29/77 loss: 0.4413 time 0.32s 
2026-04-25 15:23:53,616 - INFO - Epoch 40/70 30/77 loss: 0.4438 time 0.32s 
2026-04-25 15:23:53,938 - INFO - Epoch 40/70 31/77 loss: 0.4345 time 0.32s 
2026-04-25 15:23:54,257 - INFO - Epoch 40/70 32/77 loss: 0.4324 time 0.32s 
2026-04-25 15:23:54,578 - INFO - Epoch 40/70 33/77 loss: 0.4324 time 0.32s 
2026-04-25 15:23:54,900 - INFO - Epoch 40/70 34/77 loss: 0.4380 time 0.32s 
2026-04-25 15:23:55,223 - INFO - Epoch 40/70 35/77 loss: 0.4374 time 0.32s 
2026-04-25 15:23:55,544 - INFO - Epoch 40/70 36/77 loss: 0.4325 time 0.32s 
2026-04-25 15:23:55,865 - INFO - Epoch 40/70 37/77 loss: 0.4443 time 0.32s 
2026-04-25 15:23:56,183 - INFO - Epoch 40/70 38/77 loss: 0.4429 time 0.32s 
2026-04-25 15:23:56,504 - INFO - Epoch 40/70 39/77 loss: 0.4444 time 0.32s 
2026-04-25 15:23:56,827 - INFO - Epoch 40/70 40/77 loss: 0.4420 time 0.32s 
2026-04-25 15:23:57,148 - INFO - Epoch 40/70 41/77 loss: 0.4381 time 0.32s 
2026-04-25 15:23:57,469 - INFO - Epoch 40/70 42/77 loss: 0.4384 time 0.32s 
2026-04-25 15:23:57,789 - INFO - Epoch 40/70 43/77 loss: 0.4363 time 0.32s 
2026-04-25 15:23:58,110 - INFO - Epoch 40/70 44/77 loss: 0.4334 time 0.32s 
2026-04-25 15:23:58,431 - INFO - Epoch 40/70 45/77 loss: 0.4345 time 0.32s 
2026-04-25 15:23:58,751 - INFO - Epoch 40/70 46/77 loss: 0.4343 time 0.32s 
2026-04-25 15:23:59,072 - INFO - Epoch 40/70 47/77 loss: 0.4301 time 0.32s 
2026-04-25 15:23:59,392 - INFO - Epoch 40/70 48/77 loss: 0.4380 time 0.32s 
2026-04-25 15:23:59,713 - INFO - Epoch 40/70 49/77 loss: 0.4362 time 0.32s 
2026-04-25 15:24:00,033 - INFO - Epoch 40/70 50/77 loss: 0.4372 time 0.32s 
2026-04-25 15:24:00,353 - INFO - Epoch 40/70 51/77 loss: 0.4393 time 0.32s 
2026-04-25 15:24:00,675 - INFO - Epoch 40/70 52/77 loss: 0.4386 time 0.32s 
2026-04-25 15:24:00,997 - INFO - Epoch 40/70 53/77 loss: 0.4392 time 0.32s 
2026-04-25 15:24:01,318 - INFO - Epoch 40/70 54/77 loss: 0.4397 time 0.32s 
2026-04-25 15:24:01,638 - INFO - Epoch 40/70 55/77 loss: 0.4430 time 0.32s 
2026-04-25 15:24:01,958 - INFO - Epoch 40/70 56/77 loss: 0.4445 time 0.32s 
2026-04-25 15:24:02,279 - INFO - Epoch 40/70 57/77 loss: 0.4434 time 0.32s 
2026-04-25 15:24:02,600 - INFO - Epoch 40/70 58/77 loss: 0.4454 time 0.32s 
2026-04-25 15:24:02,922 - INFO - Epoch 40/70 59/77 loss: 0.4442 time 0.32s 
2026-04-25 15:24:03,242 - INFO - Epoch 40/70 60/77 loss: 0.4428 time 0.32s 
2026-04-25 15:24:03,563 - INFO - Epoch 40/70 61/77 loss: 0.4430 time 0.32s 
2026-04-25 15:24:03,882 - INFO - Epoch 40/70 62/77 loss: 0.4447 time 0.32s 
2026-04-25 15:24:04,204 - INFO - Epoch 40/70 63/77 loss: 0.4454 time 0.32s 
2026-04-25 15:24:04,525 - INFO - Epoch 40/70 64/77 loss: 0.4473 time 0.32s 
2026-04-25 15:24:04,846 - INFO - Epoch 40/70 65/77 loss: 0.4472 time 0.32s 
2026-04-25 15:24:05,166 - INFO - Epoch 40/70 66/77 loss: 0.4486 time 0.32s 
2026-04-25 15:24:05,489 - INFO - Epoch 40/70 67/77 loss: 0.4464 time 0.32s 
2026-04-25 15:24:05,812 - INFO - Epoch 40/70 68/77 loss: 0.4503 time 0.32s 
2026-04-25 15:24:06,130 - INFO - Epoch 40/70 69/77 loss: 0.4521 time 0.32s 
2026-04-25 15:24:06,449 - INFO - Epoch 40/70 70/77 loss: 0.4504 time 0.32s 
2026-04-25 15:24:06,766 - INFO - Epoch 40/70 71/77 loss: 0.4478 time 0.32s 
2026-04-25 15:24:07,081 - INFO - Epoch 40/70 72/77 loss: 0.4456 time 0.32s 
2026-04-25 15:24:07,398 - INFO - Epoch 40/70 73/77 loss: 0.4462 time 0.32s 
2026-04-25 15:24:07,715 - INFO - Epoch 40/70 74/77 loss: 0.4432 time 0.32s 
2026-04-25 15:24:08,032 - INFO - Epoch 40/70 75/77 loss: 0.4500 time 0.32s 
2026-04-25 15:24:08,210 - INFO - Epoch 40/70 76/77 loss: 0.4490 time 0.18s 
2026-04-25 15:24:08,291 - INFO - Latest training  40/69 loss: 0.4490 time 25.37s  lr: 1.0000e-04
2026-04-25 15:24:08,292 - INFO - Estimated remaining training time for the current model fold 0 is 0.36 hr, running time 0.54 hr, est total time 0.90 hr 

2026-04-25 15:24:09,336 - INFO - Epoch 41/70 0/77 loss: 0.4777 time 1.04s 
2026-04-25 15:24:09,659 - INFO - Epoch 41/70 1/77 loss: 0.6859 time 0.32s 
2026-04-25 15:24:09,981 - INFO - Epoch 41/70 2/77 loss: 0.5751 time 0.32s 
2026-04-25 15:24:10,304 - INFO - Epoch 41/70 3/77 loss: 0.5384 time 0.32s 
2026-04-25 15:24:10,625 - INFO - Epoch 41/70 4/77 loss: 0.5587 time 0.32s 
2026-04-25 15:24:10,948 - INFO - Epoch 41/70 5/77 loss: 0.5657 time 0.32s 
2026-04-25 15:24:11,268 - INFO - Epoch 41/70 6/77 loss: 0.5778 time 0.32s 
2026-04-25 15:24:11,589 - INFO - Epoch 41/70 7/77 loss: 0.6157 time 0.32s 
2026-04-25 15:24:11,911 - INFO - Epoch 41/70 8/77 loss: 0.5907 time 0.32s 
2026-04-25 15:24:12,233 - INFO - Epoch 41/70 9/77 loss: 0.5844 time 0.32s 
2026-04-25 15:24:12,553 - INFO - Epoch 41/70 10/77 loss: 0.5693 time 0.32s 
2026-04-25 15:24:12,875 - INFO - Epoch 41/70 11/77 loss: 0.5541 time 0.32s 
2026-04-25 15:24:13,195 - INFO - Epoch 41/70 12/77 loss: 0.5615 time 0.32s 
2026-04-25 15:24:13,516 - INFO - Epoch 41/70 13/77 loss: 0.5473 time 0.32s 
2026-04-25 15:24:13,836 - INFO - Epoch 41/70 14/77 loss: 0.5427 time 0.32s 
2026-04-25 15:24:14,159 - INFO - Epoch 41/70 15/77 loss: 0.5552 time 0.32s 
2026-04-25 15:24:14,479 - INFO - Epoch 41/70 16/77 loss: 0.5517 time 0.32s 
2026-04-25 15:24:14,801 - INFO - Epoch 41/70 17/77 loss: 0.5474 time 0.32s 
2026-04-25 15:24:15,123 - INFO - Epoch 41/70 18/77 loss: 0.5373 time 0.32s 
2026-04-25 15:24:15,443 - INFO - Epoch 41/70 19/77 loss: 0.5325 time 0.32s 
2026-04-25 15:24:15,768 - INFO - Epoch 41/70 20/77 loss: 0.5305 time 0.32s 
2026-04-25 15:24:16,089 - INFO - Epoch 41/70 21/77 loss: 0.5248 time 0.32s 
2026-04-25 15:24:16,411 - INFO - Epoch 41/70 22/77 loss: 0.5124 time 0.32s 
2026-04-25 15:24:16,730 - INFO - Epoch 41/70 23/77 loss: 0.5091 time 0.32s 
2026-04-25 15:24:17,050 - INFO - Epoch 41/70 24/77 loss: 0.5069 time 0.32s 
2026-04-25 15:24:17,370 - INFO - Epoch 41/70 25/77 loss: 0.5082 time 0.32s 
2026-04-25 15:24:17,690 - INFO - Epoch 41/70 26/77 loss: 0.5145 time 0.32s 
2026-04-25 15:24:18,012 - INFO - Epoch 41/70 27/77 loss: 0.5132 time 0.32s 
2026-04-25 15:24:18,335 - INFO - Epoch 41/70 28/77 loss: 0.5154 time 0.32s 
2026-04-25 15:24:18,655 - INFO - Epoch 41/70 29/77 loss: 0.5081 time 0.32s 
2026-04-25 15:24:18,975 - INFO - Epoch 41/70 30/77 loss: 0.5025 time 0.32s 
2026-04-25 15:24:19,297 - INFO - Epoch 41/70 31/77 loss: 0.5041 time 0.32s 
2026-04-25 15:24:19,619 - INFO - Epoch 41/70 32/77 loss: 0.5087 time 0.32s 
2026-04-25 15:24:19,941 - INFO - Epoch 41/70 33/77 loss: 0.5012 time 0.32s 
2026-04-25 15:24:20,262 - INFO - Epoch 41/70 34/77 loss: 0.4976 time 0.32s 
2026-04-25 15:24:20,583 - INFO - Epoch 41/70 35/77 loss: 0.4904 time 0.32s 
2026-04-25 15:24:20,906 - INFO - Epoch 41/70 36/77 loss: 0.4843 time 0.32s 
2026-04-25 15:24:21,229 - INFO - Epoch 41/70 37/77 loss: 0.4793 time 0.32s 
2026-04-25 15:24:21,550 - INFO - Epoch 41/70 38/77 loss: 0.4745 time 0.32s 
2026-04-25 15:24:21,872 - INFO - Epoch 41/70 39/77 loss: 0.4725 time 0.32s 
2026-04-25 15:24:22,193 - INFO - Epoch 41/70 40/77 loss: 0.4823 time 0.32s 
2026-04-25 15:24:22,515 - INFO - Epoch 41/70 41/77 loss: 0.4806 time 0.32s 
2026-04-25 15:24:22,837 - INFO - Epoch 41/70 42/77 loss: 0.4812 time 0.32s 
2026-04-25 15:24:23,158 - INFO - Epoch 41/70 43/77 loss: 0.4836 time 0.32s 
2026-04-25 15:24:23,479 - INFO - Epoch 41/70 44/77 loss: 0.4872 time 0.32s 
2026-04-25 15:24:23,801 - INFO - Epoch 41/70 45/77 loss: 0.4864 time 0.32s 
2026-04-25 15:24:24,123 - INFO - Epoch 41/70 46/77 loss: 0.4819 time 0.32s 
2026-04-25 15:24:24,445 - INFO - Epoch 41/70 47/77 loss: 0.4836 time 0.32s 
2026-04-25 15:24:24,767 - INFO - Epoch 41/70 48/77 loss: 0.4861 time 0.32s 
2026-04-25 15:24:25,087 - INFO - Epoch 41/70 49/77 loss: 0.4871 time 0.32s 
2026-04-25 15:24:25,409 - INFO - Epoch 41/70 50/77 loss: 0.4870 time 0.32s 
2026-04-25 15:24:25,728 - INFO - Epoch 41/70 51/77 loss: 0.4837 time 0.32s 
2026-04-25 15:24:26,048 - INFO - Epoch 41/70 52/77 loss: 0.4807 time 0.32s 
2026-04-25 15:24:26,369 - INFO - Epoch 41/70 53/77 loss: 0.4833 time 0.32s 
2026-04-25 15:24:26,690 - INFO - Epoch 41/70 54/77 loss: 0.4838 time 0.32s 
2026-04-25 15:24:27,012 - INFO - Epoch 41/70 55/77 loss: 0.4818 time 0.32s 
2026-04-25 15:24:27,332 - INFO - Epoch 41/70 56/77 loss: 0.4815 time 0.32s 
2026-04-25 15:24:27,655 - INFO - Epoch 41/70 57/77 loss: 0.4818 time 0.32s 
2026-04-25 15:24:27,978 - INFO - Epoch 41/70 58/77 loss: 0.4791 time 0.32s 
2026-04-25 15:24:28,298 - INFO - Epoch 41/70 59/77 loss: 0.4825 time 0.32s 
2026-04-25 15:24:28,618 - INFO - Epoch 41/70 60/77 loss: 0.4800 time 0.32s 
2026-04-25 15:24:28,938 - INFO - Epoch 41/70 61/77 loss: 0.4811 time 0.32s 
2026-04-25 15:24:29,260 - INFO - Epoch 41/70 62/77 loss: 0.4815 time 0.32s 
2026-04-25 15:24:29,581 - INFO - Epoch 41/70 63/77 loss: 0.4801 time 0.32s 
2026-04-25 15:24:29,901 - INFO - Epoch 41/70 64/77 loss: 0.4777 time 0.32s 
2026-04-25 15:24:30,223 - INFO - Epoch 41/70 65/77 loss: 0.4737 time 0.32s 
2026-04-25 15:24:30,546 - INFO - Epoch 41/70 66/77 loss: 0.4729 time 0.32s 
2026-04-25 15:24:30,867 - INFO - Epoch 41/70 67/77 loss: 0.4741 time 0.32s 
2026-04-25 15:24:31,187 - INFO - Epoch 41/70 68/77 loss: 0.4759 time 0.32s 
2026-04-25 15:24:31,505 - INFO - Epoch 41/70 69/77 loss: 0.4765 time 0.32s 
2026-04-25 15:24:31,824 - INFO - Epoch 41/70 70/77 loss: 0.4748 time 0.32s 
2026-04-25 15:24:32,141 - INFO - Epoch 41/70 71/77 loss: 0.4737 time 0.32s 
2026-04-25 15:24:32,458 - INFO - Epoch 41/70 72/77 loss: 0.4716 time 0.32s 
2026-04-25 15:24:32,777 - INFO - Epoch 41/70 73/77 loss: 0.4757 time 0.32s 
2026-04-25 15:24:33,094 - INFO - Epoch 41/70 74/77 loss: 0.4742 time 0.32s 
2026-04-25 15:24:33,410 - INFO - Epoch 41/70 75/77 loss: 0.4726 time 0.32s 
2026-04-25 15:24:33,587 - INFO - Epoch 41/70 76/77 loss: 0.4735 time 0.18s 
2026-04-25 15:24:33,676 - INFO - Latest training  41/69 loss: 0.4735 time 25.38s  lr: 1.0000e-04
2026-04-25 15:24:33,677 - INFO - Estimated remaining training time for the current model fold 0 is 0.36 hr, running time 0.55 hr, est total time 0.90 hr 

2026-04-25 15:24:34,634 - INFO - Epoch 42/70 0/77 loss: 0.4198 time 0.96s 
2026-04-25 15:24:34,957 - INFO - Epoch 42/70 1/77 loss: 0.5335 time 0.32s 
2026-04-25 15:24:35,282 - INFO - Epoch 42/70 2/77 loss: 0.4907 time 0.32s 
2026-04-25 15:24:35,606 - INFO - Epoch 42/70 3/77 loss: 0.5099 time 0.32s 
2026-04-25 15:24:35,926 - INFO - Epoch 42/70 4/77 loss: 0.5713 time 0.32s 
2026-04-25 15:24:36,247 - INFO - Epoch 42/70 5/77 loss: 0.5792 time 0.32s 
2026-04-25 15:24:36,570 - INFO - Epoch 42/70 6/77 loss: 0.5534 time 0.32s 
2026-04-25 15:24:36,892 - INFO - Epoch 42/70 7/77 loss: 0.5353 time 0.32s 
2026-04-25 15:24:37,213 - INFO - Epoch 42/70 8/77 loss: 0.4998 time 0.32s 
2026-04-25 15:24:37,534 - INFO - Epoch 42/70 9/77 loss: 0.4694 time 0.32s 
2026-04-25 15:24:37,855 - INFO - Epoch 42/70 10/77 loss: 0.4691 time 0.32s 
2026-04-25 15:24:38,176 - INFO - Epoch 42/70 11/77 loss: 0.4569 time 0.32s 
2026-04-25 15:24:38,497 - INFO - Epoch 42/70 12/77 loss: 0.4486 time 0.32s 
2026-04-25 15:24:38,818 - INFO - Epoch 42/70 13/77 loss: 0.4531 time 0.32s 
2026-04-25 15:24:39,144 - INFO - Epoch 42/70 14/77 loss: 0.4474 time 0.33s 
2026-04-25 15:24:39,465 - INFO - Epoch 42/70 15/77 loss: 0.4585 time 0.32s 
2026-04-25 15:24:39,786 - INFO - Epoch 42/70 16/77 loss: 0.4519 time 0.32s 
2026-04-25 15:24:40,106 - INFO - Epoch 42/70 17/77 loss: 0.4481 time 0.32s 
2026-04-25 15:24:40,427 - INFO - Epoch 42/70 18/77 loss: 0.4675 time 0.32s 
2026-04-25 15:24:40,748 - INFO - Epoch 42/70 19/77 loss: 0.4700 time 0.32s 
2026-04-25 15:24:41,069 - INFO - Epoch 42/70 20/77 loss: 0.4742 time 0.32s 
2026-04-25 15:24:41,390 - INFO - Epoch 42/70 21/77 loss: 0.4739 time 0.32s 
2026-04-25 15:24:41,710 - INFO - Epoch 42/70 22/77 loss: 0.4660 time 0.32s 
2026-04-25 15:24:42,032 - INFO - Epoch 42/70 23/77 loss: 0.4811 time 0.32s 
2026-04-25 15:24:42,352 - INFO - Epoch 42/70 24/77 loss: 0.4876 time 0.32s 
2026-04-25 15:24:42,674 - INFO - Epoch 42/70 25/77 loss: 0.4891 time 0.32s 
2026-04-25 15:24:42,996 - INFO - Epoch 42/70 26/77 loss: 0.4934 time 0.32s 
2026-04-25 15:24:43,319 - INFO - Epoch 42/70 27/77 loss: 0.4898 time 0.32s 
2026-04-25 15:24:43,640 - INFO - Epoch 42/70 28/77 loss: 0.4837 time 0.32s 
2026-04-25 15:24:43,962 - INFO - Epoch 42/70 29/77 loss: 0.4745 time 0.32s 
2026-04-25 15:24:44,283 - INFO - Epoch 42/70 30/77 loss: 0.4865 time 0.32s 
2026-04-25 15:24:44,607 - INFO - Epoch 42/70 31/77 loss: 0.4842 time 0.32s 
2026-04-25 15:24:44,928 - INFO - Epoch 42/70 32/77 loss: 0.4828 time 0.32s 
2026-04-25 15:24:45,250 - INFO - Epoch 42/70 33/77 loss: 0.4840 time 0.32s 
2026-04-25 15:24:45,571 - INFO - Epoch 42/70 34/77 loss: 0.4822 time 0.32s 
2026-04-25 15:24:45,893 - INFO - Epoch 42/70 35/77 loss: 0.4772 time 0.32s 
2026-04-25 15:24:46,214 - INFO - Epoch 42/70 36/77 loss: 0.4729 time 0.32s 
2026-04-25 15:24:46,535 - INFO - Epoch 42/70 37/77 loss: 0.4786 time 0.32s 
2026-04-25 15:24:46,857 - INFO - Epoch 42/70 38/77 loss: 0.4859 time 0.32s 
2026-04-25 15:24:47,177 - INFO - Epoch 42/70 39/77 loss: 0.4842 time 0.32s 
2026-04-25 15:24:47,499 - INFO - Epoch 42/70 40/77 loss: 0.4836 time 0.32s 
2026-04-25 15:24:47,819 - INFO - Epoch 42/70 41/77 loss: 0.4816 time 0.32s 
2026-04-25 15:24:48,140 - INFO - Epoch 42/70 42/77 loss: 0.4807 time 0.32s 
2026-04-25 15:24:48,463 - INFO - Epoch 42/70 43/77 loss: 0.4812 time 0.32s 
2026-04-25 15:24:48,786 - INFO - Epoch 42/70 44/77 loss: 0.4829 time 0.32s 
2026-04-25 15:24:49,108 - INFO - Epoch 42/70 45/77 loss: 0.4779 time 0.32s 
2026-04-25 15:24:49,429 - INFO - Epoch 42/70 46/77 loss: 0.4841 time 0.32s 
2026-04-25 15:24:49,750 - INFO - Epoch 42/70 47/77 loss: 0.4814 time 0.32s 
2026-04-25 15:24:50,072 - INFO - Epoch 42/70 48/77 loss: 0.4807 time 0.32s 
2026-04-25 15:24:50,394 - INFO - Epoch 42/70 49/77 loss: 0.4861 time 0.32s 
2026-04-25 15:24:50,716 - INFO - Epoch 42/70 50/77 loss: 0.4800 time 0.32s 
2026-04-25 15:24:51,038 - INFO - Epoch 42/70 51/77 loss: 0.4777 time 0.32s 
2026-04-25 15:24:51,361 - INFO - Epoch 42/70 52/77 loss: 0.4742 time 0.32s 
2026-04-25 15:24:51,683 - INFO - Epoch 42/70 53/77 loss: 0.4744 time 0.32s 
2026-04-25 15:24:52,003 - INFO - Epoch 42/70 54/77 loss: 0.4761 time 0.32s 
2026-04-25 15:24:52,326 - INFO - Epoch 42/70 55/77 loss: 0.4755 time 0.32s 
2026-04-25 15:24:52,646 - INFO - Epoch 42/70 56/77 loss: 0.4781 time 0.32s 
2026-04-25 15:24:52,967 - INFO - Epoch 42/70 57/77 loss: 0.4754 time 0.32s 
2026-04-25 15:24:53,289 - INFO - Epoch 42/70 58/77 loss: 0.4751 time 0.32s 
2026-04-25 15:24:53,610 - INFO - Epoch 42/70 59/77 loss: 0.4733 time 0.32s 
2026-04-25 15:24:53,930 - INFO - Epoch 42/70 60/77 loss: 0.4724 time 0.32s 
2026-04-25 15:24:54,252 - INFO - Epoch 42/70 61/77 loss: 0.4715 time 0.32s 
2026-04-25 15:24:54,574 - INFO - Epoch 42/70 62/77 loss: 0.4697 time 0.32s 
2026-04-25 15:24:54,897 - INFO - Epoch 42/70 63/77 loss: 0.4720 time 0.32s 
2026-04-25 15:24:55,218 - INFO - Epoch 42/70 64/77 loss: 0.4697 time 0.32s 
2026-04-25 15:24:55,540 - INFO - Epoch 42/70 65/77 loss: 0.4682 time 0.32s 
2026-04-25 15:24:55,862 - INFO - Epoch 42/70 66/77 loss: 0.4678 time 0.32s 
2026-04-25 15:24:56,186 - INFO - Epoch 42/70 67/77 loss: 0.4674 time 0.32s 
2026-04-25 15:24:56,506 - INFO - Epoch 42/70 68/77 loss: 0.4703 time 0.32s 
2026-04-25 15:24:56,825 - INFO - Epoch 42/70 69/77 loss: 0.4707 time 0.32s 
2026-04-25 15:24:57,143 - INFO - Epoch 42/70 70/77 loss: 0.4720 time 0.32s 
2026-04-25 15:24:57,460 - INFO - Epoch 42/70 71/77 loss: 0.4778 time 0.32s 
2026-04-25 15:24:57,778 - INFO - Epoch 42/70 72/77 loss: 0.4795 time 0.32s 
2026-04-25 15:24:58,095 - INFO - Epoch 42/70 73/77 loss: 0.4809 time 0.32s 
2026-04-25 15:24:58,412 - INFO - Epoch 42/70 74/77 loss: 0.4800 time 0.32s 
2026-04-25 15:24:58,730 - INFO - Epoch 42/70 75/77 loss: 0.4791 time 0.32s 
2026-04-25 15:24:58,908 - INFO - Epoch 42/70 76/77 loss: 0.4791 time 0.18s 
2026-04-25 15:24:59,004 - INFO - Latest training  42/69 loss: 0.4791 time 25.33s  lr: 1.0000e-04
2026-04-25 15:24:59,005 - INFO - Estimated remaining training time for the current model fold 0 is 0.35 hr, running time 0.55 hr, est total time 0.90 hr 

2026-04-25 15:25:00,026 - INFO - Epoch 43/70 0/77 loss: 0.5462 time 1.02s 
2026-04-25 15:25:00,349 - INFO - Epoch 43/70 1/77 loss: 0.4346 time 0.32s 
2026-04-25 15:25:00,669 - INFO - Epoch 43/70 2/77 loss: 0.3467 time 0.32s 
2026-04-25 15:25:00,993 - INFO - Epoch 43/70 3/77 loss: 0.3209 time 0.32s 
2026-04-25 15:25:01,313 - INFO - Epoch 43/70 4/77 loss: 0.3962 time 0.32s 
2026-04-25 15:25:01,635 - INFO - Epoch 43/70 5/77 loss: 0.4380 time 0.32s 
2026-04-25 15:25:01,956 - INFO - Epoch 43/70 6/77 loss: 0.4290 time 0.32s 
2026-04-25 15:25:02,277 - INFO - Epoch 43/70 7/77 loss: 0.4501 time 0.32s 
2026-04-25 15:25:02,599 - INFO - Epoch 43/70 8/77 loss: 0.4365 time 0.32s 
2026-04-25 15:25:02,920 - INFO - Epoch 43/70 9/77 loss: 0.4387 time 0.32s 
2026-04-25 15:25:03,248 - INFO - Epoch 43/70 10/77 loss: 0.4383 time 0.33s 
2026-04-25 15:25:03,576 - INFO - Epoch 43/70 11/77 loss: 0.4413 time 0.33s 
2026-04-25 15:25:03,898 - INFO - Epoch 43/70 12/77 loss: 0.4469 time 0.32s 
2026-04-25 15:25:04,221 - INFO - Epoch 43/70 13/77 loss: 0.4492 time 0.32s 
2026-04-25 15:25:04,542 - INFO - Epoch 43/70 14/77 loss: 0.4361 time 0.32s 
2026-04-25 15:25:04,865 - INFO - Epoch 43/70 15/77 loss: 0.4398 time 0.32s 
2026-04-25 15:25:05,187 - INFO - Epoch 43/70 16/77 loss: 0.4396 time 0.32s 
2026-04-25 15:25:05,510 - INFO - Epoch 43/70 17/77 loss: 0.4430 time 0.32s 
2026-04-25 15:25:05,831 - INFO - Epoch 43/70 18/77 loss: 0.4381 time 0.32s 
2026-04-25 15:25:06,155 - INFO - Epoch 43/70 19/77 loss: 0.4286 time 0.32s 
2026-04-25 15:25:06,476 - INFO - Epoch 43/70 20/77 loss: 0.4350 time 0.32s 
2026-04-25 15:25:06,801 - INFO - Epoch 43/70 21/77 loss: 0.4247 time 0.32s 
2026-04-25 15:25:07,124 - INFO - Epoch 43/70 22/77 loss: 0.4241 time 0.32s 
2026-04-25 15:25:07,447 - INFO - Epoch 43/70 23/77 loss: 0.4248 time 0.32s 
2026-04-25 15:25:07,770 - INFO - Epoch 43/70 24/77 loss: 0.4273 time 0.32s 
2026-04-25 15:25:08,096 - INFO - Epoch 43/70 25/77 loss: 0.4346 time 0.33s 
2026-04-25 15:25:08,418 - INFO - Epoch 43/70 26/77 loss: 0.4526 time 0.32s 
2026-04-25 15:25:08,740 - INFO - Epoch 43/70 27/77 loss: 0.4558 time 0.32s 
2026-04-25 15:25:09,063 - INFO - Epoch 43/70 28/77 loss: 0.4558 time 0.32s 
2026-04-25 15:25:09,385 - INFO - Epoch 43/70 29/77 loss: 0.4541 time 0.32s 
2026-04-25 15:25:09,707 - INFO - Epoch 43/70 30/77 loss: 0.4554 time 0.32s 
2026-04-25 15:25:10,030 - INFO - Epoch 43/70 31/77 loss: 0.4530 time 0.32s 
2026-04-25 15:25:10,351 - INFO - Epoch 43/70 32/77 loss: 0.4464 time 0.32s 
2026-04-25 15:25:10,672 - INFO - Epoch 43/70 33/77 loss: 0.4448 time 0.32s 
2026-04-25 15:25:10,996 - INFO - Epoch 43/70 34/77 loss: 0.4443 time 0.32s 
2026-04-25 15:25:11,319 - INFO - Epoch 43/70 35/77 loss: 0.4515 time 0.32s 
2026-04-25 15:25:11,642 - INFO - Epoch 43/70 36/77 loss: 0.4518 time 0.32s 
2026-04-25 15:25:11,964 - INFO - Epoch 43/70 37/77 loss: 0.4561 time 0.32s 
2026-04-25 15:25:12,285 - INFO - Epoch 43/70 38/77 loss: 0.4501 time 0.32s 
2026-04-25 15:25:12,606 - INFO - Epoch 43/70 39/77 loss: 0.4478 time 0.32s 
2026-04-25 15:25:12,928 - INFO - Epoch 43/70 40/77 loss: 0.4439 time 0.32s 
2026-04-25 15:25:13,251 - INFO - Epoch 43/70 41/77 loss: 0.4442 time 0.32s 
2026-04-25 15:25:13,574 - INFO - Epoch 43/70 42/77 loss: 0.4441 time 0.32s 
2026-04-25 15:25:13,894 - INFO - Epoch 43/70 43/77 loss: 0.4407 time 0.32s 
2026-04-25 15:25:14,215 - INFO - Epoch 43/70 44/77 loss: 0.4373 time 0.32s 
2026-04-25 15:25:14,536 - INFO - Epoch 43/70 45/77 loss: 0.4431 time 0.32s 
2026-04-25 15:25:14,858 - INFO - Epoch 43/70 46/77 loss: 0.4476 time 0.32s 
2026-04-25 15:25:15,180 - INFO - Epoch 43/70 47/77 loss: 0.4480 time 0.32s 
2026-04-25 15:25:15,502 - INFO - Epoch 43/70 48/77 loss: 0.4520 time 0.32s 
2026-04-25 15:25:15,822 - INFO - Epoch 43/70 49/77 loss: 0.4554 time 0.32s 
2026-04-25 15:25:16,144 - INFO - Epoch 43/70 50/77 loss: 0.4551 time 0.32s 
2026-04-25 15:25:16,466 - INFO - Epoch 43/70 51/77 loss: 0.4536 time 0.32s 
2026-04-25 15:25:16,787 - INFO - Epoch 43/70 52/77 loss: 0.4491 time 0.32s 
2026-04-25 15:25:17,109 - INFO - Epoch 43/70 53/77 loss: 0.4486 time 0.32s 
2026-04-25 15:25:17,429 - INFO - Epoch 43/70 54/77 loss: 0.4503 time 0.32s 
2026-04-25 15:25:17,749 - INFO - Epoch 43/70 55/77 loss: 0.4527 time 0.32s 
2026-04-25 15:25:18,070 - INFO - Epoch 43/70 56/77 loss: 0.4507 time 0.32s 
2026-04-25 15:25:18,390 - INFO - Epoch 43/70 57/77 loss: 0.4485 time 0.32s 
2026-04-25 15:25:18,710 - INFO - Epoch 43/70 58/77 loss: 0.4514 time 0.32s 
2026-04-25 15:25:19,033 - INFO - Epoch 43/70 59/77 loss: 0.4492 time 0.32s 
2026-04-25 15:25:19,354 - INFO - Epoch 43/70 60/77 loss: 0.4483 time 0.32s 
2026-04-25 15:25:19,676 - INFO - Epoch 43/70 61/77 loss: 0.4474 time 0.32s 
2026-04-25 15:25:19,997 - INFO - Epoch 43/70 62/77 loss: 0.4506 time 0.32s 
2026-04-25 15:25:20,318 - INFO - Epoch 43/70 63/77 loss: 0.4499 time 0.32s 
2026-04-25 15:25:20,646 - INFO - Epoch 43/70 64/77 loss: 0.4527 time 0.33s 
2026-04-25 15:25:20,967 - INFO - Epoch 43/70 65/77 loss: 0.4547 time 0.32s 
2026-04-25 15:25:21,287 - INFO - Epoch 43/70 66/77 loss: 0.4543 time 0.32s 
2026-04-25 15:25:21,608 - INFO - Epoch 43/70 67/77 loss: 0.4553 time 0.32s 
2026-04-25 15:25:21,929 - INFO - Epoch 43/70 68/77 loss: 0.4578 time 0.32s 
2026-04-25 15:25:22,247 - INFO - Epoch 43/70 69/77 loss: 0.4554 time 0.32s 
2026-04-25 15:25:22,563 - INFO - Epoch 43/70 70/77 loss: 0.4541 time 0.32s 
2026-04-25 15:25:22,882 - INFO - Epoch 43/70 71/77 loss: 0.4563 time 0.32s 
2026-04-25 15:25:23,198 - INFO - Epoch 43/70 72/77 loss: 0.4556 time 0.32s 
2026-04-25 15:25:23,514 - INFO - Epoch 43/70 73/77 loss: 0.4561 time 0.32s 
2026-04-25 15:25:23,831 - INFO - Epoch 43/70 74/77 loss: 0.4543 time 0.32s 
2026-04-25 15:25:24,148 - INFO - Epoch 43/70 75/77 loss: 0.4540 time 0.32s 
2026-04-25 15:25:24,325 - INFO - Epoch 43/70 76/77 loss: 0.4525 time 0.18s 
2026-04-25 15:25:24,414 - INFO - Latest training  43/69 loss: 0.4525 time 25.41s  lr: 1.0000e-04
2026-04-25 15:25:24,415 - INFO - Estimated remaining training time for the current model fold 0 is 0.34 hr, running time 0.56 hr, est total time 0.90 hr 

2026-04-25 15:25:25,529 - INFO - Epoch 44/70 0/77 loss: 0.4200 time 1.11s 
2026-04-25 15:25:25,854 - INFO - Epoch 44/70 1/77 loss: 0.4386 time 0.32s 
2026-04-25 15:25:26,179 - INFO - Epoch 44/70 2/77 loss: 0.3987 time 0.32s 
2026-04-25 15:25:26,502 - INFO - Epoch 44/70 3/77 loss: 0.3353 time 0.32s 
2026-04-25 15:25:26,823 - INFO - Epoch 44/70 4/77 loss: 0.3454 time 0.32s 
2026-04-25 15:25:27,146 - INFO - Epoch 44/70 5/77 loss: 0.4029 time 0.32s 
2026-04-25 15:25:27,469 - INFO - Epoch 44/70 6/77 loss: 0.4281 time 0.32s 
2026-04-25 15:25:27,792 - INFO - Epoch 44/70 7/77 loss: 0.4231 time 0.32s 
2026-04-25 15:25:28,116 - INFO - Epoch 44/70 8/77 loss: 0.4524 time 0.32s 
2026-04-25 15:25:28,440 - INFO - Epoch 44/70 9/77 loss: 0.4924 time 0.32s 
2026-04-25 15:25:28,764 - INFO - Epoch 44/70 10/77 loss: 0.4727 time 0.32s 
2026-04-25 15:25:29,087 - INFO - Epoch 44/70 11/77 loss: 0.4848 time 0.32s 
2026-04-25 15:25:29,410 - INFO - Epoch 44/70 12/77 loss: 0.4897 time 0.32s 
2026-04-25 15:25:29,734 - INFO - Epoch 44/70 13/77 loss: 0.4675 time 0.32s 
2026-04-25 15:25:30,058 - INFO - Epoch 44/70 14/77 loss: 0.4566 time 0.32s 
2026-04-25 15:25:30,382 - INFO - Epoch 44/70 15/77 loss: 0.4603 time 0.32s 
2026-04-25 15:25:30,706 - INFO - Epoch 44/70 16/77 loss: 0.4666 time 0.32s 
2026-04-25 15:25:31,030 - INFO - Epoch 44/70 17/77 loss: 0.4626 time 0.32s 
2026-04-25 15:25:31,353 - INFO - Epoch 44/70 18/77 loss: 0.4628 time 0.32s 
2026-04-25 15:25:31,675 - INFO - Epoch 44/70 19/77 loss: 0.4609 time 0.32s 
2026-04-25 15:25:31,996 - INFO - Epoch 44/70 20/77 loss: 0.4532 time 0.32s 
2026-04-25 15:25:32,319 - INFO - Epoch 44/70 21/77 loss: 0.4453 time 0.32s 
2026-04-25 15:25:32,638 - INFO - Epoch 44/70 22/77 loss: 0.4417 time 0.32s 
2026-04-25 15:25:32,962 - INFO - Epoch 44/70 23/77 loss: 0.4409 time 0.32s 
2026-04-25 15:25:33,282 - INFO - Epoch 44/70 24/77 loss: 0.4564 time 0.32s 
2026-04-25 15:25:33,604 - INFO - Epoch 44/70 25/77 loss: 0.4524 time 0.32s 
2026-04-25 15:25:33,924 - INFO - Epoch 44/70 26/77 loss: 0.4522 time 0.32s 
2026-04-25 15:25:34,245 - INFO - Epoch 44/70 27/77 loss: 0.4492 time 0.32s 
2026-04-25 15:25:34,565 - INFO - Epoch 44/70 28/77 loss: 0.4413 time 0.32s 
2026-04-25 15:25:34,887 - INFO - Epoch 44/70 29/77 loss: 0.4380 time 0.32s 
2026-04-25 15:25:35,211 - INFO - Epoch 44/70 30/77 loss: 0.4358 time 0.32s 
2026-04-25 15:25:35,533 - INFO - Epoch 44/70 31/77 loss: 0.4336 time 0.32s 
2026-04-25 15:25:35,854 - INFO - Epoch 44/70 32/77 loss: 0.4396 time 0.32s 
2026-04-25 15:25:36,174 - INFO - Epoch 44/70 33/77 loss: 0.4395 time 0.32s 
2026-04-25 15:25:36,494 - INFO - Epoch 44/70 34/77 loss: 0.4432 time 0.32s 
2026-04-25 15:25:36,815 - INFO - Epoch 44/70 35/77 loss: 0.4432 time 0.32s 
2026-04-25 15:25:37,137 - INFO - Epoch 44/70 36/77 loss: 0.4415 time 0.32s 
2026-04-25 15:25:37,457 - INFO - Epoch 44/70 37/77 loss: 0.4455 time 0.32s 
2026-04-25 15:25:37,778 - INFO - Epoch 44/70 38/77 loss: 0.4490 time 0.32s 
2026-04-25 15:25:38,099 - INFO - Epoch 44/70 39/77 loss: 0.4453 time 0.32s 
2026-04-25 15:25:38,419 - INFO - Epoch 44/70 40/77 loss: 0.4466 time 0.32s 
2026-04-25 15:25:38,742 - INFO - Epoch 44/70 41/77 loss: 0.4427 time 0.32s 
2026-04-25 15:25:39,065 - INFO - Epoch 44/70 42/77 loss: 0.4432 time 0.32s 
2026-04-25 15:25:39,384 - INFO - Epoch 44/70 43/77 loss: 0.4416 time 0.32s 
2026-04-25 15:25:39,705 - INFO - Epoch 44/70 44/77 loss: 0.4483 time 0.32s 
2026-04-25 15:25:40,026 - INFO - Epoch 44/70 45/77 loss: 0.4533 time 0.32s 
2026-04-25 15:25:40,348 - INFO - Epoch 44/70 46/77 loss: 0.4544 time 0.32s 
2026-04-25 15:25:40,670 - INFO - Epoch 44/70 47/77 loss: 0.4512 time 0.32s 
2026-04-25 15:25:40,990 - INFO - Epoch 44/70 48/77 loss: 0.4503 time 0.32s 
2026-04-25 15:25:41,311 - INFO - Epoch 44/70 49/77 loss: 0.4517 time 0.32s 
2026-04-25 15:25:41,633 - INFO - Epoch 44/70 50/77 loss: 0.4484 time 0.32s 
2026-04-25 15:25:41,954 - INFO - Epoch 44/70 51/77 loss: 0.4486 time 0.32s 
2026-04-25 15:25:42,274 - INFO - Epoch 44/70 52/77 loss: 0.4559 time 0.32s 
2026-04-25 15:25:42,595 - INFO - Epoch 44/70 53/77 loss: 0.4605 time 0.32s 
2026-04-25 15:25:42,917 - INFO - Epoch 44/70 54/77 loss: 0.4606 time 0.32s 
2026-04-25 15:25:43,237 - INFO - Epoch 44/70 55/77 loss: 0.4560 time 0.32s 
2026-04-25 15:25:43,558 - INFO - Epoch 44/70 56/77 loss: 0.4559 time 0.32s 
2026-04-25 15:25:43,879 - INFO - Epoch 44/70 57/77 loss: 0.4603 time 0.32s 
2026-04-25 15:25:44,200 - INFO - Epoch 44/70 58/77 loss: 0.4596 time 0.32s 
2026-04-25 15:25:44,522 - INFO - Epoch 44/70 59/77 loss: 0.4600 time 0.32s 
2026-04-25 15:25:44,842 - INFO - Epoch 44/70 60/77 loss: 0.4632 time 0.32s 
2026-04-25 15:25:45,165 - INFO - Epoch 44/70 61/77 loss: 0.4666 time 0.32s 
2026-04-25 15:25:45,487 - INFO - Epoch 44/70 62/77 loss: 0.4661 time 0.32s 
2026-04-25 15:25:45,810 - INFO - Epoch 44/70 63/77 loss: 0.4695 time 0.32s 
2026-04-25 15:25:46,132 - INFO - Epoch 44/70 64/77 loss: 0.4697 time 0.32s 
2026-04-25 15:25:46,451 - INFO - Epoch 44/70 65/77 loss: 0.4666 time 0.32s 
2026-04-25 15:25:46,771 - INFO - Epoch 44/70 66/77 loss: 0.4635 time 0.32s 
2026-04-25 15:25:47,094 - INFO - Epoch 44/70 67/77 loss: 0.4610 time 0.32s 
2026-04-25 15:25:47,415 - INFO - Epoch 44/70 68/77 loss: 0.4586 time 0.32s 
2026-04-25 15:25:47,732 - INFO - Epoch 44/70 69/77 loss: 0.4592 time 0.32s 
2026-04-25 15:25:48,050 - INFO - Epoch 44/70 70/77 loss: 0.4594 time 0.32s 
2026-04-25 15:25:48,367 - INFO - Epoch 44/70 71/77 loss: 0.4588 time 0.32s 
2026-04-25 15:25:48,685 - INFO - Epoch 44/70 72/77 loss: 0.4596 time 0.32s 
2026-04-25 15:25:49,004 - INFO - Epoch 44/70 73/77 loss: 0.4573 time 0.32s 
2026-04-25 15:25:49,321 - INFO - Epoch 44/70 74/77 loss: 0.4563 time 0.32s 
2026-04-25 15:25:49,639 - INFO - Epoch 44/70 75/77 loss: 0.4532 time 0.32s 
2026-04-25 15:25:49,815 - INFO - Epoch 44/70 76/77 loss: 0.4569 time 0.18s 
2026-04-25 15:25:49,906 - INFO - Latest training  44/69 loss: 0.4569 time 25.49s  lr: 1.0000e-04
2026-04-25 15:25:55,473 - INFO - Val 44/70 0/30 loss: 0.7771 acc 0.751357220412595  time 5.45s
2026-04-25 15:25:59,058 - INFO - Val 44/70 1/30 loss: 0.5242 acc 0.8847058823529412  time 3.58s
2026-04-25 15:26:02,685 - INFO - Val 44/70 2/30 loss: 0.5173 acc 0.8248587570621468  time 3.63s
2026-04-25 15:26:06,202 - INFO - Val 44/70 3/30 loss: 0.4046 acc 0.8323170731707317  time 3.52s
2026-04-25 15:26:09,766 - INFO - Val 44/70 4/30 loss: 0.4192 acc 0.8209677419354838  time 3.56s
2026-04-25 15:26:13,472 - INFO - Val 44/70 5/30 loss: 0.7245 acc 0.827968923418424  time 3.71s
2026-04-25 15:26:17,115 - INFO - Val 44/70 6/30 loss: 0.7301 acc 0.752317880794702  time 3.64s
2026-04-25 15:26:20,668 - INFO - Val 44/70 7/30 loss: 0.3142 acc 0.8912386706948641  time 3.55s
2026-04-25 15:26:24,401 - INFO - Val 44/70 8/30 loss: 0.7991 acc 0.8383233532934131  time 3.73s
2026-04-25 15:26:28,037 - INFO - Val 44/70 9/30 loss: 0.5044 acc 0.8775811209439528  time 3.64s
2026-04-25 15:26:31,611 - INFO - Val 44/70 10/30 loss: 0.3641 acc 0.8618090452261307  time 3.57s
2026-04-25 15:26:35,189 - INFO - Val 44/70 11/30 loss: 0.3532 acc 0.9002217294900222  time 3.58s
2026-04-25 15:26:38,694 - INFO - Val 44/70 12/30 loss: 0.3400 acc 0.800711743772242  time 3.50s
2026-04-25 15:26:42,356 - INFO - Val 44/70 13/30 loss: 0.6370 acc 0.8415147265077139  time 3.66s
2026-04-25 15:26:45,924 - INFO - Val 44/70 14/30 loss: 0.1848 acc 0.8208469055374593  time 3.57s
2026-04-25 15:26:49,471 - INFO - Val 44/70 15/30 loss: 0.3041 acc 0.8657024793388429  time 3.55s
2026-04-25 15:26:53,161 - INFO - Val 44/70 16/30 loss: 0.5664 acc 0.877914951989026  time 3.69s
2026-04-25 15:26:56,760 - INFO - Val 44/70 17/30 loss: 0.4229 acc 0.8157894736842105  time 3.60s
2026-04-25 15:27:00,351 - INFO - Val 44/70 18/30 loss: 0.5522 acc 0.8093306288032455  time 3.59s
2026-04-25 15:27:03,927 - INFO - Val 44/70 19/30 loss: 0.4489 acc 0.8316430020283976  time 3.58s
2026-04-25 15:27:07,508 - INFO - Val 44/70 20/30 loss: 0.2675 acc 0.9012797074954296  time 3.58s
2026-04-25 15:27:11,092 - INFO - Val 44/70 21/30 loss: 0.2522 acc 0.9198542805100182  time 3.58s
2026-04-25 15:27:14,549 - INFO - Val 44/70 22/30 loss: 0.1970 acc 0.8864468864468864  time 3.46s
2026-04-25 15:27:18,267 - INFO - Val 44/70 23/30 loss: 0.4745 acc 0.8769230769230769  time 3.72s
2026-04-25 15:27:21,838 - INFO - Val 44/70 24/30 loss: 0.2422 acc 0.930327868852459  time 3.57s
2026-04-25 15:27:25,358 - INFO - Val 44/70 25/30 loss: 0.4578 acc 0.7136258660508084  time 3.52s
2026-04-25 15:27:29,166 - INFO - Val 44/70 26/30 loss: 0.7473 acc 0.8561224489795919  time 3.81s
2026-04-25 15:27:32,706 - INFO - Val 44/70 27/30 loss: 0.5809 acc 0.7338935574229691  time 3.54s
2026-04-25 15:27:36,372 - INFO - Val 44/70 28/30 loss: 0.4933 acc 0.867043847241867  time 3.67s
2026-04-25 15:27:39,916 - INFO - Val 44/70 29/30 loss: 0.3340 acc 0.8457831325301205  time 3.54s
2026-04-25 15:27:39,991 - INFO - Latest validation 44/69 loss: 0.4645 acc_avg: 0.8419 acc: 0.8419474363327026 time: 110.08s
2026-04-25 15:27:39,991 - INFO - New best metric (0.840269 --> 0.841947). 
2026-04-25 15:27:43,714 - INFO - Saving checkpoint process: ./models/puma/model.pt, {'epoch': 44, 'best_metric': 0.8419474363327026}, save_time 3.72s
2026-04-25 15:27:43,718 - INFO - Progress: best_avg_score_epoch: 44, best_avg_score: 0.8419474363327026, save_time: 3.7226831912994385, time: 0.60 hr, train_time: 25.49s, validation_time: 110.08s, epoch_time: 135.58s, model: ./models/puma/model.pt, date: 2026-04-25 15:27:43
2026-04-25 15:27:47,384 - INFO - Estimated remaining training time for the current model fold 0 is 0.31 hr, running time 0.60 hr, est total time 0.91 hr 

2026-04-25 15:27:48,405 - INFO - Epoch 45/70 0/77 loss: 0.4896 time 1.02s 
2026-04-25 15:27:48,728 - INFO - Epoch 45/70 1/77 loss: 0.4296 time 0.32s 
2026-04-25 15:27:49,050 - INFO - Epoch 45/70 2/77 loss: 0.3976 time 0.32s 
2026-04-25 15:27:49,372 - INFO - Epoch 45/70 3/77 loss: 0.4013 time 0.32s 
2026-04-25 15:27:49,695 - INFO - Epoch 45/70 4/77 loss: 0.3725 time 0.32s 
2026-04-25 15:27:50,018 - INFO - Epoch 45/70 5/77 loss: 0.3884 time 0.32s 
2026-04-25 15:27:50,340 - INFO - Epoch 45/70 6/77 loss: 0.3996 time 0.32s 
2026-04-25 15:27:50,661 - INFO - Epoch 45/70 7/77 loss: 0.3997 time 0.32s 
2026-04-25 15:27:50,985 - INFO - Epoch 45/70 8/77 loss: 0.4070 time 0.32s 
2026-04-25 15:27:51,307 - INFO - Epoch 45/70 9/77 loss: 0.4424 time 0.32s 
2026-04-25 15:27:51,628 - INFO - Epoch 45/70 10/77 loss: 0.4344 time 0.32s 
2026-04-25 15:27:51,950 - INFO - Epoch 45/70 11/77 loss: 0.4432 time 0.32s 
2026-04-25 15:27:52,274 - INFO - Epoch 45/70 12/77 loss: 0.4408 time 0.32s 
2026-04-25 15:27:52,597 - INFO - Epoch 45/70 13/77 loss: 0.4428 time 0.32s 
2026-04-25 15:27:52,919 - INFO - Epoch 45/70 14/77 loss: 0.4473 time 0.32s 
2026-04-25 15:27:53,240 - INFO - Epoch 45/70 15/77 loss: 0.4334 time 0.32s 
2026-04-25 15:27:53,561 - INFO - Epoch 45/70 16/77 loss: 0.4336 time 0.32s 
2026-04-25 15:27:53,882 - INFO - Epoch 45/70 17/77 loss: 0.4386 time 0.32s 
2026-04-25 15:27:54,204 - INFO - Epoch 45/70 18/77 loss: 0.4318 time 0.32s 
2026-04-25 15:27:54,527 - INFO - Epoch 45/70 19/77 loss: 0.4226 time 0.32s 
2026-04-25 15:27:54,847 - INFO - Epoch 45/70 20/77 loss: 0.4230 time 0.32s 
2026-04-25 15:27:55,169 - INFO - Epoch 45/70 21/77 loss: 0.4284 time 0.32s 
2026-04-25 15:27:55,489 - INFO - Epoch 45/70 22/77 loss: 0.4345 time 0.32s 
2026-04-25 15:27:55,811 - INFO - Epoch 45/70 23/77 loss: 0.4308 time 0.32s 
2026-04-25 15:27:56,132 - INFO - Epoch 45/70 24/77 loss: 0.4310 time 0.32s 
2026-04-25 15:27:56,453 - INFO - Epoch 45/70 25/77 loss: 0.4294 time 0.32s 
2026-04-25 15:27:56,773 - INFO - Epoch 45/70 26/77 loss: 0.4285 time 0.32s 
2026-04-25 15:27:57,093 - INFO - Epoch 45/70 27/77 loss: 0.4273 time 0.32s 
2026-04-25 15:27:57,413 - INFO - Epoch 45/70 28/77 loss: 0.4379 time 0.32s 
2026-04-25 15:27:57,734 - INFO - Epoch 45/70 29/77 loss: 0.4362 time 0.32s 
2026-04-25 15:27:58,055 - INFO - Epoch 45/70 30/77 loss: 0.4380 time 0.32s 
2026-04-25 15:27:58,375 - INFO - Epoch 45/70 31/77 loss: 0.4390 time 0.32s 
2026-04-25 15:27:58,697 - INFO - Epoch 45/70 32/77 loss: 0.4376 time 0.32s 
2026-04-25 15:27:59,019 - INFO - Epoch 45/70 33/77 loss: 0.4375 time 0.32s 
2026-04-25 15:27:59,339 - INFO - Epoch 45/70 34/77 loss: 0.4428 time 0.32s 
2026-04-25 15:27:59,662 - INFO - Epoch 45/70 35/77 loss: 0.4448 time 0.32s 
2026-04-25 15:27:59,984 - INFO - Epoch 45/70 36/77 loss: 0.4579 time 0.32s 
2026-04-25 15:28:00,307 - INFO - Epoch 45/70 37/77 loss: 0.4574 time 0.32s 
2026-04-25 15:28:00,627 - INFO - Epoch 45/70 38/77 loss: 0.4583 time 0.32s 
2026-04-25 15:28:00,950 - INFO - Epoch 45/70 39/77 loss: 0.4563 time 0.32s 
2026-04-25 15:28:01,271 - INFO - Epoch 45/70 40/77 loss: 0.4516 time 0.32s 
2026-04-25 15:28:01,592 - INFO - Epoch 45/70 41/77 loss: 0.4549 time 0.32s 
2026-04-25 15:28:01,913 - INFO - Epoch 45/70 42/77 loss: 0.4520 time 0.32s 
2026-04-25 15:28:02,235 - INFO - Epoch 45/70 43/77 loss: 0.4522 time 0.32s 
2026-04-25 15:28:02,558 - INFO - Epoch 45/70 44/77 loss: 0.4523 time 0.32s 
2026-04-25 15:28:02,877 - INFO - Epoch 45/70 45/77 loss: 0.4556 time 0.32s 
2026-04-25 15:28:03,198 - INFO - Epoch 45/70 46/77 loss: 0.4575 time 0.32s 
2026-04-25 15:28:03,518 - INFO - Epoch 45/70 47/77 loss: 0.4549 time 0.32s 
2026-04-25 15:28:03,840 - INFO - Epoch 45/70 48/77 loss: 0.4580 time 0.32s 
2026-04-25 15:28:04,162 - INFO - Epoch 45/70 49/77 loss: 0.4592 time 0.32s 
2026-04-25 15:28:04,483 - INFO - Epoch 45/70 50/77 loss: 0.4558 time 0.32s 
2026-04-25 15:28:04,803 - INFO - Epoch 45/70 51/77 loss: 0.4582 time 0.32s 
2026-04-25 15:28:05,124 - INFO - Epoch 45/70 52/77 loss: 0.4613 time 0.32s 
2026-04-25 15:28:05,446 - INFO - Epoch 45/70 53/77 loss: 0.4628 time 0.32s 
2026-04-25 15:28:05,768 - INFO - Epoch 45/70 54/77 loss: 0.4624 time 0.32s 
2026-04-25 15:28:06,088 - INFO - Epoch 45/70 55/77 loss: 0.4581 time 0.32s 
2026-04-25 15:28:06,410 - INFO - Epoch 45/70 56/77 loss: 0.4563 time 0.32s 
2026-04-25 15:28:06,731 - INFO - Epoch 45/70 57/77 loss: 0.4546 time 0.32s 
2026-04-25 15:28:07,051 - INFO - Epoch 45/70 58/77 loss: 0.4582 time 0.32s 
2026-04-25 15:28:07,370 - INFO - Epoch 45/70 59/77 loss: 0.4553 time 0.32s 
2026-04-25 15:28:07,689 - INFO - Epoch 45/70 60/77 loss: 0.4537 time 0.32s 
2026-04-25 15:28:08,010 - INFO - Epoch 45/70 61/77 loss: 0.4514 time 0.32s 
2026-04-25 15:28:08,330 - INFO - Epoch 45/70 62/77 loss: 0.4501 time 0.32s 
2026-04-25 15:28:08,651 - INFO - Epoch 45/70 63/77 loss: 0.4494 time 0.32s 
2026-04-25 15:28:08,973 - INFO - Epoch 45/70 64/77 loss: 0.4489 time 0.32s 
2026-04-25 15:28:09,295 - INFO - Epoch 45/70 65/77 loss: 0.4487 time 0.32s 
2026-04-25 15:28:09,616 - INFO - Epoch 45/70 66/77 loss: 0.4471 time 0.32s 
2026-04-25 15:28:09,938 - INFO - Epoch 45/70 67/77 loss: 0.4452 time 0.32s 
2026-04-25 15:28:10,258 - INFO - Epoch 45/70 68/77 loss: 0.4449 time 0.32s 
2026-04-25 15:28:10,575 - INFO - Epoch 45/70 69/77 loss: 0.4449 time 0.32s 
2026-04-25 15:28:10,890 - INFO - Epoch 45/70 70/77 loss: 0.4433 time 0.31s 
2026-04-25 15:28:11,206 - INFO - Epoch 45/70 71/77 loss: 0.4413 time 0.32s 
2026-04-25 15:28:11,526 - INFO - Epoch 45/70 72/77 loss: 0.4414 time 0.32s 
2026-04-25 15:28:11,845 - INFO - Epoch 45/70 73/77 loss: 0.4435 time 0.32s 
2026-04-25 15:28:12,162 - INFO - Epoch 45/70 74/77 loss: 0.4448 time 0.32s 
2026-04-25 15:28:12,479 - INFO - Epoch 45/70 75/77 loss: 0.4442 time 0.32s 
2026-04-25 15:28:12,658 - INFO - Epoch 45/70 76/77 loss: 0.4440 time 0.18s 
2026-04-25 15:28:12,743 - INFO - Latest training  45/69 loss: 0.4440 time 25.36s  lr: 1.0000e-04
2026-04-25 15:28:12,744 - INFO - Estimated remaining training time for the current model fold 0 is 0.30 hr, running time 0.61 hr, est total time 0.91 hr 

2026-04-25 15:28:13,800 - INFO - Epoch 46/70 0/77 loss: 0.6718 time 1.06s 
2026-04-25 15:28:14,124 - INFO - Epoch 46/70 1/77 loss: 0.5002 time 0.32s 
2026-04-25 15:28:14,446 - INFO - Epoch 46/70 2/77 loss: 0.4379 time 0.32s 
2026-04-25 15:28:14,766 - INFO - Epoch 46/70 3/77 loss: 0.4641 time 0.32s 
2026-04-25 15:28:15,087 - INFO - Epoch 46/70 4/77 loss: 0.4747 time 0.32s 
2026-04-25 15:28:15,409 - INFO - Epoch 46/70 5/77 loss: 0.4797 time 0.32s 
2026-04-25 15:28:15,729 - INFO - Epoch 46/70 6/77 loss: 0.4548 time 0.32s 
2026-04-25 15:28:16,049 - INFO - Epoch 46/70 7/77 loss: 0.4435 time 0.32s 
2026-04-25 15:28:16,370 - INFO - Epoch 46/70 8/77 loss: 0.4876 time 0.32s 
2026-04-25 15:28:16,691 - INFO - Epoch 46/70 9/77 loss: 0.5365 time 0.32s 
2026-04-25 15:28:17,012 - INFO - Epoch 46/70 10/77 loss: 0.5200 time 0.32s 
2026-04-25 15:28:17,332 - INFO - Epoch 46/70 11/77 loss: 0.5013 time 0.32s 
2026-04-25 15:28:17,654 - INFO - Epoch 46/70 12/77 loss: 0.4832 time 0.32s 
2026-04-25 15:28:17,974 - INFO - Epoch 46/70 13/77 loss: 0.4775 time 0.32s 
2026-04-25 15:28:18,294 - INFO - Epoch 46/70 14/77 loss: 0.4857 time 0.32s 
2026-04-25 15:28:18,615 - INFO - Epoch 46/70 15/77 loss: 0.4879 time 0.32s 
2026-04-25 15:28:18,936 - INFO - Epoch 46/70 16/77 loss: 0.4882 time 0.32s 
2026-04-25 15:28:19,258 - INFO - Epoch 46/70 17/77 loss: 0.4747 time 0.32s 
2026-04-25 15:28:19,578 - INFO - Epoch 46/70 18/77 loss: 0.4848 time 0.32s 
2026-04-25 15:28:19,900 - INFO - Epoch 46/70 19/77 loss: 0.4914 time 0.32s 
2026-04-25 15:28:20,221 - INFO - Epoch 46/70 20/77 loss: 0.4835 time 0.32s 
2026-04-25 15:28:20,543 - INFO - Epoch 46/70 21/77 loss: 0.4897 time 0.32s 
2026-04-25 15:28:20,867 - INFO - Epoch 46/70 22/77 loss: 0.4933 time 0.32s 
2026-04-25 15:28:21,188 - INFO - Epoch 46/70 23/77 loss: 0.5003 time 0.32s 
2026-04-25 15:28:21,509 - INFO - Epoch 46/70 24/77 loss: 0.4906 time 0.32s 
2026-04-25 15:28:21,829 - INFO - Epoch 46/70 25/77 loss: 0.4967 time 0.32s 
2026-04-25 15:28:22,150 - INFO - Epoch 46/70 26/77 loss: 0.4966 time 0.32s 
2026-04-25 15:28:22,473 - INFO - Epoch 46/70 27/77 loss: 0.4913 time 0.32s 
2026-04-25 15:28:22,795 - INFO - Epoch 46/70 28/77 loss: 0.4945 time 0.32s 
2026-04-25 15:28:23,115 - INFO - Epoch 46/70 29/77 loss: 0.4976 time 0.32s 
2026-04-25 15:28:23,435 - INFO - Epoch 46/70 30/77 loss: 0.4941 time 0.32s 
2026-04-25 15:28:23,757 - INFO - Epoch 46/70 31/77 loss: 0.4854 time 0.32s 
2026-04-25 15:28:24,078 - INFO - Epoch 46/70 32/77 loss: 0.4841 time 0.32s 
2026-04-25 15:28:24,399 - INFO - Epoch 46/70 33/77 loss: 0.4798 time 0.32s 
2026-04-25 15:28:24,720 - INFO - Epoch 46/70 34/77 loss: 0.4760 time 0.32s 
2026-04-25 15:28:25,042 - INFO - Epoch 46/70 35/77 loss: 0.4783 time 0.32s 
2026-04-25 15:28:25,363 - INFO - Epoch 46/70 36/77 loss: 0.4782 time 0.32s 
2026-04-25 15:28:25,684 - INFO - Epoch 46/70 37/77 loss: 0.4758 time 0.32s 
2026-04-25 15:28:26,003 - INFO - Epoch 46/70 38/77 loss: 0.4716 time 0.32s 
2026-04-25 15:28:26,326 - INFO - Epoch 46/70 39/77 loss: 0.4690 time 0.32s 
2026-04-25 15:28:26,653 - INFO - Epoch 46/70 40/77 loss: 0.4694 time 0.33s 
2026-04-25 15:28:26,974 - INFO - Epoch 46/70 41/77 loss: 0.4756 time 0.32s 
2026-04-25 15:28:27,297 - INFO - Epoch 46/70 42/77 loss: 0.4787 time 0.32s 
2026-04-25 15:28:27,620 - INFO - Epoch 46/70 43/77 loss: 0.4797 time 0.32s 
2026-04-25 15:28:27,941 - INFO - Epoch 46/70 44/77 loss: 0.4818 time 0.32s 
2026-04-25 15:28:28,260 - INFO - Epoch 46/70 45/77 loss: 0.4800 time 0.32s 
2026-04-25 15:28:28,581 - INFO - Epoch 46/70 46/77 loss: 0.4794 time 0.32s 
2026-04-25 15:28:28,903 - INFO - Epoch 46/70 47/77 loss: 0.4781 time 0.32s 
2026-04-25 15:28:29,225 - INFO - Epoch 46/70 48/77 loss: 0.4776 time 0.32s 
2026-04-25 15:28:29,548 - INFO - Epoch 46/70 49/77 loss: 0.4780 time 0.32s 
2026-04-25 15:28:29,867 - INFO - Epoch 46/70 50/77 loss: 0.4757 time 0.32s 
2026-04-25 15:28:30,188 - INFO - Epoch 46/70 51/77 loss: 0.4739 time 0.32s 
2026-04-25 15:28:30,509 - INFO - Epoch 46/70 52/77 loss: 0.4713 time 0.32s 
2026-04-25 15:28:30,830 - INFO - Epoch 46/70 53/77 loss: 0.4735 time 0.32s 
2026-04-25 15:28:31,152 - INFO - Epoch 46/70 54/77 loss: 0.4723 time 0.32s 
2026-04-25 15:28:31,474 - INFO - Epoch 46/70 55/77 loss: 0.4722 time 0.32s 
2026-04-25 15:28:31,795 - INFO - Epoch 46/70 56/77 loss: 0.4682 time 0.32s 
2026-04-25 15:28:32,117 - INFO - Epoch 46/70 57/77 loss: 0.4667 time 0.32s 
2026-04-25 15:28:32,437 - INFO - Epoch 46/70 58/77 loss: 0.4678 time 0.32s 
2026-04-25 15:28:32,757 - INFO - Epoch 46/70 59/77 loss: 0.4684 time 0.32s 
2026-04-25 15:28:33,079 - INFO - Epoch 46/70 60/77 loss: 0.4694 time 0.32s 
2026-04-25 15:28:33,400 - INFO - Epoch 46/70 61/77 loss: 0.4657 time 0.32s 
2026-04-25 15:28:33,721 - INFO - Epoch 46/70 62/77 loss: 0.4702 time 0.32s 
2026-04-25 15:28:34,042 - INFO - Epoch 46/70 63/77 loss: 0.4718 time 0.32s 
2026-04-25 15:28:34,361 - INFO - Epoch 46/70 64/77 loss: 0.4718 time 0.32s 
2026-04-25 15:28:34,682 - INFO - Epoch 46/70 65/77 loss: 0.4708 time 0.32s 
2026-04-25 15:28:35,005 - INFO - Epoch 46/70 66/77 loss: 0.4678 time 0.32s 
2026-04-25 15:28:35,326 - INFO - Epoch 46/70 67/77 loss: 0.4697 time 0.32s 
2026-04-25 15:28:35,647 - INFO - Epoch 46/70 68/77 loss: 0.4661 time 0.32s 
2026-04-25 15:28:35,964 - INFO - Epoch 46/70 69/77 loss: 0.4656 time 0.32s 
2026-04-25 15:28:36,280 - INFO - Epoch 46/70 70/77 loss: 0.4616 time 0.32s 
2026-04-25 15:28:36,595 - INFO - Epoch 46/70 71/77 loss: 0.4613 time 0.32s 
2026-04-25 15:28:36,912 - INFO - Epoch 46/70 72/77 loss: 0.4658 time 0.32s 
2026-04-25 15:28:37,230 - INFO - Epoch 46/70 73/77 loss: 0.4668 time 0.32s 
2026-04-25 15:28:37,546 - INFO - Epoch 46/70 74/77 loss: 0.4674 time 0.32s 
2026-04-25 15:28:37,863 - INFO - Epoch 46/70 75/77 loss: 0.4635 time 0.32s 
2026-04-25 15:28:38,039 - INFO - Epoch 46/70 76/77 loss: 0.4632 time 0.18s 
2026-04-25 15:28:38,127 - INFO - Latest training  46/69 loss: 0.4632 time 25.38s  lr: 1.0000e-04
2026-04-25 15:28:38,128 - INFO - Estimated remaining training time for the current model fold 0 is 0.29 hr, running time 0.61 hr, est total time 0.91 hr 

2026-04-25 15:28:39,052 - INFO - Epoch 47/70 0/77 loss: 0.3005 time 0.92s 
2026-04-25 15:28:39,373 - INFO - Epoch 47/70 1/77 loss: 0.3294 time 0.32s 
2026-04-25 15:28:39,694 - INFO - Epoch 47/70 2/77 loss: 0.4446 time 0.32s 
2026-04-25 15:28:40,016 - INFO - Epoch 47/70 3/77 loss: 0.4062 time 0.32s 
2026-04-25 15:28:40,338 - INFO - Epoch 47/70 4/77 loss: 0.4701 time 0.32s 
2026-04-25 15:28:40,659 - INFO - Epoch 47/70 5/77 loss: 0.4397 time 0.32s 
2026-04-25 15:28:40,980 - INFO - Epoch 47/70 6/77 loss: 0.4289 time 0.32s 
2026-04-25 15:28:41,301 - INFO - Epoch 47/70 7/77 loss: 0.4410 time 0.32s 
2026-04-25 15:28:41,621 - INFO - Epoch 47/70 8/77 loss: 0.4515 time 0.32s 
2026-04-25 15:28:41,942 - INFO - Epoch 47/70 9/77 loss: 0.4674 time 0.32s 
2026-04-25 15:28:42,264 - INFO - Epoch 47/70 10/77 loss: 0.4520 time 0.32s 
2026-04-25 15:28:42,586 - INFO - Epoch 47/70 11/77 loss: 0.4424 time 0.32s 
2026-04-25 15:28:42,908 - INFO - Epoch 47/70 12/77 loss: 0.4487 time 0.32s 
2026-04-25 15:28:43,229 - INFO - Epoch 47/70 13/77 loss: 0.4444 time 0.32s 
2026-04-25 15:28:43,551 - INFO - Epoch 47/70 14/77 loss: 0.4387 time 0.32s 
2026-04-25 15:28:43,872 - INFO - Epoch 47/70 15/77 loss: 0.4429 time 0.32s 
2026-04-25 15:28:44,194 - INFO - Epoch 47/70 16/77 loss: 0.4411 time 0.32s 
2026-04-25 15:28:44,516 - INFO - Epoch 47/70 17/77 loss: 0.4325 time 0.32s 
2026-04-25 15:28:44,837 - INFO - Epoch 47/70 18/77 loss: 0.4479 time 0.32s 
2026-04-25 15:28:45,157 - INFO - Epoch 47/70 19/77 loss: 0.4538 time 0.32s 
2026-04-25 15:28:45,478 - INFO - Epoch 47/70 20/77 loss: 0.4495 time 0.32s 
2026-04-25 15:28:45,798 - INFO - Epoch 47/70 21/77 loss: 0.4456 time 0.32s 
2026-04-25 15:28:46,118 - INFO - Epoch 47/70 22/77 loss: 0.4455 time 0.32s 
2026-04-25 15:28:46,438 - INFO - Epoch 47/70 23/77 loss: 0.4374 time 0.32s 
2026-04-25 15:28:46,760 - INFO - Epoch 47/70 24/77 loss: 0.4312 time 0.32s 
2026-04-25 15:28:47,081 - INFO - Epoch 47/70 25/77 loss: 0.4391 time 0.32s 
2026-04-25 15:28:47,403 - INFO - Epoch 47/70 26/77 loss: 0.4350 time 0.32s 
2026-04-25 15:28:47,724 - INFO - Epoch 47/70 27/77 loss: 0.4404 time 0.32s 
2026-04-25 15:28:48,044 - INFO - Epoch 47/70 28/77 loss: 0.4357 time 0.32s 
2026-04-25 15:28:48,365 - INFO - Epoch 47/70 29/77 loss: 0.4356 time 0.32s 
2026-04-25 15:28:48,685 - INFO - Epoch 47/70 30/77 loss: 0.4436 time 0.32s 
2026-04-25 15:28:49,006 - INFO - Epoch 47/70 31/77 loss: 0.4462 time 0.32s 
2026-04-25 15:28:49,328 - INFO - Epoch 47/70 32/77 loss: 0.4468 time 0.32s 
2026-04-25 15:28:49,649 - INFO - Epoch 47/70 33/77 loss: 0.4454 time 0.32s 
2026-04-25 15:28:49,968 - INFO - Epoch 47/70 34/77 loss: 0.4394 time 0.32s 
2026-04-25 15:28:50,290 - INFO - Epoch 47/70 35/77 loss: 0.4452 time 0.32s 
2026-04-25 15:28:50,611 - INFO - Epoch 47/70 36/77 loss: 0.4419 time 0.32s 
2026-04-25 15:28:50,933 - INFO - Epoch 47/70 37/77 loss: 0.4447 time 0.32s 
2026-04-25 15:28:51,254 - INFO - Epoch 47/70 38/77 loss: 0.4466 time 0.32s 
2026-04-25 15:28:51,575 - INFO - Epoch 47/70 39/77 loss: 0.4486 time 0.32s 
2026-04-25 15:28:51,896 - INFO - Epoch 47/70 40/77 loss: 0.4495 time 0.32s 
2026-04-25 15:28:52,222 - INFO - Epoch 47/70 41/77 loss: 0.4494 time 0.33s 
2026-04-25 15:28:52,543 - INFO - Epoch 47/70 42/77 loss: 0.4496 time 0.32s 
2026-04-25 15:28:52,864 - INFO - Epoch 47/70 43/77 loss: 0.4512 time 0.32s 
2026-04-25 15:28:53,186 - INFO - Epoch 47/70 44/77 loss: 0.4534 time 0.32s 
2026-04-25 15:28:53,507 - INFO - Epoch 47/70 45/77 loss: 0.4485 time 0.32s 
2026-04-25 15:28:53,829 - INFO - Epoch 47/70 46/77 loss: 0.4546 time 0.32s 
2026-04-25 15:28:54,150 - INFO - Epoch 47/70 47/77 loss: 0.4555 time 0.32s 
2026-04-25 15:28:54,470 - INFO - Epoch 47/70 48/77 loss: 0.4529 time 0.32s 
2026-04-25 15:28:54,791 - INFO - Epoch 47/70 49/77 loss: 0.4490 time 0.32s 
2026-04-25 15:28:55,113 - INFO - Epoch 47/70 50/77 loss: 0.4471 time 0.32s 
2026-04-25 15:28:55,434 - INFO - Epoch 47/70 51/77 loss: 0.4445 time 0.32s 
2026-04-25 15:28:55,756 - INFO - Epoch 47/70 52/77 loss: 0.4414 time 0.32s 
2026-04-25 15:28:56,078 - INFO - Epoch 47/70 53/77 loss: 0.4417 time 0.32s 
2026-04-25 15:28:56,399 - INFO - Epoch 47/70 54/77 loss: 0.4388 time 0.32s 
2026-04-25 15:28:56,720 - INFO - Epoch 47/70 55/77 loss: 0.4429 time 0.32s 
2026-04-25 15:28:57,041 - INFO - Epoch 47/70 56/77 loss: 0.4412 time 0.32s 
2026-04-25 15:28:57,363 - INFO - Epoch 47/70 57/77 loss: 0.4420 time 0.32s 
2026-04-25 15:28:57,684 - INFO - Epoch 47/70 58/77 loss: 0.4406 time 0.32s 
2026-04-25 15:28:58,006 - INFO - Epoch 47/70 59/77 loss: 0.4370 time 0.32s 
2026-04-25 15:28:58,327 - INFO - Epoch 47/70 60/77 loss: 0.4355 time 0.32s 
2026-04-25 15:28:58,648 - INFO - Epoch 47/70 61/77 loss: 0.4379 time 0.32s 
2026-04-25 15:28:58,968 - INFO - Epoch 47/70 62/77 loss: 0.4413 time 0.32s 
2026-04-25 15:28:59,289 - INFO - Epoch 47/70 63/77 loss: 0.4394 time 0.32s 
2026-04-25 15:28:59,610 - INFO - Epoch 47/70 64/77 loss: 0.4416 time 0.32s 
2026-04-25 15:28:59,930 - INFO - Epoch 47/70 65/77 loss: 0.4497 time 0.32s 
2026-04-25 15:29:00,251 - INFO - Epoch 47/70 66/77 loss: 0.4512 time 0.32s 
2026-04-25 15:29:00,571 - INFO - Epoch 47/70 67/77 loss: 0.4558 time 0.32s 
2026-04-25 15:29:00,894 - INFO - Epoch 47/70 68/77 loss: 0.4525 time 0.32s 
2026-04-25 15:29:01,216 - INFO - Epoch 47/70 69/77 loss: 0.4552 time 0.32s 
2026-04-25 15:29:01,533 - INFO - Epoch 47/70 70/77 loss: 0.4536 time 0.32s 
2026-04-25 15:29:01,851 - INFO - Epoch 47/70 71/77 loss: 0.4538 time 0.32s 
2026-04-25 15:29:02,166 - INFO - Epoch 47/70 72/77 loss: 0.4530 time 0.31s 
2026-04-25 15:29:02,482 - INFO - Epoch 47/70 73/77 loss: 0.4566 time 0.32s 
2026-04-25 15:29:02,802 - INFO - Epoch 47/70 74/77 loss: 0.4569 time 0.32s 
2026-04-25 15:29:03,118 - INFO - Epoch 47/70 75/77 loss: 0.4575 time 0.32s 
2026-04-25 15:29:03,296 - INFO - Epoch 47/70 76/77 loss: 0.4581 time 0.18s 
2026-04-25 15:29:03,386 - INFO - Latest training  47/69 loss: 0.4581 time 25.26s  lr: 1.0000e-04
2026-04-25 15:29:03,388 - INFO - Estimated remaining training time for the current model fold 0 is 0.28 hr, running time 0.62 hr, est total time 0.91 hr 

2026-04-25 15:29:04,381 - INFO - Epoch 48/70 0/77 loss: 0.3066 time 0.99s 
2026-04-25 15:29:04,705 - INFO - Epoch 48/70 1/77 loss: 0.4515 time 0.32s 
2026-04-25 15:29:05,026 - INFO - Epoch 48/70 2/77 loss: 0.4487 time 0.32s 
2026-04-25 15:29:05,348 - INFO - Epoch 48/70 3/77 loss: 0.4023 time 0.32s 
2026-04-25 15:29:05,670 - INFO - Epoch 48/70 4/77 loss: 0.4322 time 0.32s 
2026-04-25 15:29:05,991 - INFO - Epoch 48/70 5/77 loss: 0.4401 time 0.32s 
2026-04-25 15:29:06,314 - INFO - Epoch 48/70 6/77 loss: 0.4063 time 0.32s 
2026-04-25 15:29:06,636 - INFO - Epoch 48/70 7/77 loss: 0.4225 time 0.32s 
2026-04-25 15:29:06,955 - INFO - Epoch 48/70 8/77 loss: 0.4325 time 0.32s 
2026-04-25 15:29:07,276 - INFO - Epoch 48/70 9/77 loss: 0.4373 time 0.32s 
2026-04-25 15:29:07,598 - INFO - Epoch 48/70 10/77 loss: 0.4220 time 0.32s 
2026-04-25 15:29:07,919 - INFO - Epoch 48/70 11/77 loss: 0.4193 time 0.32s 
2026-04-25 15:29:08,240 - INFO - Epoch 48/70 12/77 loss: 0.4292 time 0.32s 
2026-04-25 15:29:08,561 - INFO - Epoch 48/70 13/77 loss: 0.4198 time 0.32s 
2026-04-25 15:29:08,882 - INFO - Epoch 48/70 14/77 loss: 0.4207 time 0.32s 
2026-04-25 15:29:09,207 - INFO - Epoch 48/70 15/77 loss: 0.4415 time 0.32s 
2026-04-25 15:29:09,528 - INFO - Epoch 48/70 16/77 loss: 0.4487 time 0.32s 
2026-04-25 15:29:09,850 - INFO - Epoch 48/70 17/77 loss: 0.4384 time 0.32s 
2026-04-25 15:29:10,171 - INFO - Epoch 48/70 18/77 loss: 0.4363 time 0.32s 
2026-04-25 15:29:10,492 - INFO - Epoch 48/70 19/77 loss: 0.4240 time 0.32s 
2026-04-25 15:29:10,812 - INFO - Epoch 48/70 20/77 loss: 0.4286 time 0.32s 
2026-04-25 15:29:11,134 - INFO - Epoch 48/70 21/77 loss: 0.4263 time 0.32s 
2026-04-25 15:29:11,457 - INFO - Epoch 48/70 22/77 loss: 0.4270 time 0.32s 
2026-04-25 15:29:11,778 - INFO - Epoch 48/70 23/77 loss: 0.4195 time 0.32s 
2026-04-25 15:29:12,099 - INFO - Epoch 48/70 24/77 loss: 0.4235 time 0.32s 
2026-04-25 15:29:12,420 - INFO - Epoch 48/70 25/77 loss: 0.4448 time 0.32s 
2026-04-25 15:29:12,740 - INFO - Epoch 48/70 26/77 loss: 0.4626 time 0.32s 
2026-04-25 15:29:13,062 - INFO - Epoch 48/70 27/77 loss: 0.4613 time 0.32s 
2026-04-25 15:29:13,382 - INFO - Epoch 48/70 28/77 loss: 0.4566 time 0.32s 
2026-04-25 15:29:13,705 - INFO - Epoch 48/70 29/77 loss: 0.4550 time 0.32s 
2026-04-25 15:29:14,025 - INFO - Epoch 48/70 30/77 loss: 0.4495 time 0.32s 
2026-04-25 15:29:14,346 - INFO - Epoch 48/70 31/77 loss: 0.4478 time 0.32s 
2026-04-25 15:29:14,667 - INFO - Epoch 48/70 32/77 loss: 0.4469 time 0.32s 
2026-04-25 15:29:14,988 - INFO - Epoch 48/70 33/77 loss: 0.4392 time 0.32s 
2026-04-25 15:29:15,309 - INFO - Epoch 48/70 34/77 loss: 0.4408 time 0.32s 
2026-04-25 15:29:15,631 - INFO - Epoch 48/70 35/77 loss: 0.4386 time 0.32s 
2026-04-25 15:29:15,952 - INFO - Epoch 48/70 36/77 loss: 0.4367 time 0.32s 
2026-04-25 15:29:16,273 - INFO - Epoch 48/70 37/77 loss: 0.4397 time 0.32s 
2026-04-25 15:29:16,596 - INFO - Epoch 48/70 38/77 loss: 0.4352 time 0.32s 
2026-04-25 15:29:16,916 - INFO - Epoch 48/70 39/77 loss: 0.4349 time 0.32s 
2026-04-25 15:29:17,237 - INFO - Epoch 48/70 40/77 loss: 0.4348 time 0.32s 
2026-04-25 15:29:17,558 - INFO - Epoch 48/70 41/77 loss: 0.4360 time 0.32s 
2026-04-25 15:29:17,879 - INFO - Epoch 48/70 42/77 loss: 0.4339 time 0.32s 
2026-04-25 15:29:18,200 - INFO - Epoch 48/70 43/77 loss: 0.4339 time 0.32s 
2026-04-25 15:29:18,520 - INFO - Epoch 48/70 44/77 loss: 0.4330 time 0.32s 
2026-04-25 15:29:18,843 - INFO - Epoch 48/70 45/77 loss: 0.4331 time 0.32s 
2026-04-25 15:29:19,166 - INFO - Epoch 48/70 46/77 loss: 0.4333 time 0.32s 
2026-04-25 15:29:19,487 - INFO - Epoch 48/70 47/77 loss: 0.4330 time 0.32s 
2026-04-25 15:29:19,809 - INFO - Epoch 48/70 48/77 loss: 0.4325 time 0.32s 
2026-04-25 15:29:20,130 - INFO - Epoch 48/70 49/77 loss: 0.4315 time 0.32s 
2026-04-25 15:29:20,452 - INFO - Epoch 48/70 50/77 loss: 0.4284 time 0.32s 
2026-04-25 15:29:20,772 - INFO - Epoch 48/70 51/77 loss: 0.4303 time 0.32s 
2026-04-25 15:29:21,095 - INFO - Epoch 48/70 52/77 loss: 0.4276 time 0.32s 
2026-04-25 15:29:21,418 - INFO - Epoch 48/70 53/77 loss: 0.4269 time 0.32s 
2026-04-25 15:29:21,741 - INFO - Epoch 48/70 54/77 loss: 0.4328 time 0.32s 
2026-04-25 15:29:22,064 - INFO - Epoch 48/70 55/77 loss: 0.4350 time 0.32s 
2026-04-25 15:29:22,388 - INFO - Epoch 48/70 56/77 loss: 0.4347 time 0.32s 
2026-04-25 15:29:22,711 - INFO - Epoch 48/70 57/77 loss: 0.4337 time 0.32s 
2026-04-25 15:29:23,033 - INFO - Epoch 48/70 58/77 loss: 0.4391 time 0.32s 
2026-04-25 15:29:23,356 - INFO - Epoch 48/70 59/77 loss: 0.4374 time 0.32s 
2026-04-25 15:29:23,678 - INFO - Epoch 48/70 60/77 loss: 0.4350 time 0.32s 
2026-04-25 15:29:24,001 - INFO - Epoch 48/70 61/77 loss: 0.4331 time 0.32s 
2026-04-25 15:29:24,323 - INFO - Epoch 48/70 62/77 loss: 0.4360 time 0.32s 
2026-04-25 15:29:24,646 - INFO - Epoch 48/70 63/77 loss: 0.4417 time 0.32s 
2026-04-25 15:29:24,970 - INFO - Epoch 48/70 64/77 loss: 0.4394 time 0.32s 
2026-04-25 15:29:25,292 - INFO - Epoch 48/70 65/77 loss: 0.4383 time 0.32s 
2026-04-25 15:29:25,616 - INFO - Epoch 48/70 66/77 loss: 0.4433 time 0.32s 
2026-04-25 15:29:25,938 - INFO - Epoch 48/70 67/77 loss: 0.4439 time 0.32s 
2026-04-25 15:29:26,261 - INFO - Epoch 48/70 68/77 loss: 0.4430 time 0.32s 
2026-04-25 15:29:26,580 - INFO - Epoch 48/70 69/77 loss: 0.4435 time 0.32s 
2026-04-25 15:29:26,898 - INFO - Epoch 48/70 70/77 loss: 0.4422 time 0.32s 
2026-04-25 15:29:27,218 - INFO - Epoch 48/70 71/77 loss: 0.4430 time 0.32s 
2026-04-25 15:29:27,536 - INFO - Epoch 48/70 72/77 loss: 0.4436 time 0.32s 
2026-04-25 15:29:27,861 - INFO - Epoch 48/70 73/77 loss: 0.4454 time 0.32s 
2026-04-25 15:29:28,181 - INFO - Epoch 48/70 74/77 loss: 0.4498 time 0.32s 
2026-04-25 15:29:28,499 - INFO - Epoch 48/70 75/77 loss: 0.4526 time 0.32s 
2026-04-25 15:29:28,678 - INFO - Epoch 48/70 76/77 loss: 0.4522 time 0.18s 
2026-04-25 15:29:28,768 - INFO - Latest training  48/69 loss: 0.4522 time 25.38s  lr: 1.0000e-04
2026-04-25 15:29:28,768 - INFO - Estimated remaining training time for the current model fold 0 is 0.28 hr, running time 0.63 hr, est total time 0.91 hr 

2026-04-25 15:29:29,781 - INFO - Epoch 49/70 0/77 loss: 0.4995 time 1.01s 
2026-04-25 15:29:30,104 - INFO - Epoch 49/70 1/77 loss: 0.6323 time 0.32s 
2026-04-25 15:29:30,426 - INFO - Epoch 49/70 2/77 loss: 0.6276 time 0.32s 
2026-04-25 15:29:30,749 - INFO - Epoch 49/70 3/77 loss: 0.5863 time 0.32s 
2026-04-25 15:29:31,071 - INFO - Epoch 49/70 4/77 loss: 0.5857 time 0.32s 
2026-04-25 15:29:31,394 - INFO - Epoch 49/70 5/77 loss: 0.5876 time 0.32s 
2026-04-25 15:29:31,715 - INFO - Epoch 49/70 6/77 loss: 0.5595 time 0.32s 
2026-04-25 15:29:32,036 - INFO - Epoch 49/70 7/77 loss: 0.5442 time 0.32s 
2026-04-25 15:29:32,356 - INFO - Epoch 49/70 8/77 loss: 0.5059 time 0.32s 
2026-04-25 15:29:32,678 - INFO - Epoch 49/70 9/77 loss: 0.4798 time 0.32s 
2026-04-25 15:29:32,999 - INFO - Epoch 49/70 10/77 loss: 0.4749 time 0.32s 
2026-04-25 15:29:33,319 - INFO - Epoch 49/70 11/77 loss: 0.4819 time 0.32s 
2026-04-25 15:29:33,642 - INFO - Epoch 49/70 12/77 loss: 0.4654 time 0.32s 
2026-04-25 15:29:33,962 - INFO - Epoch 49/70 13/77 loss: 0.4599 time 0.32s 
2026-04-25 15:29:34,283 - INFO - Epoch 49/70 14/77 loss: 0.4507 time 0.32s 
2026-04-25 15:29:34,605 - INFO - Epoch 49/70 15/77 loss: 0.4529 time 0.32s 
2026-04-25 15:29:34,925 - INFO - Epoch 49/70 16/77 loss: 0.4512 time 0.32s 
2026-04-25 15:29:35,246 - INFO - Epoch 49/70 17/77 loss: 0.4498 time 0.32s 
2026-04-25 15:29:35,568 - INFO - Epoch 49/70 18/77 loss: 0.4449 time 0.32s 
2026-04-25 15:29:35,889 - INFO - Epoch 49/70 19/77 loss: 0.4499 time 0.32s 
2026-04-25 15:29:36,211 - INFO - Epoch 49/70 20/77 loss: 0.4516 time 0.32s 
2026-04-25 15:29:36,532 - INFO - Epoch 49/70 21/77 loss: 0.4548 time 0.32s 
2026-04-25 15:29:36,854 - INFO - Epoch 49/70 22/77 loss: 0.4494 time 0.32s 
2026-04-25 15:29:37,175 - INFO - Epoch 49/70 23/77 loss: 0.4498 time 0.32s 
2026-04-25 15:29:37,497 - INFO - Epoch 49/70 24/77 loss: 0.4470 time 0.32s 
2026-04-25 15:29:37,818 - INFO - Epoch 49/70 25/77 loss: 0.4468 time 0.32s 
2026-04-25 15:29:38,140 - INFO - Epoch 49/70 26/77 loss: 0.4539 time 0.32s 
2026-04-25 15:29:38,461 - INFO - Epoch 49/70 27/77 loss: 0.4592 time 0.32s 
2026-04-25 15:29:38,781 - INFO - Epoch 49/70 28/77 loss: 0.4570 time 0.32s 
2026-04-25 15:29:39,106 - INFO - Epoch 49/70 29/77 loss: 0.4571 time 0.32s 
2026-04-25 15:29:39,429 - INFO - Epoch 49/70 30/77 loss: 0.4635 time 0.32s 
2026-04-25 15:29:39,750 - INFO - Epoch 49/70 31/77 loss: 0.4631 time 0.32s 
2026-04-25 15:29:40,072 - INFO - Epoch 49/70 32/77 loss: 0.4625 time 0.32s 
2026-04-25 15:29:40,396 - INFO - Epoch 49/70 33/77 loss: 0.4650 time 0.32s 
2026-04-25 15:29:40,717 - INFO - Epoch 49/70 34/77 loss: 0.4656 time 0.32s 
2026-04-25 15:29:41,039 - INFO - Epoch 49/70 35/77 loss: 0.4643 time 0.32s 
2026-04-25 15:29:41,362 - INFO - Epoch 49/70 36/77 loss: 0.4604 time 0.32s 
2026-04-25 15:29:41,683 - INFO - Epoch 49/70 37/77 loss: 0.4709 time 0.32s 
2026-04-25 15:29:42,003 - INFO - Epoch 49/70 38/77 loss: 0.4698 time 0.32s 
2026-04-25 15:29:42,324 - INFO - Epoch 49/70 39/77 loss: 0.4643 time 0.32s 
2026-04-25 15:29:42,645 - INFO - Epoch 49/70 40/77 loss: 0.4584 time 0.32s 
2026-04-25 15:29:42,966 - INFO - Epoch 49/70 41/77 loss: 0.4547 time 0.32s 
2026-04-25 15:29:43,287 - INFO - Epoch 49/70 42/77 loss: 0.4499 time 0.32s 
2026-04-25 15:29:43,610 - INFO - Epoch 49/70 43/77 loss: 0.4590 time 0.32s 
2026-04-25 15:29:43,931 - INFO - Epoch 49/70 44/77 loss: 0.4590 time 0.32s 
2026-04-25 15:29:44,251 - INFO - Epoch 49/70 45/77 loss: 0.4594 time 0.32s 
2026-04-25 15:29:44,572 - INFO - Epoch 49/70 46/77 loss: 0.4616 time 0.32s 
2026-04-25 15:29:44,894 - INFO - Epoch 49/70 47/77 loss: 0.4670 time 0.32s 
2026-04-25 15:29:45,215 - INFO - Epoch 49/70 48/77 loss: 0.4630 time 0.32s 
2026-04-25 15:29:45,536 - INFO - Epoch 49/70 49/77 loss: 0.4661 time 0.32s 
2026-04-25 15:29:45,857 - INFO - Epoch 49/70 50/77 loss: 0.4647 time 0.32s 
2026-04-25 15:29:46,177 - INFO - Epoch 49/70 51/77 loss: 0.4633 time 0.32s 
2026-04-25 15:29:46,499 - INFO - Epoch 49/70 52/77 loss: 0.4626 time 0.32s 
2026-04-25 15:29:46,820 - INFO - Epoch 49/70 53/77 loss: 0.4618 time 0.32s 
2026-04-25 15:29:47,142 - INFO - Epoch 49/70 54/77 loss: 0.4609 time 0.32s 
2026-04-25 15:29:47,464 - INFO - Epoch 49/70 55/77 loss: 0.4583 time 0.32s 
2026-04-25 15:29:47,787 - INFO - Epoch 49/70 56/77 loss: 0.4570 time 0.32s 
2026-04-25 15:29:48,107 - INFO - Epoch 49/70 57/77 loss: 0.4528 time 0.32s 
2026-04-25 15:29:48,429 - INFO - Epoch 49/70 58/77 loss: 0.4518 time 0.32s 
2026-04-25 15:29:48,750 - INFO - Epoch 49/70 59/77 loss: 0.4534 time 0.32s 
2026-04-25 15:29:49,071 - INFO - Epoch 49/70 60/77 loss: 0.4551 time 0.32s 
2026-04-25 15:29:49,392 - INFO - Epoch 49/70 61/77 loss: 0.4546 time 0.32s 
2026-04-25 15:29:49,714 - INFO - Epoch 49/70 62/77 loss: 0.4524 time 0.32s 
2026-04-25 15:29:50,034 - INFO - Epoch 49/70 63/77 loss: 0.4554 time 0.32s 
2026-04-25 15:29:50,356 - INFO - Epoch 49/70 64/77 loss: 0.4544 time 0.32s 
2026-04-25 15:29:50,676 - INFO - Epoch 49/70 65/77 loss: 0.4563 time 0.32s 
2026-04-25 15:29:50,996 - INFO - Epoch 49/70 66/77 loss: 0.4578 time 0.32s 
2026-04-25 15:29:51,318 - INFO - Epoch 49/70 67/77 loss: 0.4584 time 0.32s 
2026-04-25 15:29:51,639 - INFO - Epoch 49/70 68/77 loss: 0.4577 time 0.32s 
2026-04-25 15:29:51,958 - INFO - Epoch 49/70 69/77 loss: 0.4564 time 0.32s 
2026-04-25 15:29:52,274 - INFO - Epoch 49/70 70/77 loss: 0.4563 time 0.32s 
2026-04-25 15:29:52,590 - INFO - Epoch 49/70 71/77 loss: 0.4560 time 0.32s 
2026-04-25 15:29:52,908 - INFO - Epoch 49/70 72/77 loss: 0.4550 time 0.32s 
2026-04-25 15:29:53,226 - INFO - Epoch 49/70 73/77 loss: 0.4602 time 0.32s 
2026-04-25 15:29:53,543 - INFO - Epoch 49/70 74/77 loss: 0.4622 time 0.32s 
2026-04-25 15:29:53,864 - INFO - Epoch 49/70 75/77 loss: 0.4638 time 0.32s 
2026-04-25 15:29:54,043 - INFO - Epoch 49/70 76/77 loss: 0.4665 time 0.18s 
2026-04-25 15:29:54,148 - INFO - Latest training  49/69 loss: 0.4665 time 25.38s  lr: 1.0000e-04
2026-04-25 15:29:59,692 - INFO - Val 49/70 0/30 loss: 0.8421 acc 0.6918032786885245  time 5.52s
2026-04-25 15:30:03,376 - INFO - Val 49/70 1/30 loss: 0.5977 acc 0.8528735632183908  time 3.68s
2026-04-25 15:30:07,126 - INFO - Val 49/70 2/30 loss: 0.5231 acc 0.8552821997105644  time 3.75s
2026-04-25 15:30:10,774 - INFO - Val 49/70 3/30 loss: 0.4283 acc 0.8140243902439024  time 3.65s
2026-04-25 15:30:14,450 - INFO - Val 49/70 4/30 loss: 0.4435 acc 0.7529021558872305  time 3.68s
2026-04-25 15:30:18,293 - INFO - Val 49/70 5/30 loss: 0.7453 acc 0.827354260089686  time 3.84s
2026-04-25 15:30:22,055 - INFO - Val 49/70 6/30 loss: 0.7167 acc 0.77088948787062  time 3.76s
2026-04-25 15:30:25,692 - INFO - Val 49/70 7/30 loss: 0.3170 acc 0.8892307692307693  time 3.64s
2026-04-25 15:30:29,502 - INFO - Val 49/70 8/30 loss: 0.8566 acc 0.8139810426540285  time 3.81s
2026-04-25 15:30:33,270 - INFO - Val 49/70 9/30 loss: 0.5342 acc 0.8546511627906976  time 3.77s
2026-04-25 15:30:36,916 - INFO - Val 49/70 10/30 loss: 0.3486 acc 0.8740359897172236  time 3.65s
2026-04-25 15:30:40,580 - INFO - Val 49/70 11/30 loss: 0.3757 acc 0.8973214285714286  time 3.66s
2026-04-25 15:30:44,163 - INFO - Val 49/70 12/30 loss: 0.3708 acc 0.7473684210526316  time 3.58s
2026-04-25 15:30:47,932 - INFO - Val 49/70 13/30 loss: 0.6557 acc 0.8421052631578947  time 3.77s
2026-04-25 15:30:51,517 - INFO - Val 49/70 14/30 loss: 0.2130 acc 0.7755775577557755  time 3.58s
2026-04-25 15:30:55,165 - INFO - Val 49/70 15/30 loss: 0.3184 acc 0.8652631578947368  time 3.65s
2026-04-25 15:30:58,976 - INFO - Val 49/70 16/30 loss: 0.6186 acc 0.8424657534246576  time 3.81s
2026-04-25 15:31:02,670 - INFO - Val 49/70 17/30 loss: 0.4565 acc 0.7975567190226877  time 3.69s
2026-04-25 15:31:06,341 - INFO - Val 49/70 18/30 loss: 0.6360 acc 0.7474332648870636  time 3.67s
2026-04-25 15:31:09,999 - INFO - Val 49/70 19/30 loss: 0.5332 acc 0.7919191919191919  time 3.66s
2026-04-25 15:31:13,685 - INFO - Val 49/70 20/30 loss: 0.2846 acc 0.9037037037037037  time 3.69s
2026-04-25 15:31:17,368 - INFO - Val 49/70 21/30 loss: 0.2573 acc 0.9219330855018587  time 3.68s
2026-04-25 15:31:20,921 - INFO - Val 49/70 22/30 loss: 0.2002 acc 0.8838951310861424  time 3.55s
2026-04-25 15:31:24,740 - INFO - Val 49/70 23/30 loss: 0.5070 acc 0.8725761772853186  time 3.82s
2026-04-25 15:31:28,406 - INFO - Val 49/70 24/30 loss: 0.2496 acc 0.9137577002053389  time 3.67s
2026-04-25 15:31:32,036 - INFO - Val 49/70 25/30 loss: 0.4193 acc 0.7404761904761905  time 3.63s
2026-04-25 15:31:35,980 - INFO - Val 49/70 26/30 loss: 0.8156 acc 0.845213849287169  time 3.94s
2026-04-25 15:31:39,619 - INFO - Val 49/70 27/30 loss: 0.5760 acc 0.7254901960784313  time 3.64s
2026-04-25 15:31:43,377 - INFO - Val 49/70 28/30 loss: 0.5236 acc 0.8415841584158416  time 3.76s
2026-04-25 15:31:46,991 - INFO - Val 49/70 29/30 loss: 0.3616 acc 0.8120481927710843  time 3.61s
2026-04-25 15:31:47,064 - INFO - Latest validation 49/69 loss: 0.4909 acc_avg: 0.8255 acc: 0.8254905343055725 time: 112.91s
2026-04-25 15:31:50,926 - INFO - Saving checkpoint process: ./models/puma/model_final.pt, {'epoch': 49, 'best_metric': 0.8254905343055725}, save_time 3.86s
2026-04-25 15:31:50,926 - INFO - Estimated remaining training time for the current model fold 0 is 0.24 hr, running time 0.67 hr, est total time 0.91 hr 

2026-04-25 15:31:52,334 - INFO - Epoch 50/70 0/77 loss: 0.1979 time 1.41s 
2026-04-25 15:31:52,656 - INFO - Epoch 50/70 1/77 loss: 0.3320 time 0.32s 
2026-04-25 15:31:52,979 - INFO - Epoch 50/70 2/77 loss: 0.3426 time 0.32s 
2026-04-25 15:31:53,299 - INFO - Epoch 50/70 3/77 loss: 0.3962 time 0.32s 
2026-04-25 15:31:53,619 - INFO - Epoch 50/70 4/77 loss: 0.3972 time 0.32s 
2026-04-25 15:31:53,937 - INFO - Epoch 50/70 5/77 loss: 0.4032 time 0.32s 
2026-04-25 15:31:54,258 - INFO - Epoch 50/70 6/77 loss: 0.4101 time 0.32s 
2026-04-25 15:31:54,577 - INFO - Epoch 50/70 7/77 loss: 0.4021 time 0.32s 
2026-04-25 15:31:54,898 - INFO - Epoch 50/70 8/77 loss: 0.4226 time 0.32s 
2026-04-25 15:31:55,216 - INFO - Epoch 50/70 9/77 loss: 0.4167 time 0.32s 
2026-04-25 15:31:55,537 - INFO - Epoch 50/70 10/77 loss: 0.4040 time 0.32s 
2026-04-25 15:31:55,858 - INFO - Epoch 50/70 11/77 loss: 0.4200 time 0.32s 
2026-04-25 15:31:56,177 - INFO - Epoch 50/70 12/77 loss: 0.4275 time 0.32s 
2026-04-25 15:31:56,498 - INFO - Epoch 50/70 13/77 loss: 0.4254 time 0.32s 
2026-04-25 15:31:56,819 - INFO - Epoch 50/70 14/77 loss: 0.4194 time 0.32s 
2026-04-25 15:31:57,141 - INFO - Epoch 50/70 15/77 loss: 0.4193 time 0.32s 
2026-04-25 15:31:57,461 - INFO - Epoch 50/70 16/77 loss: 0.4383 time 0.32s 
2026-04-25 15:31:57,781 - INFO - Epoch 50/70 17/77 loss: 0.4432 time 0.32s 
2026-04-25 15:31:58,100 - INFO - Epoch 50/70 18/77 loss: 0.4484 time 0.32s 
2026-04-25 15:31:58,421 - INFO - Epoch 50/70 19/77 loss: 0.4443 time 0.32s 
2026-04-25 15:31:58,740 - INFO - Epoch 50/70 20/77 loss: 0.4464 time 0.32s 
2026-04-25 15:31:59,060 - INFO - Epoch 50/70 21/77 loss: 0.4417 time 0.32s 
2026-04-25 15:31:59,382 - INFO - Epoch 50/70 22/77 loss: 0.4533 time 0.32s 
2026-04-25 15:31:59,702 - INFO - Epoch 50/70 23/77 loss: 0.4611 time 0.32s 
2026-04-25 15:32:00,024 - INFO - Epoch 50/70 24/77 loss: 0.4597 time 0.32s 
2026-04-25 15:32:00,343 - INFO - Epoch 50/70 25/77 loss: 0.4566 time 0.32s 
2026-04-25 15:32:00,666 - INFO - Epoch 50/70 26/77 loss: 0.4542 time 0.32s 
2026-04-25 15:32:00,986 - INFO - Epoch 50/70 27/77 loss: 0.4502 time 0.32s 
2026-04-25 15:32:01,307 - INFO - Epoch 50/70 28/77 loss: 0.4603 time 0.32s 
2026-04-25 15:32:01,631 - INFO - Epoch 50/70 29/77 loss: 0.4638 time 0.32s 
2026-04-25 15:32:01,951 - INFO - Epoch 50/70 30/77 loss: 0.4655 time 0.32s 
2026-04-25 15:32:02,273 - INFO - Epoch 50/70 31/77 loss: 0.4678 time 0.32s 
2026-04-25 15:32:02,596 - INFO - Epoch 50/70 32/77 loss: 0.4627 time 0.32s 
2026-04-25 15:32:02,916 - INFO - Epoch 50/70 33/77 loss: 0.4582 time 0.32s 
2026-04-25 15:32:03,236 - INFO - Epoch 50/70 34/77 loss: 0.4567 time 0.32s 
2026-04-25 15:32:03,556 - INFO - Epoch 50/70 35/77 loss: 0.4537 time 0.32s 
2026-04-25 15:32:03,877 - INFO - Epoch 50/70 36/77 loss: 0.4519 time 0.32s 
2026-04-25 15:32:04,196 - INFO - Epoch 50/70 37/77 loss: 0.4479 time 0.32s 
2026-04-25 15:32:04,518 - INFO - Epoch 50/70 38/77 loss: 0.4448 time 0.32s 
2026-04-25 15:32:04,837 - INFO - Epoch 50/70 39/77 loss: 0.4464 time 0.32s 
2026-04-25 15:32:05,159 - INFO - Epoch 50/70 40/77 loss: 0.4480 time 0.32s 
2026-04-25 15:32:05,479 - INFO - Epoch 50/70 41/77 loss: 0.4444 time 0.32s 
2026-04-25 15:32:05,799 - INFO - Epoch 50/70 42/77 loss: 0.4411 time 0.32s 
2026-04-25 15:32:06,121 - INFO - Epoch 50/70 43/77 loss: 0.4424 time 0.32s 
2026-04-25 15:32:06,441 - INFO - Epoch 50/70 44/77 loss: 0.4477 time 0.32s 
2026-04-25 15:32:06,762 - INFO - Epoch 50/70 45/77 loss: 0.4467 time 0.32s 
2026-04-25 15:32:07,081 - INFO - Epoch 50/70 46/77 loss: 0.4520 time 0.32s 
2026-04-25 15:32:07,403 - INFO - Epoch 50/70 47/77 loss: 0.4607 time 0.32s 
2026-04-25 15:32:07,724 - INFO - Epoch 50/70 48/77 loss: 0.4564 time 0.32s 
2026-04-25 15:32:08,043 - INFO - Epoch 50/70 49/77 loss: 0.4573 time 0.32s 
2026-04-25 15:32:08,362 - INFO - Epoch 50/70 50/77 loss: 0.4581 time 0.32s 
2026-04-25 15:32:08,684 - INFO - Epoch 50/70 51/77 loss: 0.4591 time 0.32s 
2026-04-25 15:32:09,005 - INFO - Epoch 50/70 52/77 loss: 0.4607 time 0.32s 
2026-04-25 15:32:09,326 - INFO - Epoch 50/70 53/77 loss: 0.4619 time 0.32s 
2026-04-25 15:32:09,646 - INFO - Epoch 50/70 54/77 loss: 0.4590 time 0.32s 
2026-04-25 15:32:09,967 - INFO - Epoch 50/70 55/77 loss: 0.4554 time 0.32s 
2026-04-25 15:32:10,289 - INFO - Epoch 50/70 56/77 loss: 0.4534 time 0.32s 
2026-04-25 15:32:10,607 - INFO - Epoch 50/70 57/77 loss: 0.4590 time 0.32s 
2026-04-25 15:32:10,927 - INFO - Epoch 50/70 58/77 loss: 0.4593 time 0.32s 
2026-04-25 15:32:11,248 - INFO - Epoch 50/70 59/77 loss: 0.4612 time 0.32s 
2026-04-25 15:32:11,570 - INFO - Epoch 50/70 60/77 loss: 0.4614 time 0.32s 
2026-04-25 15:32:11,890 - INFO - Epoch 50/70 61/77 loss: 0.4585 time 0.32s 
2026-04-25 15:32:12,211 - INFO - Epoch 50/70 62/77 loss: 0.4573 time 0.32s 
2026-04-25 15:32:12,532 - INFO - Epoch 50/70 63/77 loss: 0.4555 time 0.32s 
2026-04-25 15:32:12,853 - INFO - Epoch 50/70 64/77 loss: 0.4541 time 0.32s 
2026-04-25 15:32:13,172 - INFO - Epoch 50/70 65/77 loss: 0.4570 time 0.32s 
2026-04-25 15:32:13,493 - INFO - Epoch 50/70 66/77 loss: 0.4615 time 0.32s 
2026-04-25 15:32:13,814 - INFO - Epoch 50/70 67/77 loss: 0.4579 time 0.32s 
2026-04-25 15:32:14,132 - INFO - Epoch 50/70 68/77 loss: 0.4541 time 0.32s 
2026-04-25 15:32:14,449 - INFO - Epoch 50/70 69/77 loss: 0.4528 time 0.32s 
2026-04-25 15:32:14,766 - INFO - Epoch 50/70 70/77 loss: 0.4564 time 0.32s 
2026-04-25 15:32:15,083 - INFO - Epoch 50/70 71/77 loss: 0.4584 time 0.32s 
2026-04-25 15:32:15,399 - INFO - Epoch 50/70 72/77 loss: 0.4553 time 0.32s 
2026-04-25 15:32:15,716 - INFO - Epoch 50/70 73/77 loss: 0.4560 time 0.32s 
2026-04-25 15:32:16,033 - INFO - Epoch 50/70 74/77 loss: 0.4557 time 0.32s 
2026-04-25 15:32:16,350 - INFO - Epoch 50/70 75/77 loss: 0.4531 time 0.32s 
2026-04-25 15:32:16,528 - INFO - Epoch 50/70 76/77 loss: 0.4529 time 0.18s 
2026-04-25 15:32:16,695 - INFO - Latest training  50/69 loss: 0.4529 time 25.77s  lr: 1.0000e-04
2026-04-25 15:32:16,696 - INFO - Estimated remaining training time for the current model fold 0 is 0.24 hr, running time 0.68 hr, est total time 0.91 hr 

2026-04-25 15:32:18,038 - INFO - Epoch 51/70 0/77 loss: 0.3396 time 1.34s 
2026-04-25 15:32:18,363 - INFO - Epoch 51/70 1/77 loss: 0.3663 time 0.32s 
2026-04-25 15:32:18,686 - INFO - Epoch 51/70 2/77 loss: 0.3927 time 0.32s 
2026-04-25 15:32:19,006 - INFO - Epoch 51/70 3/77 loss: 0.4232 time 0.32s 
2026-04-25 15:32:19,330 - INFO - Epoch 51/70 4/77 loss: 0.4391 time 0.32s 
2026-04-25 15:32:19,651 - INFO - Epoch 51/70 5/77 loss: 0.4464 time 0.32s 
2026-04-25 15:32:19,972 - INFO - Epoch 51/70 6/77 loss: 0.4193 time 0.32s 
2026-04-25 15:32:20,294 - INFO - Epoch 51/70 7/77 loss: 0.4247 time 0.32s 
2026-04-25 15:32:20,615 - INFO - Epoch 51/70 8/77 loss: 0.4059 time 0.32s 
2026-04-25 15:32:20,934 - INFO - Epoch 51/70 9/77 loss: 0.4096 time 0.32s 
2026-04-25 15:32:21,256 - INFO - Epoch 51/70 10/77 loss: 0.4211 time 0.32s 
2026-04-25 15:32:21,576 - INFO - Epoch 51/70 11/77 loss: 0.4121 time 0.32s 
2026-04-25 15:32:21,897 - INFO - Epoch 51/70 12/77 loss: 0.4139 time 0.32s 
2026-04-25 15:32:22,219 - INFO - Epoch 51/70 13/77 loss: 0.4233 time 0.32s 
2026-04-25 15:32:22,538 - INFO - Epoch 51/70 14/77 loss: 0.4595 time 0.32s 
2026-04-25 15:32:22,861 - INFO - Epoch 51/70 15/77 loss: 0.4735 time 0.32s 
2026-04-25 15:32:23,183 - INFO - Epoch 51/70 16/77 loss: 0.4840 time 0.32s 
2026-04-25 15:32:23,506 - INFO - Epoch 51/70 17/77 loss: 0.4758 time 0.32s 
2026-04-25 15:32:23,825 - INFO - Epoch 51/70 18/77 loss: 0.4774 time 0.32s 
2026-04-25 15:32:24,147 - INFO - Epoch 51/70 19/77 loss: 0.4709 time 0.32s 
2026-04-25 15:32:24,468 - INFO - Epoch 51/70 20/77 loss: 0.4742 time 0.32s 
2026-04-25 15:32:24,789 - INFO - Epoch 51/70 21/77 loss: 0.4861 time 0.32s 
2026-04-25 15:32:25,111 - INFO - Epoch 51/70 22/77 loss: 0.4907 time 0.32s 
2026-04-25 15:32:25,432 - INFO - Epoch 51/70 23/77 loss: 0.4808 time 0.32s 
2026-04-25 15:32:25,751 - INFO - Epoch 51/70 24/77 loss: 0.4751 time 0.32s 
2026-04-25 15:32:26,073 - INFO - Epoch 51/70 25/77 loss: 0.4807 time 0.32s 
2026-04-25 15:32:26,394 - INFO - Epoch 51/70 26/77 loss: 0.4881 time 0.32s 
2026-04-25 15:32:26,715 - INFO - Epoch 51/70 27/77 loss: 0.4869 time 0.32s 
2026-04-25 15:32:27,034 - INFO - Epoch 51/70 28/77 loss: 0.4884 time 0.32s 
2026-04-25 15:32:27,356 - INFO - Epoch 51/70 29/77 loss: 0.4827 time 0.32s 
2026-04-25 15:32:27,676 - INFO - Epoch 51/70 30/77 loss: 0.4756 time 0.32s 
2026-04-25 15:32:27,997 - INFO - Epoch 51/70 31/77 loss: 0.4774 time 0.32s 
2026-04-25 15:32:28,318 - INFO - Epoch 51/70 32/77 loss: 0.4722 time 0.32s 
2026-04-25 15:32:28,639 - INFO - Epoch 51/70 33/77 loss: 0.4675 time 0.32s 
2026-04-25 15:32:28,960 - INFO - Epoch 51/70 34/77 loss: 0.4616 time 0.32s 
2026-04-25 15:32:29,281 - INFO - Epoch 51/70 35/77 loss: 0.4617 time 0.32s 
2026-04-25 15:32:29,602 - INFO - Epoch 51/70 36/77 loss: 0.4612 time 0.32s 
2026-04-25 15:32:29,923 - INFO - Epoch 51/70 37/77 loss: 0.4608 time 0.32s 
2026-04-25 15:32:30,245 - INFO - Epoch 51/70 38/77 loss: 0.4607 time 0.32s 
2026-04-25 15:32:30,564 - INFO - Epoch 51/70 39/77 loss: 0.4623 time 0.32s 
2026-04-25 15:32:30,886 - INFO - Epoch 51/70 40/77 loss: 0.4628 time 0.32s 
2026-04-25 15:32:31,207 - INFO - Epoch 51/70 41/77 loss: 0.4607 time 0.32s 
2026-04-25 15:32:31,528 - INFO - Epoch 51/70 42/77 loss: 0.4609 time 0.32s 
2026-04-25 15:32:31,848 - INFO - Epoch 51/70 43/77 loss: 0.4643 time 0.32s 
2026-04-25 15:32:32,168 - INFO - Epoch 51/70 44/77 loss: 0.4698 time 0.32s 
2026-04-25 15:32:32,492 - INFO - Epoch 51/70 45/77 loss: 0.4679 time 0.32s 
2026-04-25 15:32:32,815 - INFO - Epoch 51/70 46/77 loss: 0.4765 time 0.32s 
2026-04-25 15:32:33,135 - INFO - Epoch 51/70 47/77 loss: 0.4772 time 0.32s 
2026-04-25 15:32:33,458 - INFO - Epoch 51/70 48/77 loss: 0.4723 time 0.32s 
2026-04-25 15:32:33,779 - INFO - Epoch 51/70 49/77 loss: 0.4701 time 0.32s 
2026-04-25 15:32:34,101 - INFO - Epoch 51/70 50/77 loss: 0.4719 time 0.32s 
2026-04-25 15:32:34,421 - INFO - Epoch 51/70 51/77 loss: 0.4719 time 0.32s 
2026-04-25 15:32:34,742 - INFO - Epoch 51/70 52/77 loss: 0.4736 time 0.32s 
2026-04-25 15:32:35,063 - INFO - Epoch 51/70 53/77 loss: 0.4698 time 0.32s 
2026-04-25 15:32:35,387 - INFO - Epoch 51/70 54/77 loss: 0.4707 time 0.32s 
2026-04-25 15:32:35,709 - INFO - Epoch 51/70 55/77 loss: 0.4804 time 0.32s 
2026-04-25 15:32:36,029 - INFO - Epoch 51/70 56/77 loss: 0.4766 time 0.32s 
2026-04-25 15:32:36,351 - INFO - Epoch 51/70 57/77 loss: 0.4751 time 0.32s 
2026-04-25 15:32:36,672 - INFO - Epoch 51/70 58/77 loss: 0.4729 time 0.32s 
2026-04-25 15:32:36,994 - INFO - Epoch 51/70 59/77 loss: 0.4730 time 0.32s 
2026-04-25 15:32:37,314 - INFO - Epoch 51/70 60/77 loss: 0.4716 time 0.32s 
2026-04-25 15:32:37,635 - INFO - Epoch 51/70 61/77 loss: 0.4761 time 0.32s 
2026-04-25 15:32:37,955 - INFO - Epoch 51/70 62/77 loss: 0.4783 time 0.32s 
2026-04-25 15:32:38,276 - INFO - Epoch 51/70 63/77 loss: 0.4846 time 0.32s 
2026-04-25 15:32:38,597 - INFO - Epoch 51/70 64/77 loss: 0.4858 time 0.32s 
2026-04-25 15:32:38,919 - INFO - Epoch 51/70 65/77 loss: 0.4829 time 0.32s 
2026-04-25 15:32:39,240 - INFO - Epoch 51/70 66/77 loss: 0.4883 time 0.32s 
2026-04-25 15:32:39,560 - INFO - Epoch 51/70 67/77 loss: 0.4871 time 0.32s 
2026-04-25 15:32:39,880 - INFO - Epoch 51/70 68/77 loss: 0.4849 time 0.32s 
2026-04-25 15:32:40,199 - INFO - Epoch 51/70 69/77 loss: 0.4829 time 0.32s 
2026-04-25 15:32:40,513 - INFO - Epoch 51/70 70/77 loss: 0.4809 time 0.31s 
2026-04-25 15:32:40,833 - INFO - Epoch 51/70 71/77 loss: 0.4851 time 0.32s 
2026-04-25 15:32:41,150 - INFO - Epoch 51/70 72/77 loss: 0.4882 time 0.32s 
2026-04-25 15:32:41,465 - INFO - Epoch 51/70 73/77 loss: 0.4905 time 0.32s 
2026-04-25 15:32:41,781 - INFO - Epoch 51/70 74/77 loss: 0.4889 time 0.32s 
2026-04-25 15:32:42,099 - INFO - Epoch 51/70 75/77 loss: 0.4877 time 0.32s 
2026-04-25 15:32:42,276 - INFO - Epoch 51/70 76/77 loss: 0.4907 time 0.18s 
2026-04-25 15:32:42,366 - INFO - Latest training  51/69 loss: 0.4907 time 25.67s  lr: 1.0000e-04
2026-04-25 15:32:42,367 - INFO - Estimated remaining training time for the current model fold 0 is 0.23 hr, running time 0.68 hr, est total time 0.91 hr 

2026-04-25 15:32:43,403 - INFO - Epoch 52/70 0/77 loss: 0.5327 time 1.03s 
2026-04-25 15:32:43,725 - INFO - Epoch 52/70 1/77 loss: 0.5757 time 0.32s 
2026-04-25 15:32:44,046 - INFO - Epoch 52/70 2/77 loss: 0.4899 time 0.32s 
2026-04-25 15:32:44,367 - INFO - Epoch 52/70 3/77 loss: 0.4485 time 0.32s 
2026-04-25 15:32:44,687 - INFO - Epoch 52/70 4/77 loss: 0.4495 time 0.32s 
2026-04-25 15:32:45,009 - INFO - Epoch 52/70 5/77 loss: 0.4236 time 0.32s 
2026-04-25 15:32:45,330 - INFO - Epoch 52/70 6/77 loss: 0.4419 time 0.32s 
2026-04-25 15:32:45,650 - INFO - Epoch 52/70 7/77 loss: 0.4315 time 0.32s 
2026-04-25 15:32:45,971 - INFO - Epoch 52/70 8/77 loss: 0.4130 time 0.32s 
2026-04-25 15:32:46,291 - INFO - Epoch 52/70 9/77 loss: 0.3912 time 0.32s 
2026-04-25 15:32:46,612 - INFO - Epoch 52/70 10/77 loss: 0.4097 time 0.32s 
2026-04-25 15:32:46,933 - INFO - Epoch 52/70 11/77 loss: 0.4213 time 0.32s 
2026-04-25 15:32:47,254 - INFO - Epoch 52/70 12/77 loss: 0.4148 time 0.32s 
2026-04-25 15:32:47,574 - INFO - Epoch 52/70 13/77 loss: 0.3959 time 0.32s 
2026-04-25 15:32:47,897 - INFO - Epoch 52/70 14/77 loss: 0.3978 time 0.32s 
2026-04-25 15:32:48,219 - INFO - Epoch 52/70 15/77 loss: 0.3982 time 0.32s 
2026-04-25 15:32:48,540 - INFO - Epoch 52/70 16/77 loss: 0.4054 time 0.32s 
2026-04-25 15:32:48,861 - INFO - Epoch 52/70 17/77 loss: 0.4004 time 0.32s 
2026-04-25 15:32:49,181 - INFO - Epoch 52/70 18/77 loss: 0.3975 time 0.32s 
2026-04-25 15:32:49,503 - INFO - Epoch 52/70 19/77 loss: 0.3988 time 0.32s 
2026-04-25 15:32:49,823 - INFO - Epoch 52/70 20/77 loss: 0.4095 time 0.32s 
2026-04-25 15:32:50,148 - INFO - Epoch 52/70 21/77 loss: 0.4123 time 0.32s 
2026-04-25 15:32:50,472 - INFO - Epoch 52/70 22/77 loss: 0.4057 time 0.32s 
2026-04-25 15:32:50,794 - INFO - Epoch 52/70 23/77 loss: 0.4100 time 0.32s 
2026-04-25 15:32:51,115 - INFO - Epoch 52/70 24/77 loss: 0.4046 time 0.32s 
2026-04-25 15:32:51,436 - INFO - Epoch 52/70 25/77 loss: 0.4074 time 0.32s 
2026-04-25 15:32:51,756 - INFO - Epoch 52/70 26/77 loss: 0.4168 time 0.32s 
2026-04-25 15:32:52,080 - INFO - Epoch 52/70 27/77 loss: 0.4150 time 0.32s 
2026-04-25 15:32:52,401 - INFO - Epoch 52/70 28/77 loss: 0.4082 time 0.32s 
2026-04-25 15:32:52,723 - INFO - Epoch 52/70 29/77 loss: 0.4098 time 0.32s 
2026-04-25 15:32:53,048 - INFO - Epoch 52/70 30/77 loss: 0.4079 time 0.32s 
2026-04-25 15:32:53,372 - INFO - Epoch 52/70 31/77 loss: 0.4101 time 0.32s 
2026-04-25 15:32:53,694 - INFO - Epoch 52/70 32/77 loss: 0.4133 time 0.32s 
2026-04-25 15:32:54,017 - INFO - Epoch 52/70 33/77 loss: 0.4121 time 0.32s 
2026-04-25 15:32:54,338 - INFO - Epoch 52/70 34/77 loss: 0.4120 time 0.32s 
2026-04-25 15:32:54,661 - INFO - Epoch 52/70 35/77 loss: 0.4123 time 0.32s 
2026-04-25 15:32:54,984 - INFO - Epoch 52/70 36/77 loss: 0.4175 time 0.32s 
2026-04-25 15:32:55,309 - INFO - Epoch 52/70 37/77 loss: 0.4148 time 0.32s 
2026-04-25 15:32:55,632 - INFO - Epoch 52/70 38/77 loss: 0.4119 time 0.32s 
2026-04-25 15:32:55,957 - INFO - Epoch 52/70 39/77 loss: 0.4130 time 0.33s 
2026-04-25 15:32:56,280 - INFO - Epoch 52/70 40/77 loss: 0.4115 time 0.32s 
2026-04-25 15:32:56,604 - INFO - Epoch 52/70 41/77 loss: 0.4125 time 0.32s 
2026-04-25 15:32:56,928 - INFO - Epoch 52/70 42/77 loss: 0.4120 time 0.32s 
2026-04-25 15:32:57,251 - INFO - Epoch 52/70 43/77 loss: 0.4157 time 0.32s 
2026-04-25 15:32:57,573 - INFO - Epoch 52/70 44/77 loss: 0.4139 time 0.32s 
2026-04-25 15:32:57,895 - INFO - Epoch 52/70 45/77 loss: 0.4199 time 0.32s 
2026-04-25 15:32:58,218 - INFO - Epoch 52/70 46/77 loss: 0.4148 time 0.32s 
2026-04-25 15:32:58,540 - INFO - Epoch 52/70 47/77 loss: 0.4154 time 0.32s 
2026-04-25 15:32:58,864 - INFO - Epoch 52/70 48/77 loss: 0.4144 time 0.32s 
2026-04-25 15:32:59,189 - INFO - Epoch 52/70 49/77 loss: 0.4121 time 0.32s 
2026-04-25 15:32:59,515 - INFO - Epoch 52/70 50/77 loss: 0.4145 time 0.33s 
2026-04-25 15:32:59,841 - INFO - Epoch 52/70 51/77 loss: 0.4169 time 0.33s 
2026-04-25 15:33:00,166 - INFO - Epoch 52/70 52/77 loss: 0.4231 time 0.32s 
2026-04-25 15:33:00,493 - INFO - Epoch 52/70 53/77 loss: 0.4207 time 0.33s 
2026-04-25 15:33:00,817 - INFO - Epoch 52/70 54/77 loss: 0.4187 time 0.32s 
2026-04-25 15:33:01,140 - INFO - Epoch 52/70 55/77 loss: 0.4204 time 0.32s 
2026-04-25 15:33:01,465 - INFO - Epoch 52/70 56/77 loss: 0.4204 time 0.32s 
2026-04-25 15:33:01,788 - INFO - Epoch 52/70 57/77 loss: 0.4200 time 0.32s 
2026-04-25 15:33:02,113 - INFO - Epoch 52/70 58/77 loss: 0.4203 time 0.32s 
2026-04-25 15:33:02,438 - INFO - Epoch 52/70 59/77 loss: 0.4192 time 0.32s 
2026-04-25 15:33:02,761 - INFO - Epoch 52/70 60/77 loss: 0.4201 time 0.32s 
2026-04-25 15:33:03,084 - INFO - Epoch 52/70 61/77 loss: 0.4191 time 0.32s 
2026-04-25 15:33:03,409 - INFO - Epoch 52/70 62/77 loss: 0.4192 time 0.32s 
2026-04-25 15:33:03,733 - INFO - Epoch 52/70 63/77 loss: 0.4176 time 0.32s 
2026-04-25 15:33:04,060 - INFO - Epoch 52/70 64/77 loss: 0.4181 time 0.33s 
2026-04-25 15:33:04,385 - INFO - Epoch 52/70 65/77 loss: 0.4157 time 0.32s 
2026-04-25 15:33:04,710 - INFO - Epoch 52/70 66/77 loss: 0.4174 time 0.33s 
2026-04-25 15:33:05,034 - INFO - Epoch 52/70 67/77 loss: 0.4180 time 0.32s 
2026-04-25 15:33:05,358 - INFO - Epoch 52/70 68/77 loss: 0.4164 time 0.32s 
2026-04-25 15:33:05,677 - INFO - Epoch 52/70 69/77 loss: 0.4196 time 0.32s 
2026-04-25 15:33:05,997 - INFO - Epoch 52/70 70/77 loss: 0.4186 time 0.32s 
2026-04-25 15:33:06,318 - INFO - Epoch 52/70 71/77 loss: 0.4173 time 0.32s 
2026-04-25 15:33:06,637 - INFO - Epoch 52/70 72/77 loss: 0.4147 time 0.32s 
2026-04-25 15:33:06,955 - INFO - Epoch 52/70 73/77 loss: 0.4144 time 0.32s 
2026-04-25 15:33:07,274 - INFO - Epoch 52/70 74/77 loss: 0.4161 time 0.32s 
2026-04-25 15:33:07,592 - INFO - Epoch 52/70 75/77 loss: 0.4164 time 0.32s 
2026-04-25 15:33:07,772 - INFO - Epoch 52/70 76/77 loss: 0.4165 time 0.18s 
2026-04-25 15:33:07,940 - INFO - Latest training  52/69 loss: 0.4165 time 25.57s  lr: 1.0000e-04
2026-04-25 15:33:07,941 - INFO - Estimated remaining training time for the current model fold 0 is 0.22 hr, running time 0.69 hr, est total time 0.91 hr 

2026-04-25 15:33:09,158 - INFO - Epoch 53/70 0/77 loss: 0.3473 time 1.22s 
2026-04-25 15:33:09,487 - INFO - Epoch 53/70 1/77 loss: 0.3915 time 0.33s 
2026-04-25 15:33:09,806 - INFO - Epoch 53/70 2/77 loss: 0.3714 time 0.32s 
2026-04-25 15:33:10,127 - INFO - Epoch 53/70 3/77 loss: 0.4179 time 0.32s 
2026-04-25 15:33:10,449 - INFO - Epoch 53/70 4/77 loss: 0.3817 time 0.32s 
2026-04-25 15:33:10,771 - INFO - Epoch 53/70 5/77 loss: 0.4514 time 0.32s 
2026-04-25 15:33:11,092 - INFO - Epoch 53/70 6/77 loss: 0.4696 time 0.32s 
2026-04-25 15:33:11,416 - INFO - Epoch 53/70 7/77 loss: 0.4466 time 0.32s 
2026-04-25 15:33:11,738 - INFO - Epoch 53/70 8/77 loss: 0.4672 time 0.32s 
2026-04-25 15:33:12,062 - INFO - Epoch 53/70 9/77 loss: 0.4712 time 0.32s 
2026-04-25 15:33:12,384 - INFO - Epoch 53/70 10/77 loss: 0.4750 time 0.32s 
2026-04-25 15:33:12,706 - INFO - Epoch 53/70 11/77 loss: 0.4747 time 0.32s 
2026-04-25 15:33:13,027 - INFO - Epoch 53/70 12/77 loss: 0.4638 time 0.32s 
2026-04-25 15:33:13,346 - INFO - Epoch 53/70 13/77 loss: 0.4844 time 0.32s 
2026-04-25 15:33:13,668 - INFO - Epoch 53/70 14/77 loss: 0.4681 time 0.32s 
2026-04-25 15:33:13,992 - INFO - Epoch 53/70 15/77 loss: 0.4597 time 0.32s 
2026-04-25 15:33:14,314 - INFO - Epoch 53/70 16/77 loss: 0.4839 time 0.32s 
2026-04-25 15:33:14,636 - INFO - Epoch 53/70 17/77 loss: 0.4719 time 0.32s 
2026-04-25 15:33:14,959 - INFO - Epoch 53/70 18/77 loss: 0.4664 time 0.32s 
2026-04-25 15:33:15,289 - INFO - Epoch 53/70 19/77 loss: 0.4654 time 0.33s 
2026-04-25 15:33:15,611 - INFO - Epoch 53/70 20/77 loss: 0.4581 time 0.32s 
2026-04-25 15:33:15,932 - INFO - Epoch 53/70 21/77 loss: 0.4632 time 0.32s 
2026-04-25 15:33:16,252 - INFO - Epoch 53/70 22/77 loss: 0.4647 time 0.32s 
2026-04-25 15:33:16,576 - INFO - Epoch 53/70 23/77 loss: 0.4593 time 0.32s 
2026-04-25 15:33:16,899 - INFO - Epoch 53/70 24/77 loss: 0.4640 time 0.32s 
2026-04-25 15:33:17,223 - INFO - Epoch 53/70 25/77 loss: 0.4685 time 0.32s 
2026-04-25 15:33:17,549 - INFO - Epoch 53/70 26/77 loss: 0.4636 time 0.33s 
2026-04-25 15:33:17,872 - INFO - Epoch 53/70 27/77 loss: 0.4589 time 0.32s 
2026-04-25 15:33:18,193 - INFO - Epoch 53/70 28/77 loss: 0.4623 time 0.32s 
2026-04-25 15:33:18,515 - INFO - Epoch 53/70 29/77 loss: 0.4588 time 0.32s 
2026-04-25 15:33:18,836 - INFO - Epoch 53/70 30/77 loss: 0.4539 time 0.32s 
2026-04-25 15:33:19,158 - INFO - Epoch 53/70 31/77 loss: 0.4450 time 0.32s 
2026-04-25 15:33:19,480 - INFO - Epoch 53/70 32/77 loss: 0.4443 time 0.32s 
2026-04-25 15:33:19,801 - INFO - Epoch 53/70 33/77 loss: 0.4449 time 0.32s 
2026-04-25 15:33:20,124 - INFO - Epoch 53/70 34/77 loss: 0.4428 time 0.32s 
2026-04-25 15:33:20,444 - INFO - Epoch 53/70 35/77 loss: 0.4450 time 0.32s 
2026-04-25 15:33:20,765 - INFO - Epoch 53/70 36/77 loss: 0.4422 time 0.32s 
2026-04-25 15:33:21,086 - INFO - Epoch 53/70 37/77 loss: 0.4461 time 0.32s 
2026-04-25 15:33:21,409 - INFO - Epoch 53/70 38/77 loss: 0.4477 time 0.32s 
2026-04-25 15:33:21,731 - INFO - Epoch 53/70 39/77 loss: 0.4500 time 0.32s 
2026-04-25 15:33:22,054 - INFO - Epoch 53/70 40/77 loss: 0.4484 time 0.32s 
2026-04-25 15:33:22,378 - INFO - Epoch 53/70 41/77 loss: 0.4504 time 0.32s 
2026-04-25 15:33:22,700 - INFO - Epoch 53/70 42/77 loss: 0.4507 time 0.32s 
2026-04-25 15:33:23,019 - INFO - Epoch 53/70 43/77 loss: 0.4513 time 0.32s 
2026-04-25 15:33:23,340 - INFO - Epoch 53/70 44/77 loss: 0.4491 time 0.32s 
2026-04-25 15:33:23,659 - INFO - Epoch 53/70 45/77 loss: 0.4557 time 0.32s 
2026-04-25 15:33:23,982 - INFO - Epoch 53/70 46/77 loss: 0.4605 time 0.32s 
2026-04-25 15:33:24,305 - INFO - Epoch 53/70 47/77 loss: 0.4581 time 0.32s 
2026-04-25 15:33:24,627 - INFO - Epoch 53/70 48/77 loss: 0.4547 time 0.32s 
2026-04-25 15:33:24,947 - INFO - Epoch 53/70 49/77 loss: 0.4516 time 0.32s 
2026-04-25 15:33:25,270 - INFO - Epoch 53/70 50/77 loss: 0.4509 time 0.32s 
2026-04-25 15:33:25,592 - INFO - Epoch 53/70 51/77 loss: 0.4525 time 0.32s 
2026-04-25 15:33:25,912 - INFO - Epoch 53/70 52/77 loss: 0.4512 time 0.32s 
2026-04-25 15:33:26,232 - INFO - Epoch 53/70 53/77 loss: 0.4522 time 0.32s 
2026-04-25 15:33:26,553 - INFO - Epoch 53/70 54/77 loss: 0.4538 time 0.32s 
2026-04-25 15:33:26,875 - INFO - Epoch 53/70 55/77 loss: 0.4550 time 0.32s 
2026-04-25 15:33:27,195 - INFO - Epoch 53/70 56/77 loss: 0.4520 time 0.32s 
2026-04-25 15:33:27,519 - INFO - Epoch 53/70 57/77 loss: 0.4518 time 0.32s 
2026-04-25 15:33:27,841 - INFO - Epoch 53/70 58/77 loss: 0.4482 time 0.32s 
2026-04-25 15:33:28,162 - INFO - Epoch 53/70 59/77 loss: 0.4519 time 0.32s 
2026-04-25 15:33:28,484 - INFO - Epoch 53/70 60/77 loss: 0.4559 time 0.32s 
2026-04-25 15:33:28,805 - INFO - Epoch 53/70 61/77 loss: 0.4527 time 0.32s 
2026-04-25 15:33:29,127 - INFO - Epoch 53/70 62/77 loss: 0.4517 time 0.32s 
2026-04-25 15:33:29,449 - INFO - Epoch 53/70 63/77 loss: 0.4496 time 0.32s 
2026-04-25 15:33:29,770 - INFO - Epoch 53/70 64/77 loss: 0.4516 time 0.32s 
2026-04-25 15:33:30,092 - INFO - Epoch 53/70 65/77 loss: 0.4495 time 0.32s 
2026-04-25 15:33:30,412 - INFO - Epoch 53/70 66/77 loss: 0.4566 time 0.32s 
2026-04-25 15:33:30,735 - INFO - Epoch 53/70 67/77 loss: 0.4544 time 0.32s 
2026-04-25 15:33:31,056 - INFO - Epoch 53/70 68/77 loss: 0.4534 time 0.32s 
2026-04-25 15:33:31,372 - INFO - Epoch 53/70 69/77 loss: 0.4514 time 0.32s 
2026-04-25 15:33:31,692 - INFO - Epoch 53/70 70/77 loss: 0.4524 time 0.32s 
2026-04-25 15:33:32,012 - INFO - Epoch 53/70 71/77 loss: 0.4526 time 0.32s 
2026-04-25 15:33:32,329 - INFO - Epoch 53/70 72/77 loss: 0.4530 time 0.32s 
2026-04-25 15:33:32,645 - INFO - Epoch 53/70 73/77 loss: 0.4530 time 0.32s 
2026-04-25 15:33:32,966 - INFO - Epoch 53/70 74/77 loss: 0.4499 time 0.32s 
2026-04-25 15:33:33,283 - INFO - Epoch 53/70 75/77 loss: 0.4546 time 0.32s 
2026-04-25 15:33:33,460 - INFO - Epoch 53/70 76/77 loss: 0.4553 time 0.18s 
2026-04-25 15:33:33,648 - INFO - Latest training  53/69 loss: 0.4553 time 25.71s  lr: 1.0000e-04
2026-04-25 15:33:33,649 - INFO - Estimated remaining training time for the current model fold 0 is 0.22 hr, running time 0.70 hr, est total time 0.91 hr 

2026-04-25 15:33:34,704 - INFO - Epoch 54/70 0/77 loss: 0.3109 time 1.05s 
2026-04-25 15:33:35,030 - INFO - Epoch 54/70 1/77 loss: 0.3435 time 0.33s 
2026-04-25 15:33:35,352 - INFO - Epoch 54/70 2/77 loss: 0.3316 time 0.32s 
2026-04-25 15:33:35,682 - INFO - Epoch 54/70 3/77 loss: 0.3443 time 0.33s 
2026-04-25 15:33:36,004 - INFO - Epoch 54/70 4/77 loss: 0.4378 time 0.32s 
2026-04-25 15:33:36,325 - INFO - Epoch 54/70 5/77 loss: 0.4080 time 0.32s 
2026-04-25 15:33:36,646 - INFO - Epoch 54/70 6/77 loss: 0.4207 time 0.32s 
2026-04-25 15:33:36,967 - INFO - Epoch 54/70 7/77 loss: 0.4137 time 0.32s 
2026-04-25 15:33:37,289 - INFO - Epoch 54/70 8/77 loss: 0.4355 time 0.32s 
2026-04-25 15:33:37,611 - INFO - Epoch 54/70 9/77 loss: 0.4643 time 0.32s 
2026-04-25 15:33:37,933 - INFO - Epoch 54/70 10/77 loss: 0.4594 time 0.32s 
2026-04-25 15:33:38,255 - INFO - Epoch 54/70 11/77 loss: 0.4626 time 0.32s 
2026-04-25 15:33:38,574 - INFO - Epoch 54/70 12/77 loss: 0.4685 time 0.32s 
2026-04-25 15:33:38,895 - INFO - Epoch 54/70 13/77 loss: 0.4726 time 0.32s 
2026-04-25 15:33:39,216 - INFO - Epoch 54/70 14/77 loss: 0.4664 time 0.32s 
2026-04-25 15:33:39,539 - INFO - Epoch 54/70 15/77 loss: 0.4581 time 0.32s 
2026-04-25 15:33:39,863 - INFO - Epoch 54/70 16/77 loss: 0.4547 time 0.32s 
2026-04-25 15:33:40,184 - INFO - Epoch 54/70 17/77 loss: 0.4476 time 0.32s 
2026-04-25 15:33:40,505 - INFO - Epoch 54/70 18/77 loss: 0.4460 time 0.32s 
2026-04-25 15:33:40,826 - INFO - Epoch 54/70 19/77 loss: 0.4386 time 0.32s 
2026-04-25 15:33:41,147 - INFO - Epoch 54/70 20/77 loss: 0.4409 time 0.32s 
2026-04-25 15:33:41,470 - INFO - Epoch 54/70 21/77 loss: 0.4402 time 0.32s 
2026-04-25 15:33:41,790 - INFO - Epoch 54/70 22/77 loss: 0.4363 time 0.32s 
2026-04-25 15:33:42,110 - INFO - Epoch 54/70 23/77 loss: 0.4423 time 0.32s 
2026-04-25 15:33:42,430 - INFO - Epoch 54/70 24/77 loss: 0.4411 time 0.32s 
2026-04-25 15:33:42,752 - INFO - Epoch 54/70 25/77 loss: 0.4318 time 0.32s 
2026-04-25 15:33:43,074 - INFO - Epoch 54/70 26/77 loss: 0.4352 time 0.32s 
2026-04-25 15:33:43,397 - INFO - Epoch 54/70 27/77 loss: 0.4335 time 0.32s 
2026-04-25 15:33:43,718 - INFO - Epoch 54/70 28/77 loss: 0.4300 time 0.32s 
2026-04-25 15:33:44,040 - INFO - Epoch 54/70 29/77 loss: 0.4248 time 0.32s 
2026-04-25 15:33:44,362 - INFO - Epoch 54/70 30/77 loss: 0.4196 time 0.32s 
2026-04-25 15:33:44,684 - INFO - Epoch 54/70 31/77 loss: 0.4183 time 0.32s 
2026-04-25 15:33:45,008 - INFO - Epoch 54/70 32/77 loss: 0.4237 time 0.32s 
2026-04-25 15:33:45,330 - INFO - Epoch 54/70 33/77 loss: 0.4305 time 0.32s 
2026-04-25 15:33:45,650 - INFO - Epoch 54/70 34/77 loss: 0.4297 time 0.32s 
2026-04-25 15:33:45,972 - INFO - Epoch 54/70 35/77 loss: 0.4354 time 0.32s 
2026-04-25 15:33:46,295 - INFO - Epoch 54/70 36/77 loss: 0.4411 time 0.32s 
2026-04-25 15:33:46,618 - INFO - Epoch 54/70 37/77 loss: 0.4371 time 0.32s 
2026-04-25 15:33:46,940 - INFO - Epoch 54/70 38/77 loss: 0.4342 time 0.32s 
2026-04-25 15:33:47,261 - INFO - Epoch 54/70 39/77 loss: 0.4329 time 0.32s 
2026-04-25 15:33:47,581 - INFO - Epoch 54/70 40/77 loss: 0.4303 time 0.32s 
2026-04-25 15:33:47,905 - INFO - Epoch 54/70 41/77 loss: 0.4322 time 0.32s 
2026-04-25 15:33:48,228 - INFO - Epoch 54/70 42/77 loss: 0.4312 time 0.32s 
2026-04-25 15:33:48,550 - INFO - Epoch 54/70 43/77 loss: 0.4270 time 0.32s 
2026-04-25 15:33:48,871 - INFO - Epoch 54/70 44/77 loss: 0.4273 time 0.32s 
2026-04-25 15:33:49,191 - INFO - Epoch 54/70 45/77 loss: 0.4278 time 0.32s 
2026-04-25 15:33:49,515 - INFO - Epoch 54/70 46/77 loss: 0.4290 time 0.32s 
2026-04-25 15:33:49,837 - INFO - Epoch 54/70 47/77 loss: 0.4243 time 0.32s 
2026-04-25 15:33:50,158 - INFO - Epoch 54/70 48/77 loss: 0.4242 time 0.32s 
2026-04-25 15:33:50,480 - INFO - Epoch 54/70 49/77 loss: 0.4211 time 0.32s 
2026-04-25 15:33:50,800 - INFO - Epoch 54/70 50/77 loss: 0.4210 time 0.32s 
2026-04-25 15:33:51,123 - INFO - Epoch 54/70 51/77 loss: 0.4262 time 0.32s 
2026-04-25 15:33:51,444 - INFO - Epoch 54/70 52/77 loss: 0.4261 time 0.32s 
2026-04-25 15:33:51,769 - INFO - Epoch 54/70 53/77 loss: 0.4267 time 0.32s 
2026-04-25 15:33:52,090 - INFO - Epoch 54/70 54/77 loss: 0.4278 time 0.32s 
2026-04-25 15:33:52,411 - INFO - Epoch 54/70 55/77 loss: 0.4288 time 0.32s 
2026-04-25 15:33:52,731 - INFO - Epoch 54/70 56/77 loss: 0.4281 time 0.32s 
2026-04-25 15:33:53,053 - INFO - Epoch 54/70 57/77 loss: 0.4255 time 0.32s 
2026-04-25 15:33:53,374 - INFO - Epoch 54/70 58/77 loss: 0.4283 time 0.32s 
2026-04-25 15:33:53,694 - INFO - Epoch 54/70 59/77 loss: 0.4293 time 0.32s 
2026-04-25 15:33:54,015 - INFO - Epoch 54/70 60/77 loss: 0.4307 time 0.32s 
2026-04-25 15:33:54,337 - INFO - Epoch 54/70 61/77 loss: 0.4298 time 0.32s 
2026-04-25 15:33:54,659 - INFO - Epoch 54/70 62/77 loss: 0.4285 time 0.32s 
2026-04-25 15:33:54,989 - INFO - Epoch 54/70 63/77 loss: 0.4261 time 0.33s 
2026-04-25 15:33:55,323 - INFO - Epoch 54/70 64/77 loss: 0.4267 time 0.33s 
2026-04-25 15:33:55,651 - INFO - Epoch 54/70 65/77 loss: 0.4273 time 0.33s 
2026-04-25 15:33:55,974 - INFO - Epoch 54/70 66/77 loss: 0.4264 time 0.32s 
2026-04-25 15:33:56,301 - INFO - Epoch 54/70 67/77 loss: 0.4325 time 0.33s 
2026-04-25 15:33:56,623 - INFO - Epoch 54/70 68/77 loss: 0.4375 time 0.32s 
2026-04-25 15:33:56,943 - INFO - Epoch 54/70 69/77 loss: 0.4393 time 0.32s 
2026-04-25 15:33:57,261 - INFO - Epoch 54/70 70/77 loss: 0.4397 time 0.32s 
2026-04-25 15:33:57,579 - INFO - Epoch 54/70 71/77 loss: 0.4390 time 0.32s 
2026-04-25 15:33:57,897 - INFO - Epoch 54/70 72/77 loss: 0.4403 time 0.32s 
2026-04-25 15:33:58,215 - INFO - Epoch 54/70 73/77 loss: 0.4422 time 0.32s 
2026-04-25 15:33:58,534 - INFO - Epoch 54/70 74/77 loss: 0.4423 time 0.32s 
2026-04-25 15:33:58,852 - INFO - Epoch 54/70 75/77 loss: 0.4415 time 0.32s 
2026-04-25 15:33:59,031 - INFO - Epoch 54/70 76/77 loss: 0.4416 time 0.18s 
2026-04-25 15:33:59,230 - INFO - Latest training  54/69 loss: 0.4416 time 25.58s  lr: 1.0000e-04
2026-04-25 15:34:04,682 - INFO - Val 54/70 0/30 loss: 0.9245 acc 0.6022099447513812  time 5.44s
2026-04-25 15:34:08,225 - INFO - Val 54/70 1/30 loss: 0.6083 acc 0.7306791569086651  time 3.54s
2026-04-25 15:34:11,856 - INFO - Val 54/70 2/30 loss: 0.5641 acc 0.7917888563049853  time 3.63s
2026-04-25 15:34:15,355 - INFO - Val 54/70 3/30 loss: 0.3391 acc 0.8210862619808307  time 3.50s
2026-04-25 15:34:18,897 - INFO - Val 54/70 4/30 loss: 0.4619 acc 0.6897133220910624  time 3.54s
2026-04-25 15:34:22,577 - INFO - Val 54/70 5/30 loss: 0.6240 acc 0.8584795321637427  time 3.68s
2026-04-25 15:34:26,205 - INFO - Val 54/70 6/30 loss: 0.6013 acc 0.784992784992785  time 3.63s
2026-04-25 15:34:29,738 - INFO - Val 54/70 7/30 loss: 0.2691 acc 0.9050632911392406  time 3.53s
2026-04-25 15:34:33,401 - INFO - Val 54/70 8/30 loss: 0.8217 acc 0.7958179581795818  time 3.66s
2026-04-25 15:34:37,024 - INFO - Val 54/70 9/30 loss: 0.4836 acc 0.8601503759398497  time 3.62s
2026-04-25 15:34:40,556 - INFO - Val 54/70 10/30 loss: 0.2889 acc 0.8962765957446809  time 3.53s
2026-04-25 15:34:44,103 - INFO - Val 54/70 11/30 loss: 0.4626 acc 0.802660753880266  time 3.55s
2026-04-25 15:34:47,694 - INFO - Val 54/70 12/30 loss: 0.3420 acc 0.7627737226277372  time 3.59s
2026-04-25 15:34:51,442 - INFO - Val 54/70 13/30 loss: 0.5252 acc 0.8480825958702065  time 3.75s
2026-04-25 15:34:55,042 - INFO - Val 54/70 14/30 loss: 0.2242 acc 0.7932203389830509  time 3.60s
2026-04-25 15:34:58,671 - INFO - Val 54/70 15/30 loss: 0.3472 acc 0.8244111349036403  time 3.63s
2026-04-25 15:35:02,423 - INFO - Val 54/70 16/30 loss: 0.7243 acc 0.7803547066848567  time 3.75s
2026-04-25 15:35:06,114 - INFO - Val 54/70 17/30 loss: 0.4940 acc 0.7540687160940326  time 3.69s
2026-04-25 15:35:09,748 - INFO - Val 54/70 18/30 loss: 0.7413 acc 0.6137254901960785  time 3.63s
2026-04-25 15:35:13,416 - INFO - Val 54/70 19/30 loss: 0.4367 acc 0.8164948453608247  time 3.67s
2026-04-25 15:35:17,097 - INFO - Val 54/70 20/30 loss: 0.2964 acc 0.8934579439252337  time 3.68s
2026-04-25 15:35:20,771 - INFO - Val 54/70 21/30 loss: 0.2671 acc 0.9026217228464419  time 3.67s
2026-04-25 15:35:24,330 - INFO - Val 54/70 22/30 loss: 0.2005 acc 0.8192307692307692  time 3.56s
2026-04-25 15:35:28,125 - INFO - Val 54/70 23/30 loss: 0.5584 acc 0.8394366197183099  time 3.80s
2026-04-25 15:35:31,797 - INFO - Val 54/70 24/30 loss: 0.2965 acc 0.8742268041237113  time 3.67s
2026-04-25 15:35:35,414 - INFO - Val 54/70 25/30 loss: 0.3570 acc 0.7487179487179487  time 3.62s
2026-04-25 15:35:39,303 - INFO - Val 54/70 26/30 loss: 0.8229 acc 0.818087318087318  time 3.89s
2026-04-25 15:35:42,921 - INFO - Val 54/70 27/30 loss: 0.5640 acc 0.6839080459770115  time 3.60s
2026-04-25 15:35:46,657 - INFO - Val 54/70 28/30 loss: 0.5979 acc 0.7923186344238976  time 3.74s
2026-04-25 15:35:50,264 - INFO - Val 54/70 29/30 loss: 0.3745 acc 0.7608695652173914  time 3.61s
2026-04-25 15:35:50,339 - INFO - Latest validation 54/69 loss: 0.4873 acc_avg: 0.7955 acc: 0.7954975962638855 time: 111.11s
2026-04-25 15:35:54,089 - INFO - Saving checkpoint process: ./models/puma/model_final.pt, {'epoch': 54, 'best_metric': 0.7954975962638855}, save_time 3.74s
2026-04-25 15:35:54,089 - INFO - Estimated remaining training time for the current model fold 0 is 0.18 hr, running time 0.74 hr, est total time 0.91 hr 

2026-04-25 15:35:55,198 - INFO - Epoch 55/70 0/77 loss: 0.4072 time 1.11s 
2026-04-25 15:35:55,523 - INFO - Epoch 55/70 1/77 loss: 0.4193 time 0.32s 
2026-04-25 15:35:55,848 - INFO - Epoch 55/70 2/77 loss: 0.3989 time 0.33s 
2026-04-25 15:35:56,168 - INFO - Epoch 55/70 3/77 loss: 0.3973 time 0.32s 
2026-04-25 15:35:56,489 - INFO - Epoch 55/70 4/77 loss: 0.3861 time 0.32s 
2026-04-25 15:35:56,811 - INFO - Epoch 55/70 5/77 loss: 0.3627 time 0.32s 
2026-04-25 15:35:57,134 - INFO - Epoch 55/70 6/77 loss: 0.3508 time 0.32s 
2026-04-25 15:35:57,457 - INFO - Epoch 55/70 7/77 loss: 0.3675 time 0.32s 
2026-04-25 15:35:57,779 - INFO - Epoch 55/70 8/77 loss: 0.3652 time 0.32s 
2026-04-25 15:35:58,106 - INFO - Epoch 55/70 9/77 loss: 0.3597 time 0.33s 
2026-04-25 15:35:58,428 - INFO - Epoch 55/70 10/77 loss: 0.3612 time 0.32s 
2026-04-25 15:35:58,751 - INFO - Epoch 55/70 11/77 loss: 0.3738 time 0.32s 
2026-04-25 15:35:59,072 - INFO - Epoch 55/70 12/77 loss: 0.3834 time 0.32s 
2026-04-25 15:35:59,393 - INFO - Epoch 55/70 13/77 loss: 0.3997 time 0.32s 
2026-04-25 15:35:59,719 - INFO - Epoch 55/70 14/77 loss: 0.4164 time 0.33s 
2026-04-25 15:36:00,039 - INFO - Epoch 55/70 15/77 loss: 0.4251 time 0.32s 
2026-04-25 15:36:00,359 - INFO - Epoch 55/70 16/77 loss: 0.4242 time 0.32s 
2026-04-25 15:36:00,680 - INFO - Epoch 55/70 17/77 loss: 0.4261 time 0.32s 
2026-04-25 15:36:01,003 - INFO - Epoch 55/70 18/77 loss: 0.4156 time 0.32s 
2026-04-25 15:36:01,326 - INFO - Epoch 55/70 19/77 loss: 0.4154 time 0.32s 
2026-04-25 15:36:01,647 - INFO - Epoch 55/70 20/77 loss: 0.4095 time 0.32s 
2026-04-25 15:36:01,969 - INFO - Epoch 55/70 21/77 loss: 0.4240 time 0.32s 
2026-04-25 15:36:02,290 - INFO - Epoch 55/70 22/77 loss: 0.4339 time 0.32s 
2026-04-25 15:36:02,612 - INFO - Epoch 55/70 23/77 loss: 0.4360 time 0.32s 
2026-04-25 15:36:02,934 - INFO - Epoch 55/70 24/77 loss: 0.4411 time 0.32s 
2026-04-25 15:36:03,256 - INFO - Epoch 55/70 25/77 loss: 0.4577 time 0.32s 
2026-04-25 15:36:03,578 - INFO - Epoch 55/70 26/77 loss: 0.4584 time 0.32s 
2026-04-25 15:36:03,899 - INFO - Epoch 55/70 27/77 loss: 0.4557 time 0.32s 
2026-04-25 15:36:04,221 - INFO - Epoch 55/70 28/77 loss: 0.4542 time 0.32s 
2026-04-25 15:36:04,544 - INFO - Epoch 55/70 29/77 loss: 0.4535 time 0.32s 
2026-04-25 15:36:04,867 - INFO - Epoch 55/70 30/77 loss: 0.4519 time 0.32s 
2026-04-25 15:36:05,187 - INFO - Epoch 55/70 31/77 loss: 0.4517 time 0.32s 
2026-04-25 15:36:05,511 - INFO - Epoch 55/70 32/77 loss: 0.4497 time 0.32s 
2026-04-25 15:36:05,833 - INFO - Epoch 55/70 33/77 loss: 0.4489 time 0.32s 
2026-04-25 15:36:06,153 - INFO - Epoch 55/70 34/77 loss: 0.4519 time 0.32s 
2026-04-25 15:36:06,476 - INFO - Epoch 55/70 35/77 loss: 0.4496 time 0.32s 
2026-04-25 15:36:06,796 - INFO - Epoch 55/70 36/77 loss: 0.4511 time 0.32s 
2026-04-25 15:36:07,119 - INFO - Epoch 55/70 37/77 loss: 0.4450 time 0.32s 
2026-04-25 15:36:07,440 - INFO - Epoch 55/70 38/77 loss: 0.4546 time 0.32s 
2026-04-25 15:36:07,763 - INFO - Epoch 55/70 39/77 loss: 0.4599 time 0.32s 
2026-04-25 15:36:08,084 - INFO - Epoch 55/70 40/77 loss: 0.4625 time 0.32s 
2026-04-25 15:36:08,405 - INFO - Epoch 55/70 41/77 loss: 0.4626 time 0.32s 
2026-04-25 15:36:08,729 - INFO - Epoch 55/70 42/77 loss: 0.4600 time 0.32s 
2026-04-25 15:36:09,054 - INFO - Epoch 55/70 43/77 loss: 0.4618 time 0.32s 
2026-04-25 15:36:09,375 - INFO - Epoch 55/70 44/77 loss: 0.4618 time 0.32s 
2026-04-25 15:36:09,696 - INFO - Epoch 55/70 45/77 loss: 0.4587 time 0.32s 
2026-04-25 15:36:10,018 - INFO - Epoch 55/70 46/77 loss: 0.4564 time 0.32s 
2026-04-25 15:36:10,340 - INFO - Epoch 55/70 47/77 loss: 0.4603 time 0.32s 
2026-04-25 15:36:10,661 - INFO - Epoch 55/70 48/77 loss: 0.4622 time 0.32s 
2026-04-25 15:36:10,982 - INFO - Epoch 55/70 49/77 loss: 0.4597 time 0.32s 
2026-04-25 15:36:11,303 - INFO - Epoch 55/70 50/77 loss: 0.4577 time 0.32s 
2026-04-25 15:36:11,625 - INFO - Epoch 55/70 51/77 loss: 0.4553 time 0.32s 
2026-04-25 15:36:11,947 - INFO - Epoch 55/70 52/77 loss: 0.4574 time 0.32s 
2026-04-25 15:36:12,270 - INFO - Epoch 55/70 53/77 loss: 0.4579 time 0.32s 
2026-04-25 15:36:12,590 - INFO - Epoch 55/70 54/77 loss: 0.4583 time 0.32s 
2026-04-25 15:36:12,911 - INFO - Epoch 55/70 55/77 loss: 0.4576 time 0.32s 
2026-04-25 15:36:13,233 - INFO - Epoch 55/70 56/77 loss: 0.4624 time 0.32s 
2026-04-25 15:36:13,554 - INFO - Epoch 55/70 57/77 loss: 0.4604 time 0.32s 
2026-04-25 15:36:13,875 - INFO - Epoch 55/70 58/77 loss: 0.4584 time 0.32s 
2026-04-25 15:36:14,197 - INFO - Epoch 55/70 59/77 loss: 0.4570 time 0.32s 
2026-04-25 15:36:14,518 - INFO - Epoch 55/70 60/77 loss: 0.4561 time 0.32s 
2026-04-25 15:36:14,841 - INFO - Epoch 55/70 61/77 loss: 0.4613 time 0.32s 
2026-04-25 15:36:15,164 - INFO - Epoch 55/70 62/77 loss: 0.4648 time 0.32s 
2026-04-25 15:36:15,486 - INFO - Epoch 55/70 63/77 loss: 0.4633 time 0.32s 
2026-04-25 15:36:15,807 - INFO - Epoch 55/70 64/77 loss: 0.4612 time 0.32s 
2026-04-25 15:36:16,129 - INFO - Epoch 55/70 65/77 loss: 0.4592 time 0.32s 
2026-04-25 15:36:16,450 - INFO - Epoch 55/70 66/77 loss: 0.4584 time 0.32s 
2026-04-25 15:36:16,772 - INFO - Epoch 55/70 67/77 loss: 0.4570 time 0.32s 
2026-04-25 15:36:17,093 - INFO - Epoch 55/70 68/77 loss: 0.4652 time 0.32s 
2026-04-25 15:36:17,410 - INFO - Epoch 55/70 69/77 loss: 0.4678 time 0.32s 
2026-04-25 15:36:17,729 - INFO - Epoch 55/70 70/77 loss: 0.4679 time 0.32s 
2026-04-25 15:36:18,045 - INFO - Epoch 55/70 71/77 loss: 0.4695 time 0.32s 
2026-04-25 15:36:18,363 - INFO - Epoch 55/70 72/77 loss: 0.4683 time 0.32s 
2026-04-25 15:36:18,681 - INFO - Epoch 55/70 73/77 loss: 0.4664 time 0.32s 
2026-04-25 15:36:18,998 - INFO - Epoch 55/70 74/77 loss: 0.4655 time 0.32s 
2026-04-25 15:36:19,316 - INFO - Epoch 55/70 75/77 loss: 0.4648 time 0.32s 
2026-04-25 15:36:19,550 - INFO - Epoch 55/70 76/77 loss: 0.4646 time 0.23s 
2026-04-25 15:36:19,630 - INFO - Latest training  55/69 loss: 0.4646 time 25.54s  lr: 1.0000e-04
2026-04-25 15:36:19,631 - INFO - Estimated remaining training time for the current model fold 0 is 0.17 hr, running time 0.74 hr, est total time 0.91 hr 

2026-04-25 15:36:20,644 - INFO - Epoch 56/70 0/77 loss: 0.3956 time 1.01s 
2026-04-25 15:36:20,967 - INFO - Epoch 56/70 1/77 loss: 0.4258 time 0.32s 
2026-04-25 15:36:21,289 - INFO - Epoch 56/70 2/77 loss: 0.4095 time 0.32s 
2026-04-25 15:36:21,614 - INFO - Epoch 56/70 3/77 loss: 0.6292 time 0.32s 
2026-04-25 15:36:21,936 - INFO - Epoch 56/70 4/77 loss: 0.5823 time 0.32s 
2026-04-25 15:36:22,259 - INFO - Epoch 56/70 5/77 loss: 0.5457 time 0.32s 
2026-04-25 15:36:22,578 - INFO - Epoch 56/70 6/77 loss: 0.5152 time 0.32s 
2026-04-25 15:36:22,899 - INFO - Epoch 56/70 7/77 loss: 0.4961 time 0.32s 
2026-04-25 15:36:23,220 - INFO - Epoch 56/70 8/77 loss: 0.4709 time 0.32s 
2026-04-25 15:36:23,544 - INFO - Epoch 56/70 9/77 loss: 0.4731 time 0.32s 
2026-04-25 15:36:23,867 - INFO - Epoch 56/70 10/77 loss: 0.4657 time 0.32s 
2026-04-25 15:36:24,188 - INFO - Epoch 56/70 11/77 loss: 0.4585 time 0.32s 
2026-04-25 15:36:24,509 - INFO - Epoch 56/70 12/77 loss: 0.4596 time 0.32s 
2026-04-25 15:36:24,830 - INFO - Epoch 56/70 13/77 loss: 0.4735 time 0.32s 
2026-04-25 15:36:25,151 - INFO - Epoch 56/70 14/77 loss: 0.4787 time 0.32s 
2026-04-25 15:36:25,471 - INFO - Epoch 56/70 15/77 loss: 0.4848 time 0.32s 
2026-04-25 15:36:25,793 - INFO - Epoch 56/70 16/77 loss: 0.4791 time 0.32s 
2026-04-25 15:36:26,115 - INFO - Epoch 56/70 17/77 loss: 0.4713 time 0.32s 
2026-04-25 15:36:26,437 - INFO - Epoch 56/70 18/77 loss: 0.4605 time 0.32s 
2026-04-25 15:36:26,756 - INFO - Epoch 56/70 19/77 loss: 0.4532 time 0.32s 
2026-04-25 15:36:27,077 - INFO - Epoch 56/70 20/77 loss: 0.4765 time 0.32s 
2026-04-25 15:36:27,398 - INFO - Epoch 56/70 21/77 loss: 0.4745 time 0.32s 
2026-04-25 15:36:27,720 - INFO - Epoch 56/70 22/77 loss: 0.4642 time 0.32s 
2026-04-25 15:36:28,041 - INFO - Epoch 56/70 23/77 loss: 0.4632 time 0.32s 
2026-04-25 15:36:28,363 - INFO - Epoch 56/70 24/77 loss: 0.4789 time 0.32s 
2026-04-25 15:36:28,685 - INFO - Epoch 56/70 25/77 loss: 0.4769 time 0.32s 
2026-04-25 15:36:29,005 - INFO - Epoch 56/70 26/77 loss: 0.4804 time 0.32s 
2026-04-25 15:36:29,327 - INFO - Epoch 56/70 27/77 loss: 0.4798 time 0.32s 
2026-04-25 15:36:29,649 - INFO - Epoch 56/70 28/77 loss: 0.4763 time 0.32s 
2026-04-25 15:36:29,970 - INFO - Epoch 56/70 29/77 loss: 0.4974 time 0.32s 
2026-04-25 15:36:30,291 - INFO - Epoch 56/70 30/77 loss: 0.4921 time 0.32s 
2026-04-25 15:36:30,613 - INFO - Epoch 56/70 31/77 loss: 0.4989 time 0.32s 
2026-04-25 15:36:30,934 - INFO - Epoch 56/70 32/77 loss: 0.4996 time 0.32s 
2026-04-25 15:36:31,256 - INFO - Epoch 56/70 33/77 loss: 0.5029 time 0.32s 
2026-04-25 15:36:31,578 - INFO - Epoch 56/70 34/77 loss: 0.4989 time 0.32s 
2026-04-25 15:36:31,900 - INFO - Epoch 56/70 35/77 loss: 0.5007 time 0.32s 
2026-04-25 15:36:32,222 - INFO - Epoch 56/70 36/77 loss: 0.5044 time 0.32s 
2026-04-25 15:36:32,546 - INFO - Epoch 56/70 37/77 loss: 0.4998 time 0.32s 
2026-04-25 15:36:32,870 - INFO - Epoch 56/70 38/77 loss: 0.4957 time 0.32s 
2026-04-25 15:36:33,190 - INFO - Epoch 56/70 39/77 loss: 0.4952 time 0.32s 
2026-04-25 15:36:33,510 - INFO - Epoch 56/70 40/77 loss: 0.5047 time 0.32s 
2026-04-25 15:36:33,830 - INFO - Epoch 56/70 41/77 loss: 0.5013 time 0.32s 
2026-04-25 15:36:34,151 - INFO - Epoch 56/70 42/77 loss: 0.4976 time 0.32s 
2026-04-25 15:36:34,472 - INFO - Epoch 56/70 43/77 loss: 0.4914 time 0.32s 
2026-04-25 15:36:34,793 - INFO - Epoch 56/70 44/77 loss: 0.4880 time 0.32s 
2026-04-25 15:36:35,115 - INFO - Epoch 56/70 45/77 loss: 0.4908 time 0.32s 
2026-04-25 15:36:35,436 - INFO - Epoch 56/70 46/77 loss: 0.4889 time 0.32s 
2026-04-25 15:36:35,761 - INFO - Epoch 56/70 47/77 loss: 0.4870 time 0.32s 
2026-04-25 15:36:37,727 - INFO - Epoch 56/70 48/77 loss: 0.4863 time 0.32s 
2026-04-25 15:36:38,048 - INFO - Epoch 56/70 49/77 loss: 0.4860 time 0.32s 
2026-04-25 15:36:38,368 - INFO - Epoch 56/70 50/77 loss: 0.4849 time 0.32s 
2026-04-25 15:36:38,689 - INFO - Epoch 56/70 51/77 loss: 0.4833 time 0.32s 
2026-04-25 15:36:39,012 - INFO - Epoch 56/70 52/77 loss: 0.4805 time 0.32s 
2026-04-25 15:36:39,333 - INFO - Epoch 56/70 53/77 loss: 0.4818 time 0.32s 
2026-04-25 15:36:39,653 - INFO - Epoch 56/70 54/77 loss: 0.4805 time 0.32s 
2026-04-25 15:36:39,973 - INFO - Epoch 56/70 55/77 loss: 0.4767 time 0.32s 
2026-04-25 15:36:40,294 - INFO - Epoch 56/70 56/77 loss: 0.4741 time 0.32s 
2026-04-25 15:36:40,615 - INFO - Epoch 56/70 57/77 loss: 0.4741 time 0.32s 
2026-04-25 15:36:40,937 - INFO - Epoch 56/70 58/77 loss: 0.4755 time 0.32s 
2026-04-25 15:36:41,260 - INFO - Epoch 56/70 59/77 loss: 0.4762 time 0.32s 
2026-04-25 15:36:41,581 - INFO - Epoch 56/70 60/77 loss: 0.4779 time 0.32s 
2026-04-25 15:36:41,901 - INFO - Epoch 56/70 61/77 loss: 0.4770 time 0.32s 
2026-04-25 15:36:42,222 - INFO - Epoch 56/70 62/77 loss: 0.4772 time 0.32s 
2026-04-25 15:36:42,543 - INFO - Epoch 56/70 63/77 loss: 0.4782 time 0.32s 
2026-04-25 15:36:42,946 - INFO - Epoch 56/70 64/77 loss: 0.4812 time 0.32s 
2026-04-25 15:36:43,265 - INFO - Epoch 56/70 65/77 loss: 0.4780 time 0.32s 
2026-04-25 15:36:43,586 - INFO - Epoch 56/70 66/77 loss: 0.4758 time 0.32s 
2026-04-25 15:36:43,909 - INFO - Epoch 56/70 67/77 loss: 0.4742 time 0.32s 
2026-04-25 15:36:44,230 - INFO - Epoch 56/70 68/77 loss: 0.4715 time 0.32s 
2026-04-25 15:36:44,549 - INFO - Epoch 56/70 69/77 loss: 0.4727 time 0.32s 
2026-04-25 15:36:44,869 - INFO - Epoch 56/70 70/77 loss: 0.4763 time 0.32s 
2026-04-25 15:36:45,186 - INFO - Epoch 56/70 71/77 loss: 0.4747 time 0.32s 
2026-04-25 15:36:45,504 - INFO - Epoch 56/70 72/77 loss: 0.4722 time 0.32s 
2026-04-25 15:36:45,821 - INFO - Epoch 56/70 73/77 loss: 0.4711 time 0.32s 
2026-04-25 15:36:46,138 - INFO - Epoch 56/70 74/77 loss: 0.4735 time 0.32s 
2026-04-25 15:36:46,456 - INFO - Epoch 56/70 75/77 loss: 0.4803 time 0.32s 
2026-04-25 15:36:46,634 - INFO - Epoch 56/70 76/77 loss: 0.4823 time 0.18s 
2026-04-25 15:36:46,825 - INFO - Latest training  56/69 loss: 0.4823 time 27.19s  lr: 1.0000e-04
2026-04-25 15:36:46,827 - INFO - Estimated remaining training time for the current model fold 0 is 0.17 hr, running time 0.75 hr, est total time 0.92 hr 

2026-04-25 15:36:48,798 - INFO - Epoch 57/70 0/77 loss: 0.5703 time 1.97s 
2026-04-25 15:36:49,121 - INFO - Epoch 57/70 1/77 loss: 0.6838 time 0.32s 
2026-04-25 15:36:49,447 - INFO - Epoch 57/70 2/77 loss: 0.5698 time 0.33s 
2026-04-25 15:36:49,769 - INFO - Epoch 57/70 3/77 loss: 0.5687 time 0.32s 
2026-04-25 15:36:50,090 - INFO - Epoch 57/70 4/77 loss: 0.5500 time 0.32s 
2026-04-25 15:36:50,411 - INFO - Epoch 57/70 5/77 loss: 0.5094 time 0.32s 
2026-04-25 15:36:50,733 - INFO - Epoch 57/70 6/77 loss: 0.4789 time 0.32s 
2026-04-25 15:36:51,055 - INFO - Epoch 57/70 7/77 loss: 0.4599 time 0.32s 
2026-04-25 15:36:51,375 - INFO - Epoch 57/70 8/77 loss: 0.4721 time 0.32s 
2026-04-25 15:36:51,695 - INFO - Epoch 57/70 9/77 loss: 0.4671 time 0.32s 
2026-04-25 15:36:52,015 - INFO - Epoch 57/70 10/77 loss: 0.4625 time 0.32s 
2026-04-25 15:36:52,336 - INFO - Epoch 57/70 11/77 loss: 0.4557 time 0.32s 
2026-04-25 15:36:52,656 - INFO - Epoch 57/70 12/77 loss: 0.4432 time 0.32s 
2026-04-25 15:36:52,980 - INFO - Epoch 57/70 13/77 loss: 0.4420 time 0.32s 
2026-04-25 15:36:53,301 - INFO - Epoch 57/70 14/77 loss: 0.4393 time 0.32s 
2026-04-25 15:36:53,621 - INFO - Epoch 57/70 15/77 loss: 0.4345 time 0.32s 
2026-04-25 15:36:53,940 - INFO - Epoch 57/70 16/77 loss: 0.4298 time 0.32s 
2026-04-25 15:36:54,259 - INFO - Epoch 57/70 17/77 loss: 0.4251 time 0.32s 
2026-04-25 15:36:54,579 - INFO - Epoch 57/70 18/77 loss: 0.4231 time 0.32s 
2026-04-25 15:36:54,903 - INFO - Epoch 57/70 19/77 loss: 0.4082 time 0.32s 
2026-04-25 15:36:55,222 - INFO - Epoch 57/70 20/77 loss: 0.4089 time 0.32s 
2026-04-25 15:36:55,545 - INFO - Epoch 57/70 21/77 loss: 0.4061 time 0.32s 
2026-04-25 15:36:55,865 - INFO - Epoch 57/70 22/77 loss: 0.4138 time 0.32s 
2026-04-25 15:36:56,185 - INFO - Epoch 57/70 23/77 loss: 0.4093 time 0.32s 
2026-04-25 15:36:56,506 - INFO - Epoch 57/70 24/77 loss: 0.4249 time 0.32s 
2026-04-25 15:36:56,827 - INFO - Epoch 57/70 25/77 loss: 0.4310 time 0.32s 
2026-04-25 15:36:57,147 - INFO - Epoch 57/70 26/77 loss: 0.4279 time 0.32s 
2026-04-25 15:36:57,469 - INFO - Epoch 57/70 27/77 loss: 0.4253 time 0.32s 
2026-04-25 15:36:57,789 - INFO - Epoch 57/70 28/77 loss: 0.4324 time 0.32s 
2026-04-25 15:36:58,113 - INFO - Epoch 57/70 29/77 loss: 0.4297 time 0.32s 
2026-04-25 15:36:58,433 - INFO - Epoch 57/70 30/77 loss: 0.4257 time 0.32s 
2026-04-25 15:36:58,752 - INFO - Epoch 57/70 31/77 loss: 0.4266 time 0.32s 
2026-04-25 15:36:59,072 - INFO - Epoch 57/70 32/77 loss: 0.4286 time 0.32s 
2026-04-25 15:36:59,396 - INFO - Epoch 57/70 33/77 loss: 0.4353 time 0.32s 
2026-04-25 15:36:59,720 - INFO - Epoch 57/70 34/77 loss: 0.4391 time 0.32s 
2026-04-25 15:37:00,041 - INFO - Epoch 57/70 35/77 loss: 0.4436 time 0.32s 
2026-04-25 15:37:00,361 - INFO - Epoch 57/70 36/77 loss: 0.4457 time 0.32s 
2026-04-25 15:37:00,682 - INFO - Epoch 57/70 37/77 loss: 0.4429 time 0.32s 
2026-04-25 15:37:01,005 - INFO - Epoch 57/70 38/77 loss: 0.4387 time 0.32s 
2026-04-25 15:37:01,326 - INFO - Epoch 57/70 39/77 loss: 0.4342 time 0.32s 
2026-04-25 15:37:01,645 - INFO - Epoch 57/70 40/77 loss: 0.4368 time 0.32s 
2026-04-25 15:37:01,967 - INFO - Epoch 57/70 41/77 loss: 0.4418 time 0.32s 
2026-04-25 15:37:02,288 - INFO - Epoch 57/70 42/77 loss: 0.4417 time 0.32s 
2026-04-25 15:37:02,607 - INFO - Epoch 57/70 43/77 loss: 0.4400 time 0.32s 
2026-04-25 15:37:02,928 - INFO - Epoch 57/70 44/77 loss: 0.4361 time 0.32s 
2026-04-25 15:37:03,251 - INFO - Epoch 57/70 45/77 loss: 0.4383 time 0.32s 
2026-04-25 15:37:03,572 - INFO - Epoch 57/70 46/77 loss: 0.4392 time 0.32s 
2026-04-25 15:37:03,894 - INFO - Epoch 57/70 47/77 loss: 0.4398 time 0.32s 
2026-04-25 15:37:04,216 - INFO - Epoch 57/70 48/77 loss: 0.4414 time 0.32s 
2026-04-25 15:37:04,537 - INFO - Epoch 57/70 49/77 loss: 0.4425 time 0.32s 
2026-04-25 15:37:04,858 - INFO - Epoch 57/70 50/77 loss: 0.4450 time 0.32s 
2026-04-25 15:37:05,179 - INFO - Epoch 57/70 51/77 loss: 0.4411 time 0.32s 
2026-04-25 15:37:05,501 - INFO - Epoch 57/70 52/77 loss: 0.4491 time 0.32s 
2026-04-25 15:37:05,823 - INFO - Epoch 57/70 53/77 loss: 0.4503 time 0.32s 
2026-04-25 15:37:06,145 - INFO - Epoch 57/70 54/77 loss: 0.4499 time 0.32s 
2026-04-25 15:37:06,465 - INFO - Epoch 57/70 55/77 loss: 0.4489 time 0.32s 
2026-04-25 15:37:06,786 - INFO - Epoch 57/70 56/77 loss: 0.4476 time 0.32s 
2026-04-25 15:37:07,108 - INFO - Epoch 57/70 57/77 loss: 0.4452 time 0.32s 
2026-04-25 15:37:07,427 - INFO - Epoch 57/70 58/77 loss: 0.4428 time 0.32s 
2026-04-25 15:37:07,748 - INFO - Epoch 57/70 59/77 loss: 0.4402 time 0.32s 
2026-04-25 15:37:08,070 - INFO - Epoch 57/70 60/77 loss: 0.4365 time 0.32s 
2026-04-25 15:37:08,390 - INFO - Epoch 57/70 61/77 loss: 0.4394 time 0.32s 
2026-04-25 15:37:08,712 - INFO - Epoch 57/70 62/77 loss: 0.4416 time 0.32s 
2026-04-25 15:37:09,032 - INFO - Epoch 57/70 63/77 loss: 0.4477 time 0.32s 
2026-04-25 15:37:09,353 - INFO - Epoch 57/70 64/77 loss: 0.4438 time 0.32s 
2026-04-25 15:37:09,677 - INFO - Epoch 57/70 65/77 loss: 0.4446 time 0.32s 
2026-04-25 15:37:09,997 - INFO - Epoch 57/70 66/77 loss: 0.4533 time 0.32s 
2026-04-25 15:37:10,318 - INFO - Epoch 57/70 67/77 loss: 0.4529 time 0.32s 
2026-04-25 15:37:10,638 - INFO - Epoch 57/70 68/77 loss: 0.4517 time 0.32s 
2026-04-25 15:37:10,956 - INFO - Epoch 57/70 69/77 loss: 0.4489 time 0.32s 
2026-04-25 15:37:11,274 - INFO - Epoch 57/70 70/77 loss: 0.4470 time 0.32s 
2026-04-25 15:37:11,592 - INFO - Epoch 57/70 71/77 loss: 0.4429 time 0.32s 
2026-04-25 15:37:11,911 - INFO - Epoch 57/70 72/77 loss: 0.4437 time 0.32s 
2026-04-25 15:37:12,230 - INFO - Epoch 57/70 73/77 loss: 0.4432 time 0.32s 
2026-04-25 15:37:12,549 - INFO - Epoch 57/70 74/77 loss: 0.4463 time 0.32s 
2026-04-25 15:37:12,866 - INFO - Epoch 57/70 75/77 loss: 0.4460 time 0.32s 
2026-04-25 15:37:13,044 - INFO - Epoch 57/70 76/77 loss: 0.4470 time 0.18s 
2026-04-25 15:37:13,139 - INFO - Latest training  57/69 loss: 0.4470 time 26.31s  lr: 1.0000e-04
2026-04-25 15:37:13,140 - INFO - Estimated remaining training time for the current model fold 0 is 0.16 hr, running time 0.76 hr, est total time 0.91 hr 

2026-04-25 15:37:14,274 - INFO - Epoch 58/70 0/77 loss: 0.4557 time 1.13s 
2026-04-25 15:37:14,597 - INFO - Epoch 58/70 1/77 loss: 0.4212 time 0.32s 
2026-04-25 15:37:14,919 - INFO - Epoch 58/70 2/77 loss: 0.4067 time 0.32s 
2026-04-25 15:37:15,240 - INFO - Epoch 58/70 3/77 loss: 0.3758 time 0.32s 
2026-04-25 15:37:15,562 - INFO - Epoch 58/70 4/77 loss: 0.4100 time 0.32s 
2026-04-25 15:37:15,885 - INFO - Epoch 58/70 5/77 loss: 0.3803 time 0.32s 
2026-04-25 15:37:16,209 - INFO - Epoch 58/70 6/77 loss: 0.3812 time 0.32s 
2026-04-25 15:37:16,529 - INFO - Epoch 58/70 7/77 loss: 0.3928 time 0.32s 
2026-04-25 15:37:16,850 - INFO - Epoch 58/70 8/77 loss: 0.4069 time 0.32s 
2026-04-25 15:37:17,171 - INFO - Epoch 58/70 9/77 loss: 0.3930 time 0.32s 
2026-04-25 15:37:17,493 - INFO - Epoch 58/70 10/77 loss: 0.3801 time 0.32s 
2026-04-25 15:37:17,813 - INFO - Epoch 58/70 11/77 loss: 0.3868 time 0.32s 
2026-04-25 15:37:18,134 - INFO - Epoch 58/70 12/77 loss: 0.3826 time 0.32s 
2026-04-25 15:37:18,456 - INFO - Epoch 58/70 13/77 loss: 0.3782 time 0.32s 
2026-04-25 15:37:18,790 - INFO - Epoch 58/70 14/77 loss: 0.3845 time 0.32s 
2026-04-25 15:37:19,111 - INFO - Epoch 58/70 15/77 loss: 0.3933 time 0.32s 
2026-04-25 15:37:19,431 - INFO - Epoch 58/70 16/77 loss: 0.3897 time 0.32s 
2026-04-25 15:37:19,754 - INFO - Epoch 58/70 17/77 loss: 0.4003 time 0.32s 
2026-04-25 15:37:20,073 - INFO - Epoch 58/70 18/77 loss: 0.3958 time 0.32s 
2026-04-25 15:37:20,396 - INFO - Epoch 58/70 19/77 loss: 0.3995 time 0.32s 
2026-04-25 15:37:20,717 - INFO - Epoch 58/70 20/77 loss: 0.3996 time 0.32s 
2026-04-25 15:37:21,037 - INFO - Epoch 58/70 21/77 loss: 0.4025 time 0.32s 
2026-04-25 15:37:21,360 - INFO - Epoch 58/70 22/77 loss: 0.4096 time 0.32s 
2026-04-25 15:37:21,680 - INFO - Epoch 58/70 23/77 loss: 0.4097 time 0.32s 
2026-04-25 15:37:22,001 - INFO - Epoch 58/70 24/77 loss: 0.4171 time 0.32s 
2026-04-25 15:37:22,321 - INFO - Epoch 58/70 25/77 loss: 0.4149 time 0.32s 
2026-04-25 15:37:22,641 - INFO - Epoch 58/70 26/77 loss: 0.4206 time 0.32s 
2026-04-25 15:37:22,962 - INFO - Epoch 58/70 27/77 loss: 0.4161 time 0.32s 
2026-04-25 15:37:23,283 - INFO - Epoch 58/70 28/77 loss: 0.4122 time 0.32s 
2026-04-25 15:37:23,605 - INFO - Epoch 58/70 29/77 loss: 0.4227 time 0.32s 
2026-04-25 15:37:23,926 - INFO - Epoch 58/70 30/77 loss: 0.4276 time 0.32s 
2026-04-25 15:37:24,247 - INFO - Epoch 58/70 31/77 loss: 0.4287 time 0.32s 
2026-04-25 15:37:24,567 - INFO - Epoch 58/70 32/77 loss: 0.4267 time 0.32s 
2026-04-25 15:37:24,888 - INFO - Epoch 58/70 33/77 loss: 0.4274 time 0.32s 
2026-04-25 15:37:25,208 - INFO - Epoch 58/70 34/77 loss: 0.4302 time 0.32s 
2026-04-25 15:37:25,529 - INFO - Epoch 58/70 35/77 loss: 0.4317 time 0.32s 
2026-04-25 15:37:25,850 - INFO - Epoch 58/70 36/77 loss: 0.4307 time 0.32s 
2026-04-25 15:37:26,170 - INFO - Epoch 58/70 37/77 loss: 0.4342 time 0.32s 
2026-04-25 15:37:26,493 - INFO - Epoch 58/70 38/77 loss: 0.4381 time 0.32s 
2026-04-25 15:37:26,814 - INFO - Epoch 58/70 39/77 loss: 0.4408 time 0.32s 
2026-04-25 15:37:27,135 - INFO - Epoch 58/70 40/77 loss: 0.4410 time 0.32s 
2026-04-25 15:37:27,457 - INFO - Epoch 58/70 41/77 loss: 0.4412 time 0.32s 
2026-04-25 15:37:27,779 - INFO - Epoch 58/70 42/77 loss: 0.4433 time 0.32s 
2026-04-25 15:37:28,101 - INFO - Epoch 58/70 43/77 loss: 0.4463 time 0.32s 
2026-04-25 15:37:28,421 - INFO - Epoch 58/70 44/77 loss: 0.4481 time 0.32s 
2026-04-25 15:37:28,743 - INFO - Epoch 58/70 45/77 loss: 0.4551 time 0.32s 
2026-04-25 15:37:29,065 - INFO - Epoch 58/70 46/77 loss: 0.4561 time 0.32s 
2026-04-25 15:37:29,386 - INFO - Epoch 58/70 47/77 loss: 0.4525 time 0.32s 
2026-04-25 15:37:29,706 - INFO - Epoch 58/70 48/77 loss: 0.4495 time 0.32s 
2026-04-25 15:37:30,026 - INFO - Epoch 58/70 49/77 loss: 0.4568 time 0.32s 
2026-04-25 15:37:30,348 - INFO - Epoch 58/70 50/77 loss: 0.4583 time 0.32s 
2026-04-25 15:37:30,670 - INFO - Epoch 58/70 51/77 loss: 0.4552 time 0.32s 
2026-04-25 15:37:30,993 - INFO - Epoch 58/70 52/77 loss: 0.4580 time 0.32s 
2026-04-25 15:37:31,315 - INFO - Epoch 58/70 53/77 loss: 0.4563 time 0.32s 
2026-04-25 15:37:31,636 - INFO - Epoch 58/70 54/77 loss: 0.4563 time 0.32s 
2026-04-25 15:37:31,958 - INFO - Epoch 58/70 55/77 loss: 0.4576 time 0.32s 
2026-04-25 15:37:32,277 - INFO - Epoch 58/70 56/77 loss: 0.4549 time 0.32s 
2026-04-25 15:37:32,599 - INFO - Epoch 58/70 57/77 loss: 0.4537 time 0.32s 
2026-04-25 15:37:32,919 - INFO - Epoch 58/70 58/77 loss: 0.4552 time 0.32s 
2026-04-25 15:37:33,240 - INFO - Epoch 58/70 59/77 loss: 0.4533 time 0.32s 
2026-04-25 15:37:33,561 - INFO - Epoch 58/70 60/77 loss: 0.4561 time 0.32s 
2026-04-25 15:37:33,882 - INFO - Epoch 58/70 61/77 loss: 0.4560 time 0.32s 
2026-04-25 15:37:34,203 - INFO - Epoch 58/70 62/77 loss: 0.4589 time 0.32s 
2026-04-25 15:37:34,524 - INFO - Epoch 58/70 63/77 loss: 0.4568 time 0.32s 
2026-04-25 15:37:34,845 - INFO - Epoch 58/70 64/77 loss: 0.4538 time 0.32s 
2026-04-25 15:37:35,167 - INFO - Epoch 58/70 65/77 loss: 0.4499 time 0.32s 
2026-04-25 15:37:35,488 - INFO - Epoch 58/70 66/77 loss: 0.4505 time 0.32s 
2026-04-25 15:37:35,807 - INFO - Epoch 58/70 67/77 loss: 0.4507 time 0.32s 
2026-04-25 15:37:36,130 - INFO - Epoch 58/70 68/77 loss: 0.4515 time 0.32s 
2026-04-25 15:37:36,448 - INFO - Epoch 58/70 69/77 loss: 0.4483 time 0.32s 
2026-04-25 15:37:36,765 - INFO - Epoch 58/70 70/77 loss: 0.4496 time 0.32s 
2026-04-25 15:37:37,082 - INFO - Epoch 58/70 71/77 loss: 0.4503 time 0.32s 
2026-04-25 15:37:37,400 - INFO - Epoch 58/70 72/77 loss: 0.4517 time 0.32s 
2026-04-25 15:37:37,717 - INFO - Epoch 58/70 73/77 loss: 0.4530 time 0.32s 
2026-04-25 15:37:38,034 - INFO - Epoch 58/70 74/77 loss: 0.4587 time 0.32s 
2026-04-25 15:37:38,351 - INFO - Epoch 58/70 75/77 loss: 0.4551 time 0.32s 
2026-04-25 15:37:38,529 - INFO - Epoch 58/70 76/77 loss: 0.4571 time 0.18s 
2026-04-25 15:37:38,624 - INFO - Latest training  58/69 loss: 0.4571 time 25.48s  lr: 1.0000e-04
2026-04-25 15:37:38,625 - INFO - Estimated remaining training time for the current model fold 0 is 0.15 hr, running time 0.76 hr, est total time 0.91 hr 

2026-04-25 15:37:39,647 - INFO - Epoch 59/70 0/77 loss: 0.3056 time 1.02s 
2026-04-25 15:37:39,969 - INFO - Epoch 59/70 1/77 loss: 0.3850 time 0.32s 
2026-04-25 15:37:40,291 - INFO - Epoch 59/70 2/77 loss: 0.4490 time 0.32s 
2026-04-25 15:37:40,614 - INFO - Epoch 59/70 3/77 loss: 0.4609 time 0.32s 
2026-04-25 15:37:40,936 - INFO - Epoch 59/70 4/77 loss: 0.4887 time 0.32s 
2026-04-25 15:37:41,259 - INFO - Epoch 59/70 5/77 loss: 0.5085 time 0.32s 
2026-04-25 15:37:41,581 - INFO - Epoch 59/70 6/77 loss: 0.4887 time 0.32s 
2026-04-25 15:37:41,903 - INFO - Epoch 59/70 7/77 loss: 0.4732 time 0.32s 
2026-04-25 15:37:42,224 - INFO - Epoch 59/70 8/77 loss: 0.4753 time 0.32s 
2026-04-25 15:37:42,545 - INFO - Epoch 59/70 9/77 loss: 0.4820 time 0.32s 
2026-04-25 15:37:42,866 - INFO - Epoch 59/70 10/77 loss: 0.4875 time 0.32s 
2026-04-25 15:37:43,186 - INFO - Epoch 59/70 11/77 loss: 0.4866 time 0.32s 
2026-04-25 15:37:43,509 - INFO - Epoch 59/70 12/77 loss: 0.4978 time 0.32s 
2026-04-25 15:37:43,831 - INFO - Epoch 59/70 13/77 loss: 0.4863 time 0.32s 
2026-04-25 15:37:44,153 - INFO - Epoch 59/70 14/77 loss: 0.4804 time 0.32s 
2026-04-25 15:37:44,472 - INFO - Epoch 59/70 15/77 loss: 0.4735 time 0.32s 
2026-04-25 15:37:44,793 - INFO - Epoch 59/70 16/77 loss: 0.4579 time 0.32s 
2026-04-25 15:37:45,115 - INFO - Epoch 59/70 17/77 loss: 0.4624 time 0.32s 
2026-04-25 15:37:45,437 - INFO - Epoch 59/70 18/77 loss: 0.4629 time 0.32s 
2026-04-25 15:37:45,758 - INFO - Epoch 59/70 19/77 loss: 0.4635 time 0.32s 
2026-04-25 15:37:46,079 - INFO - Epoch 59/70 20/77 loss: 0.4576 time 0.32s 
2026-04-25 15:37:46,400 - INFO - Epoch 59/70 21/77 loss: 0.4491 time 0.32s 
2026-04-25 15:37:46,721 - INFO - Epoch 59/70 22/77 loss: 0.4463 time 0.32s 
2026-04-25 15:37:47,041 - INFO - Epoch 59/70 23/77 loss: 0.4377 time 0.32s 
2026-04-25 15:37:47,363 - INFO - Epoch 59/70 24/77 loss: 0.4372 time 0.32s 
2026-04-25 15:37:47,685 - INFO - Epoch 59/70 25/77 loss: 0.4432 time 0.32s 
2026-04-25 15:37:48,006 - INFO - Epoch 59/70 26/77 loss: 0.4441 time 0.32s 
2026-04-25 15:37:48,326 - INFO - Epoch 59/70 27/77 loss: 0.4509 time 0.32s 
2026-04-25 15:37:48,653 - INFO - Epoch 59/70 28/77 loss: 0.4465 time 0.33s 
2026-04-25 15:37:48,981 - INFO - Epoch 59/70 29/77 loss: 0.4426 time 0.33s 
2026-04-25 15:37:49,303 - INFO - Epoch 59/70 30/77 loss: 0.4399 time 0.32s 
2026-04-25 15:37:49,624 - INFO - Epoch 59/70 31/77 loss: 0.4423 time 0.32s 
2026-04-25 15:37:49,946 - INFO - Epoch 59/70 32/77 loss: 0.4365 time 0.32s 
2026-04-25 15:37:50,268 - INFO - Epoch 59/70 33/77 loss: 0.4335 time 0.32s 
2026-04-25 15:37:50,587 - INFO - Epoch 59/70 34/77 loss: 0.4318 time 0.32s 
2026-04-25 15:37:50,908 - INFO - Epoch 59/70 35/77 loss: 0.4430 time 0.32s 
2026-04-25 15:37:51,231 - INFO - Epoch 59/70 36/77 loss: 0.4399 time 0.32s 
2026-04-25 15:37:51,553 - INFO - Epoch 59/70 37/77 loss: 0.4400 time 0.32s 
2026-04-25 15:37:51,874 - INFO - Epoch 59/70 38/77 loss: 0.4382 time 0.32s 
2026-04-25 15:37:52,194 - INFO - Epoch 59/70 39/77 loss: 0.4398 time 0.32s 
2026-04-25 15:37:52,516 - INFO - Epoch 59/70 40/77 loss: 0.4396 time 0.32s 
2026-04-25 15:37:52,837 - INFO - Epoch 59/70 41/77 loss: 0.4395 time 0.32s 
2026-04-25 15:37:53,158 - INFO - Epoch 59/70 42/77 loss: 0.4404 time 0.32s 
2026-04-25 15:37:53,480 - INFO - Epoch 59/70 43/77 loss: 0.4406 time 0.32s 
2026-04-25 15:37:53,801 - INFO - Epoch 59/70 44/77 loss: 0.4359 time 0.32s 
2026-04-25 15:37:54,123 - INFO - Epoch 59/70 45/77 loss: 0.4391 time 0.32s 
2026-04-25 15:37:54,445 - INFO - Epoch 59/70 46/77 loss: 0.4442 time 0.32s 
2026-04-25 15:37:54,767 - INFO - Epoch 59/70 47/77 loss: 0.4425 time 0.32s 
2026-04-25 15:37:55,089 - INFO - Epoch 59/70 48/77 loss: 0.4471 time 0.32s 
2026-04-25 15:37:55,410 - INFO - Epoch 59/70 49/77 loss: 0.4459 time 0.32s 
2026-04-25 15:37:55,730 - INFO - Epoch 59/70 50/77 loss: 0.4425 time 0.32s 
2026-04-25 15:37:56,052 - INFO - Epoch 59/70 51/77 loss: 0.4403 time 0.32s 
2026-04-25 15:37:56,374 - INFO - Epoch 59/70 52/77 loss: 0.4376 time 0.32s 
2026-04-25 15:37:56,694 - INFO - Epoch 59/70 53/77 loss: 0.4350 time 0.32s 
2026-04-25 15:37:57,016 - INFO - Epoch 59/70 54/77 loss: 0.4323 time 0.32s 
2026-04-25 15:37:57,337 - INFO - Epoch 59/70 55/77 loss: 0.4307 time 0.32s 
2026-04-25 15:37:57,658 - INFO - Epoch 59/70 56/77 loss: 0.4328 time 0.32s 
2026-04-25 15:37:57,979 - INFO - Epoch 59/70 57/77 loss: 0.4328 time 0.32s 
2026-04-25 15:37:58,300 - INFO - Epoch 59/70 58/77 loss: 0.4326 time 0.32s 
2026-04-25 15:37:58,621 - INFO - Epoch 59/70 59/77 loss: 0.4314 time 0.32s 
2026-04-25 15:37:58,941 - INFO - Epoch 59/70 60/77 loss: 0.4292 time 0.32s 
2026-04-25 15:37:59,262 - INFO - Epoch 59/70 61/77 loss: 0.4314 time 0.32s 
2026-04-25 15:37:59,583 - INFO - Epoch 59/70 62/77 loss: 0.4296 time 0.32s 
2026-04-25 15:37:59,904 - INFO - Epoch 59/70 63/77 loss: 0.4269 time 0.32s 
2026-04-25 15:38:00,226 - INFO - Epoch 59/70 64/77 loss: 0.4286 time 0.32s 
2026-04-25 15:38:00,549 - INFO - Epoch 59/70 65/77 loss: 0.4356 time 0.32s 
2026-04-25 15:38:00,873 - INFO - Epoch 59/70 66/77 loss: 0.4337 time 0.32s 
2026-04-25 15:38:01,194 - INFO - Epoch 59/70 67/77 loss: 0.4369 time 0.32s 
2026-04-25 15:38:01,515 - INFO - Epoch 59/70 68/77 loss: 0.4353 time 0.32s 
2026-04-25 15:38:01,835 - INFO - Epoch 59/70 69/77 loss: 0.4331 time 0.32s 
2026-04-25 15:38:02,152 - INFO - Epoch 59/70 70/77 loss: 0.4365 time 0.32s 
2026-04-25 15:38:02,468 - INFO - Epoch 59/70 71/77 loss: 0.4383 time 0.32s 
2026-04-25 15:38:02,785 - INFO - Epoch 59/70 72/77 loss: 0.4387 time 0.32s 
2026-04-25 15:38:03,102 - INFO - Epoch 59/70 73/77 loss: 0.4385 time 0.32s 
2026-04-25 15:38:03,420 - INFO - Epoch 59/70 74/77 loss: 0.4379 time 0.32s 
2026-04-25 15:38:03,736 - INFO - Epoch 59/70 75/77 loss: 0.4385 time 0.32s 
2026-04-25 15:38:03,913 - INFO - Epoch 59/70 76/77 loss: 0.4380 time 0.18s 
2026-04-25 15:38:04,016 - INFO - Latest training  59/69 loss: 0.4380 time 25.39s  lr: 1.0000e-04
2026-04-25 15:38:09,488 - INFO - Val 59/70 0/30 loss: 0.7826 acc 0.7393209200438116  time 5.45s
2026-04-25 15:38:13,099 - INFO - Val 59/70 1/30 loss: 0.5724 acc 0.8699763593380615  time 3.61s
2026-04-25 15:38:16,733 - INFO - Val 59/70 2/30 loss: 0.5086 acc 0.8488372093023255  time 3.63s
2026-04-25 15:38:20,264 - INFO - Val 59/70 3/30 loss: 0.3429 acc 0.8338557993730408  time 3.53s
2026-04-25 15:38:23,856 - INFO - Val 59/70 4/30 loss: 0.4166 acc 0.7911184210526315  time 3.59s
2026-04-25 15:38:27,593 - INFO - Val 59/70 5/30 loss: 0.7029 acc 0.8424036281179138  time 3.74s
2026-04-25 15:38:31,242 - INFO - Val 59/70 6/30 loss: 0.6653 acc 0.7716643741403026  time 3.65s
2026-04-25 15:38:34,798 - INFO - Val 59/70 7/30 loss: 0.2902 acc 0.9065420560747663  time 3.56s
2026-04-25 15:38:38,491 - INFO - Val 59/70 8/30 loss: 0.8256 acc 0.8503067484662576  time 3.69s
2026-04-25 15:38:42,148 - INFO - Val 59/70 9/30 loss: 0.4970 acc 0.8794642857142857  time 3.66s
2026-04-25 15:38:45,690 - INFO - Val 59/70 10/30 loss: 0.3177 acc 0.8877284595300261  time 3.54s
2026-04-25 15:38:49,278 - INFO - Val 59/70 11/30 loss: 0.3780 acc 0.8775055679287305  time 3.59s
2026-04-25 15:38:52,767 - INFO - Val 59/70 12/30 loss: 0.3598 acc 0.7829181494661922  time 3.49s
2026-04-25 15:38:56,448 - INFO - Val 59/70 13/30 loss: 0.6005 acc 0.8540772532188842  time 3.68s
2026-04-25 15:38:59,937 - INFO - Val 59/70 14/30 loss: 0.1921 acc 0.82  time 3.49s
2026-04-25 15:39:03,486 - INFO - Val 59/70 15/30 loss: 0.3004 acc 0.869198312236287  time 3.55s
2026-04-25 15:39:07,174 - INFO - Val 59/70 16/30 loss: 0.5434 acc 0.8857938718662952  time 3.69s
2026-04-25 15:39:10,787 - INFO - Val 59/70 17/30 loss: 0.4242 acc 0.8238434163701067  time 3.61s
2026-04-25 15:39:14,373 - INFO - Val 59/70 18/30 loss: 0.5582 acc 0.7966804979253111  time 3.59s
2026-04-25 15:39:17,955 - INFO - Val 59/70 19/30 loss: 0.4274 acc 0.845679012345679  time 3.58s
2026-04-25 15:39:21,538 - INFO - Val 59/70 20/30 loss: 0.2648 acc 0.8943533697632058  time 3.58s
2026-04-25 15:39:25,144 - INFO - Val 59/70 21/30 loss: 0.2398 acc 0.9363295880149812  time 3.61s
2026-04-25 15:39:28,606 - INFO - Val 59/70 22/30 loss: 0.1932 acc 0.8939393939393939  time 3.46s
2026-04-25 15:39:32,331 - INFO - Val 59/70 23/30 loss: 0.4638 acc 0.8713286713286713  time 3.72s
2026-04-25 15:39:35,911 - INFO - Val 59/70 24/30 loss: 0.2462 acc 0.9176954732510288  time 3.58s
2026-04-25 15:39:39,457 - INFO - Val 59/70 25/30 loss: 0.4563 acc 0.7132701421800948  time 3.55s
2026-04-25 15:39:43,253 - INFO - Val 59/70 26/30 loss: 0.7554 acc 0.8565573770491803  time 3.80s
2026-04-25 15:39:46,809 - INFO - Val 59/70 27/30 loss: 0.5474 acc 0.7293447293447294  time 3.56s
2026-04-25 15:39:50,476 - INFO - Val 59/70 28/30 loss: 0.4755 acc 0.8403954802259888  time 3.67s
2026-04-25 15:39:54,017 - INFO - Val 59/70 29/30 loss: 0.3360 acc 0.8023809523809524  time 3.54s
2026-04-25 15:39:54,103 - INFO - Latest validation 59/69 loss: 0.4561 acc_avg: 0.8411 acc: 0.8410836458206177 time: 110.09s
2026-04-25 15:39:57,889 - INFO - Saving checkpoint process: ./models/puma/model_final.pt, {'epoch': 59, 'best_metric': 0.8410836458206177}, save_time 3.78s
2026-04-25 15:39:57,890 - INFO - Estimated remaining training time for the current model fold 0 is 0.11 hr, running time 0.80 hr, est total time 0.91 hr 

2026-04-25 15:39:59,028 - INFO - Epoch 60/70 0/77 loss: 0.4500 time 1.14s 
2026-04-25 15:39:59,354 - INFO - Epoch 60/70 1/77 loss: 0.5464 time 0.33s 
2026-04-25 15:39:59,675 - INFO - Epoch 60/70 2/77 loss: 0.4848 time 0.32s 
2026-04-25 15:39:59,997 - INFO - Epoch 60/70 3/77 loss: 0.4066 time 0.32s 
2026-04-25 15:40:00,318 - INFO - Epoch 60/70 4/77 loss: 0.4093 time 0.32s 
2026-04-25 15:40:00,639 - INFO - Epoch 60/70 5/77 loss: 0.4047 time 0.32s 
2026-04-25 15:40:00,961 - INFO - Epoch 60/70 6/77 loss: 0.4413 time 0.32s 
2026-04-25 15:40:01,283 - INFO - Epoch 60/70 7/77 loss: 0.4394 time 0.32s 
2026-04-25 15:40:01,606 - INFO - Epoch 60/70 8/77 loss: 0.4334 time 0.32s 
2026-04-25 15:40:01,927 - INFO - Epoch 60/70 9/77 loss: 0.4253 time 0.32s 
2026-04-25 15:40:02,249 - INFO - Epoch 60/70 10/77 loss: 0.4175 time 0.32s 
2026-04-25 15:40:02,570 - INFO - Epoch 60/70 11/77 loss: 0.4037 time 0.32s 
2026-04-25 15:40:02,891 - INFO - Epoch 60/70 12/77 loss: 0.3964 time 0.32s 
2026-04-25 15:40:03,212 - INFO - Epoch 60/70 13/77 loss: 0.4092 time 0.32s 
2026-04-25 15:40:03,532 - INFO - Epoch 60/70 14/77 loss: 0.4057 time 0.32s 
2026-04-25 15:40:03,853 - INFO - Epoch 60/70 15/77 loss: 0.3903 time 0.32s 
2026-04-25 15:40:04,175 - INFO - Epoch 60/70 16/77 loss: 0.3935 time 0.32s 
2026-04-25 15:40:04,496 - INFO - Epoch 60/70 17/77 loss: 0.3945 time 0.32s 
2026-04-25 15:40:04,817 - INFO - Epoch 60/70 18/77 loss: 0.3950 time 0.32s 
2026-04-25 15:40:05,137 - INFO - Epoch 60/70 19/77 loss: 0.3951 time 0.32s 
2026-04-25 15:40:05,460 - INFO - Epoch 60/70 20/77 loss: 0.3965 time 0.32s 
2026-04-25 15:40:05,782 - INFO - Epoch 60/70 21/77 loss: 0.3938 time 0.32s 
2026-04-25 15:40:06,105 - INFO - Epoch 60/70 22/77 loss: 0.3988 time 0.32s 
2026-04-25 15:40:06,427 - INFO - Epoch 60/70 23/77 loss: 0.4057 time 0.32s 
2026-04-25 15:40:06,750 - INFO - Epoch 60/70 24/77 loss: 0.4109 time 0.32s 
2026-04-25 15:40:07,071 - INFO - Epoch 60/70 25/77 loss: 0.4107 time 0.32s 
2026-04-25 15:40:07,395 - INFO - Epoch 60/70 26/77 loss: 0.4057 time 0.32s 
2026-04-25 15:40:07,718 - INFO - Epoch 60/70 27/77 loss: 0.4003 time 0.32s 
2026-04-25 15:40:08,039 - INFO - Epoch 60/70 28/77 loss: 0.4008 time 0.32s 
2026-04-25 15:40:08,360 - INFO - Epoch 60/70 29/77 loss: 0.4010 time 0.32s 
2026-04-25 15:40:08,681 - INFO - Epoch 60/70 30/77 loss: 0.4037 time 0.32s 
2026-04-25 15:40:09,003 - INFO - Epoch 60/70 31/77 loss: 0.4089 time 0.32s 
2026-04-25 15:40:09,324 - INFO - Epoch 60/70 32/77 loss: 0.4098 time 0.32s 
2026-04-25 15:40:09,648 - INFO - Epoch 60/70 33/77 loss: 0.4048 time 0.32s 
2026-04-25 15:40:09,969 - INFO - Epoch 60/70 34/77 loss: 0.4014 time 0.32s 
2026-04-25 15:40:10,290 - INFO - Epoch 60/70 35/77 loss: 0.3994 time 0.32s 
2026-04-25 15:40:10,614 - INFO - Epoch 60/70 36/77 loss: 0.3969 time 0.32s 
2026-04-25 15:40:10,937 - INFO - Epoch 60/70 37/77 loss: 0.3991 time 0.32s 
2026-04-25 15:40:11,257 - INFO - Epoch 60/70 38/77 loss: 0.4138 time 0.32s 
2026-04-25 15:40:11,578 - INFO - Epoch 60/70 39/77 loss: 0.4166 time 0.32s 
2026-04-25 15:40:11,901 - INFO - Epoch 60/70 40/77 loss: 0.4139 time 0.32s 
2026-04-25 15:40:12,224 - INFO - Epoch 60/70 41/77 loss: 0.4124 time 0.32s 
2026-04-25 15:40:12,544 - INFO - Epoch 60/70 42/77 loss: 0.4113 time 0.32s 
2026-04-25 15:40:12,865 - INFO - Epoch 60/70 43/77 loss: 0.4204 time 0.32s 
2026-04-25 15:40:13,187 - INFO - Epoch 60/70 44/77 loss: 0.4215 time 0.32s 
2026-04-25 15:40:13,510 - INFO - Epoch 60/70 45/77 loss: 0.4236 time 0.32s 
2026-04-25 15:40:13,833 - INFO - Epoch 60/70 46/77 loss: 0.4239 time 0.32s 
2026-04-25 15:40:14,154 - INFO - Epoch 60/70 47/77 loss: 0.4214 time 0.32s 
2026-04-25 15:40:14,477 - INFO - Epoch 60/70 48/77 loss: 0.4245 time 0.32s 
2026-04-25 15:40:14,798 - INFO - Epoch 60/70 49/77 loss: 0.4269 time 0.32s 
2026-04-25 15:40:15,120 - INFO - Epoch 60/70 50/77 loss: 0.4247 time 0.32s 
2026-04-25 15:40:15,442 - INFO - Epoch 60/70 51/77 loss: 0.4222 time 0.32s 
2026-04-25 15:40:15,761 - INFO - Epoch 60/70 52/77 loss: 0.4227 time 0.32s 
2026-04-25 15:40:16,083 - INFO - Epoch 60/70 53/77 loss: 0.4204 time 0.32s 
2026-04-25 15:40:16,404 - INFO - Epoch 60/70 54/77 loss: 0.4201 time 0.32s 
2026-04-25 15:40:16,728 - INFO - Epoch 60/70 55/77 loss: 0.4211 time 0.32s 
2026-04-25 15:40:17,049 - INFO - Epoch 60/70 56/77 loss: 0.4230 time 0.32s 
2026-04-25 15:40:17,370 - INFO - Epoch 60/70 57/77 loss: 0.4230 time 0.32s 
2026-04-25 15:40:17,692 - INFO - Epoch 60/70 58/77 loss: 0.4251 time 0.32s 
2026-04-25 15:40:18,016 - INFO - Epoch 60/70 59/77 loss: 0.4235 time 0.32s 
2026-04-25 15:40:18,338 - INFO - Epoch 60/70 60/77 loss: 0.4229 time 0.32s 
2026-04-25 15:40:18,659 - INFO - Epoch 60/70 61/77 loss: 0.4234 time 0.32s 
2026-04-25 15:40:18,981 - INFO - Epoch 60/70 62/77 loss: 0.4230 time 0.32s 
2026-04-25 15:40:19,303 - INFO - Epoch 60/70 63/77 loss: 0.4206 time 0.32s 
2026-04-25 15:40:19,624 - INFO - Epoch 60/70 64/77 loss: 0.4244 time 0.32s 
2026-04-25 15:40:19,946 - INFO - Epoch 60/70 65/77 loss: 0.4209 time 0.32s 
2026-04-25 15:40:20,269 - INFO - Epoch 60/70 66/77 loss: 0.4223 time 0.32s 
2026-04-25 15:40:20,589 - INFO - Epoch 60/70 67/77 loss: 0.4240 time 0.32s 
2026-04-25 15:40:20,910 - INFO - Epoch 60/70 68/77 loss: 0.4266 time 0.32s 
2026-04-25 15:40:21,228 - INFO - Epoch 60/70 69/77 loss: 0.4274 time 0.32s 
2026-04-25 15:40:21,546 - INFO - Epoch 60/70 70/77 loss: 0.4306 time 0.32s 
2026-04-25 15:40:21,863 - INFO - Epoch 60/70 71/77 loss: 0.4320 time 0.32s 
2026-04-25 15:40:22,180 - INFO - Epoch 60/70 72/77 loss: 0.4314 time 0.32s 
2026-04-25 15:40:22,497 - INFO - Epoch 60/70 73/77 loss: 0.4350 time 0.32s 
2026-04-25 15:40:22,818 - INFO - Epoch 60/70 74/77 loss: 0.4349 time 0.32s 
2026-04-25 15:40:23,136 - INFO - Epoch 60/70 75/77 loss: 0.4370 time 0.32s 
2026-04-25 15:40:23,317 - INFO - Epoch 60/70 76/77 loss: 0.4364 time 0.18s 
2026-04-25 15:40:23,409 - INFO - Latest training  60/69 loss: 0.4364 time 25.52s  lr: 1.0000e-04
2026-04-25 15:40:23,410 - INFO - Estimated remaining training time for the current model fold 0 is 0.10 hr, running time 0.81 hr, est total time 0.91 hr 

2026-04-25 15:40:24,399 - INFO - Epoch 61/70 0/77 loss: 0.2417 time 0.99s 
2026-04-25 15:40:24,723 - INFO - Epoch 61/70 1/77 loss: 0.3329 time 0.32s 
2026-04-25 15:40:25,046 - INFO - Epoch 61/70 2/77 loss: 0.3366 time 0.32s 
2026-04-25 15:40:25,368 - INFO - Epoch 61/70 3/77 loss: 0.3936 time 0.32s 
2026-04-25 15:40:25,691 - INFO - Epoch 61/70 4/77 loss: 0.3833 time 0.32s 
2026-04-25 15:40:26,011 - INFO - Epoch 61/70 5/77 loss: 0.3769 time 0.32s 
2026-04-25 15:40:26,333 - INFO - Epoch 61/70 6/77 loss: 0.3788 time 0.32s 
2026-04-25 15:40:26,653 - INFO - Epoch 61/70 7/77 loss: 0.4038 time 0.32s 
2026-04-25 15:40:26,975 - INFO - Epoch 61/70 8/77 loss: 0.3930 time 0.32s 
2026-04-25 15:40:27,295 - INFO - Epoch 61/70 9/77 loss: 0.3877 time 0.32s 
2026-04-25 15:40:27,616 - INFO - Epoch 61/70 10/77 loss: 0.3787 time 0.32s 
2026-04-25 15:40:27,937 - INFO - Epoch 61/70 11/77 loss: 0.3798 time 0.32s 
2026-04-25 15:40:28,256 - INFO - Epoch 61/70 12/77 loss: 0.3776 time 0.32s 
2026-04-25 15:40:28,578 - INFO - Epoch 61/70 13/77 loss: 0.3802 time 0.32s 
2026-04-25 15:40:28,899 - INFO - Epoch 61/70 14/77 loss: 0.3953 time 0.32s 
2026-04-25 15:40:29,220 - INFO - Epoch 61/70 15/77 loss: 0.3966 time 0.32s 
2026-04-25 15:40:29,542 - INFO - Epoch 61/70 16/77 loss: 0.3846 time 0.32s 
2026-04-25 15:40:29,866 - INFO - Epoch 61/70 17/77 loss: 0.3962 time 0.32s 
2026-04-25 15:40:30,187 - INFO - Epoch 61/70 18/77 loss: 0.3937 time 0.32s 
2026-04-25 15:40:30,511 - INFO - Epoch 61/70 19/77 loss: 0.3961 time 0.32s 
2026-04-25 15:40:30,833 - INFO - Epoch 61/70 20/77 loss: 0.4051 time 0.32s 
2026-04-25 15:40:31,156 - INFO - Epoch 61/70 21/77 loss: 0.3980 time 0.32s 
2026-04-25 15:40:31,477 - INFO - Epoch 61/70 22/77 loss: 0.3942 time 0.32s 
2026-04-25 15:40:31,798 - INFO - Epoch 61/70 23/77 loss: 0.3936 time 0.32s 
2026-04-25 15:40:32,122 - INFO - Epoch 61/70 24/77 loss: 0.3891 time 0.32s 
2026-04-25 15:40:32,445 - INFO - Epoch 61/70 25/77 loss: 0.3856 time 0.32s 
2026-04-25 15:40:32,766 - INFO - Epoch 61/70 26/77 loss: 0.3946 time 0.32s 
2026-04-25 15:40:33,091 - INFO - Epoch 61/70 27/77 loss: 0.3957 time 0.32s 
2026-04-25 15:40:33,412 - INFO - Epoch 61/70 28/77 loss: 0.3914 time 0.32s 
2026-04-25 15:40:33,734 - INFO - Epoch 61/70 29/77 loss: 0.4039 time 0.32s 
2026-04-25 15:40:34,057 - INFO - Epoch 61/70 30/77 loss: 0.4131 time 0.32s 
2026-04-25 15:40:34,378 - INFO - Epoch 61/70 31/77 loss: 0.4150 time 0.32s 
2026-04-25 15:40:34,699 - INFO - Epoch 61/70 32/77 loss: 0.4114 time 0.32s 
2026-04-25 15:40:35,019 - INFO - Epoch 61/70 33/77 loss: 0.4066 time 0.32s 
2026-04-25 15:40:35,340 - INFO - Epoch 61/70 34/77 loss: 0.4016 time 0.32s 
2026-04-25 15:40:35,661 - INFO - Epoch 61/70 35/77 loss: 0.4099 time 0.32s 
2026-04-25 15:40:35,983 - INFO - Epoch 61/70 36/77 loss: 0.4091 time 0.32s 
2026-04-25 15:40:36,306 - INFO - Epoch 61/70 37/77 loss: 0.4219 time 0.32s 
2026-04-25 15:40:36,627 - INFO - Epoch 61/70 38/77 loss: 0.4193 time 0.32s 
2026-04-25 15:40:36,947 - INFO - Epoch 61/70 39/77 loss: 0.4212 time 0.32s 
2026-04-25 15:40:37,270 - INFO - Epoch 61/70 40/77 loss: 0.4209 time 0.32s 
2026-04-25 15:40:37,591 - INFO - Epoch 61/70 41/77 loss: 0.4238 time 0.32s 
2026-04-25 15:40:37,914 - INFO - Epoch 61/70 42/77 loss: 0.4253 time 0.32s 
2026-04-25 15:40:38,235 - INFO - Epoch 61/70 43/77 loss: 0.4260 time 0.32s 
2026-04-25 15:40:38,557 - INFO - Epoch 61/70 44/77 loss: 0.4279 time 0.32s 
2026-04-25 15:40:38,877 - INFO - Epoch 61/70 45/77 loss: 0.4240 time 0.32s 
2026-04-25 15:40:39,199 - INFO - Epoch 61/70 46/77 loss: 0.4275 time 0.32s 
2026-04-25 15:40:39,524 - INFO - Epoch 61/70 47/77 loss: 0.4288 time 0.32s 
2026-04-25 15:40:39,846 - INFO - Epoch 61/70 48/77 loss: 0.4323 time 0.32s 
2026-04-25 15:40:40,168 - INFO - Epoch 61/70 49/77 loss: 0.4271 time 0.32s 
2026-04-25 15:40:40,489 - INFO - Epoch 61/70 50/77 loss: 0.4261 time 0.32s 
2026-04-25 15:40:40,812 - INFO - Epoch 61/70 51/77 loss: 0.4266 time 0.32s 
2026-04-25 15:40:41,132 - INFO - Epoch 61/70 52/77 loss: 0.4253 time 0.32s 
2026-04-25 15:40:41,454 - INFO - Epoch 61/70 53/77 loss: 0.4274 time 0.32s 
2026-04-25 15:40:41,776 - INFO - Epoch 61/70 54/77 loss: 0.4261 time 0.32s 
2026-04-25 15:40:42,097 - INFO - Epoch 61/70 55/77 loss: 0.4256 time 0.32s 
2026-04-25 15:40:42,419 - INFO - Epoch 61/70 56/77 loss: 0.4245 time 0.32s 
2026-04-25 15:40:42,741 - INFO - Epoch 61/70 57/77 loss: 0.4288 time 0.32s 
2026-04-25 15:40:43,064 - INFO - Epoch 61/70 58/77 loss: 0.4295 time 0.32s 
2026-04-25 15:40:43,384 - INFO - Epoch 61/70 59/77 loss: 0.4275 time 0.32s 
2026-04-25 15:40:43,705 - INFO - Epoch 61/70 60/77 loss: 0.4271 time 0.32s 
2026-04-25 15:40:44,026 - INFO - Epoch 61/70 61/77 loss: 0.4237 time 0.32s 
2026-04-25 15:40:44,348 - INFO - Epoch 61/70 62/77 loss: 0.4249 time 0.32s 
2026-04-25 15:40:44,671 - INFO - Epoch 61/70 63/77 loss: 0.4245 time 0.32s 
2026-04-25 15:40:44,993 - INFO - Epoch 61/70 64/77 loss: 0.4221 time 0.32s 
2026-04-25 15:40:45,315 - INFO - Epoch 61/70 65/77 loss: 0.4217 time 0.32s 
2026-04-25 15:40:45,636 - INFO - Epoch 61/70 66/77 loss: 0.4234 time 0.32s 
2026-04-25 15:40:45,959 - INFO - Epoch 61/70 67/77 loss: 0.4256 time 0.32s 
2026-04-25 15:40:46,279 - INFO - Epoch 61/70 68/77 loss: 0.4243 time 0.32s 
2026-04-25 15:40:46,587 - INFO - Epoch 61/70 69/77 loss: 0.4333 time 0.31s 
2026-04-25 15:40:46,903 - INFO - Epoch 61/70 70/77 loss: 0.4320 time 0.32s 
2026-04-25 15:40:47,221 - INFO - Epoch 61/70 71/77 loss: 0.4309 time 0.32s 
2026-04-25 15:40:47,538 - INFO - Epoch 61/70 72/77 loss: 0.4311 time 0.32s 
2026-04-25 15:40:47,857 - INFO - Epoch 61/70 73/77 loss: 0.4321 time 0.32s 
2026-04-25 15:40:48,174 - INFO - Epoch 61/70 74/77 loss: 0.4333 time 0.32s 
2026-04-25 15:40:48,492 - INFO - Epoch 61/70 75/77 loss: 0.4377 time 0.32s 
2026-04-25 15:40:48,669 - INFO - Epoch 61/70 76/77 loss: 0.4392 time 0.18s 
2026-04-25 15:40:48,759 - INFO - Latest training  61/69 loss: 0.4392 time 25.35s  lr: 1.0000e-04
2026-04-25 15:40:48,760 - INFO - Estimated remaining training time for the current model fold 0 is 0.09 hr, running time 0.82 hr, est total time 0.91 hr 

2026-04-25 15:40:49,713 - INFO - Epoch 62/70 0/77 loss: 0.3549 time 0.95s 
2026-04-25 15:40:50,037 - INFO - Epoch 62/70 1/77 loss: 0.2858 time 0.32s 
2026-04-25 15:40:50,359 - INFO - Epoch 62/70 2/77 loss: 0.2915 time 0.32s 
2026-04-25 15:40:50,680 - INFO - Epoch 62/70 3/77 loss: 0.3183 time 0.32s 
2026-04-25 15:40:51,002 - INFO - Epoch 62/70 4/77 loss: 0.3331 time 0.32s 
2026-04-25 15:40:51,324 - INFO - Epoch 62/70 5/77 loss: 0.3178 time 0.32s 
2026-04-25 15:40:51,645 - INFO - Epoch 62/70 6/77 loss: 0.3667 time 0.32s 
2026-04-25 15:40:51,965 - INFO - Epoch 62/70 7/77 loss: 0.3858 time 0.32s 
2026-04-25 15:40:52,286 - INFO - Epoch 62/70 8/77 loss: 0.3889 time 0.32s 
2026-04-25 15:40:52,609 - INFO - Epoch 62/70 9/77 loss: 0.3913 time 0.32s 
2026-04-25 15:40:52,930 - INFO - Epoch 62/70 10/77 loss: 0.3844 time 0.32s 
2026-04-25 15:40:53,249 - INFO - Epoch 62/70 11/77 loss: 0.4043 time 0.32s 
2026-04-25 15:40:53,571 - INFO - Epoch 62/70 12/77 loss: 0.4108 time 0.32s 
2026-04-25 15:40:53,893 - INFO - Epoch 62/70 13/77 loss: 0.4163 time 0.32s 
2026-04-25 15:40:54,219 - INFO - Epoch 62/70 14/77 loss: 0.4151 time 0.33s 
2026-04-25 15:40:54,538 - INFO - Epoch 62/70 15/77 loss: 0.4164 time 0.32s 
2026-04-25 15:40:54,860 - INFO - Epoch 62/70 16/77 loss: 0.4180 time 0.32s 
2026-04-25 15:40:55,182 - INFO - Epoch 62/70 17/77 loss: 0.4046 time 0.32s 
2026-04-25 15:40:55,505 - INFO - Epoch 62/70 18/77 loss: 0.4078 time 0.32s 
2026-04-25 15:40:55,823 - INFO - Epoch 62/70 19/77 loss: 0.4159 time 0.32s 
2026-04-25 15:40:56,144 - INFO - Epoch 62/70 20/77 loss: 0.4157 time 0.32s 
2026-04-25 15:40:56,467 - INFO - Epoch 62/70 21/77 loss: 0.4219 time 0.32s 
2026-04-25 15:40:56,789 - INFO - Epoch 62/70 22/77 loss: 0.4155 time 0.32s 
2026-04-25 15:40:57,113 - INFO - Epoch 62/70 23/77 loss: 0.4167 time 0.32s 
2026-04-25 15:40:57,433 - INFO - Epoch 62/70 24/77 loss: 0.4213 time 0.32s 
2026-04-25 15:40:57,754 - INFO - Epoch 62/70 25/77 loss: 0.4266 time 0.32s 
2026-04-25 15:40:58,075 - INFO - Epoch 62/70 26/77 loss: 0.4233 time 0.32s 
2026-04-25 15:40:58,394 - INFO - Epoch 62/70 27/77 loss: 0.4274 time 0.32s 
2026-04-25 15:40:58,716 - INFO - Epoch 62/70 28/77 loss: 0.4188 time 0.32s 
2026-04-25 15:40:59,037 - INFO - Epoch 62/70 29/77 loss: 0.4259 time 0.32s 
2026-04-25 15:40:59,357 - INFO - Epoch 62/70 30/77 loss: 0.4285 time 0.32s 
2026-04-25 15:40:59,676 - INFO - Epoch 62/70 31/77 loss: 0.4294 time 0.32s 
2026-04-25 15:40:59,998 - INFO - Epoch 62/70 32/77 loss: 0.4341 time 0.32s 
2026-04-25 15:41:00,320 - INFO - Epoch 62/70 33/77 loss: 0.4491 time 0.32s 
2026-04-25 15:41:00,641 - INFO - Epoch 62/70 34/77 loss: 0.4592 time 0.32s 
2026-04-25 15:41:00,961 - INFO - Epoch 62/70 35/77 loss: 0.4577 time 0.32s 
2026-04-25 15:41:01,283 - INFO - Epoch 62/70 36/77 loss: 0.4572 time 0.32s 
2026-04-25 15:41:01,605 - INFO - Epoch 62/70 37/77 loss: 0.4690 time 0.32s 
2026-04-25 15:41:01,926 - INFO - Epoch 62/70 38/77 loss: 0.4830 time 0.32s 
2026-04-25 15:41:02,246 - INFO - Epoch 62/70 39/77 loss: 0.4836 time 0.32s 
2026-04-25 15:41:02,567 - INFO - Epoch 62/70 40/77 loss: 0.4845 time 0.32s 
2026-04-25 15:41:02,889 - INFO - Epoch 62/70 41/77 loss: 0.4849 time 0.32s 
2026-04-25 15:41:03,213 - INFO - Epoch 62/70 42/77 loss: 0.4808 time 0.32s 
2026-04-25 15:41:03,532 - INFO - Epoch 62/70 43/77 loss: 0.4810 time 0.32s 
2026-04-25 15:41:03,854 - INFO - Epoch 62/70 44/77 loss: 0.4777 time 0.32s 
2026-04-25 15:41:04,175 - INFO - Epoch 62/70 45/77 loss: 0.4830 time 0.32s 
2026-04-25 15:41:04,498 - INFO - Epoch 62/70 46/77 loss: 0.4808 time 0.32s 
2026-04-25 15:41:04,818 - INFO - Epoch 62/70 47/77 loss: 0.4837 time 0.32s 
2026-04-25 15:41:05,139 - INFO - Epoch 62/70 48/77 loss: 0.4844 time 0.32s 
2026-04-25 15:41:05,462 - INFO - Epoch 62/70 49/77 loss: 0.4813 time 0.32s 
2026-04-25 15:41:05,784 - INFO - Epoch 62/70 50/77 loss: 0.4769 time 0.32s 
2026-04-25 15:41:06,105 - INFO - Epoch 62/70 51/77 loss: 0.4743 time 0.32s 
2026-04-25 15:41:06,426 - INFO - Epoch 62/70 52/77 loss: 0.4735 time 0.32s 
2026-04-25 15:41:06,748 - INFO - Epoch 62/70 53/77 loss: 0.4730 time 0.32s 
2026-04-25 15:41:07,069 - INFO - Epoch 62/70 54/77 loss: 0.4788 time 0.32s 
2026-04-25 15:41:07,388 - INFO - Epoch 62/70 55/77 loss: 0.4772 time 0.32s 
2026-04-25 15:41:07,709 - INFO - Epoch 62/70 56/77 loss: 0.4724 time 0.32s 
2026-04-25 15:41:08,030 - INFO - Epoch 62/70 57/77 loss: 0.4671 time 0.32s 
2026-04-25 15:41:08,353 - INFO - Epoch 62/70 58/77 loss: 0.4649 time 0.32s 
2026-04-25 15:41:08,674 - INFO - Epoch 62/70 59/77 loss: 0.4634 time 0.32s 
2026-04-25 15:41:08,995 - INFO - Epoch 62/70 60/77 loss: 0.4658 time 0.32s 
2026-04-25 15:41:09,317 - INFO - Epoch 62/70 61/77 loss: 0.4639 time 0.32s 
2026-04-25 15:41:09,639 - INFO - Epoch 62/70 62/77 loss: 0.4612 time 0.32s 
2026-04-25 15:41:09,958 - INFO - Epoch 62/70 63/77 loss: 0.4592 time 0.32s 
2026-04-25 15:41:10,279 - INFO - Epoch 62/70 64/77 loss: 0.4569 time 0.32s 
2026-04-25 15:41:10,602 - INFO - Epoch 62/70 65/77 loss: 0.4584 time 0.32s 
2026-04-25 15:41:10,922 - INFO - Epoch 62/70 66/77 loss: 0.4593 time 0.32s 
2026-04-25 15:41:11,243 - INFO - Epoch 62/70 67/77 loss: 0.4577 time 0.32s 
2026-04-25 15:41:11,564 - INFO - Epoch 62/70 68/77 loss: 0.4552 time 0.32s 
2026-04-25 15:41:11,881 - INFO - Epoch 62/70 69/77 loss: 0.4578 time 0.32s 
2026-04-25 15:41:12,197 - INFO - Epoch 62/70 70/77 loss: 0.4576 time 0.32s 
2026-04-25 15:41:12,513 - INFO - Epoch 62/70 71/77 loss: 0.4563 time 0.32s 
2026-04-25 15:41:12,831 - INFO - Epoch 62/70 72/77 loss: 0.4538 time 0.32s 
2026-04-25 15:41:13,147 - INFO - Epoch 62/70 73/77 loss: 0.4509 time 0.32s 
2026-04-25 15:41:13,465 - INFO - Epoch 62/70 74/77 loss: 0.4501 time 0.32s 
2026-04-25 15:41:13,784 - INFO - Epoch 62/70 75/77 loss: 0.4469 time 0.32s 
2026-04-25 15:41:13,964 - INFO - Epoch 62/70 76/77 loss: 0.4463 time 0.18s 
2026-04-25 15:41:14,040 - INFO - Latest training  62/69 loss: 0.4463 time 25.28s  lr: 1.0000e-04
2026-04-25 15:41:14,041 - INFO - Estimated remaining training time for the current model fold 0 is 0.09 hr, running time 0.82 hr, est total time 0.91 hr 

2026-04-25 15:41:15,027 - INFO - Epoch 63/70 0/77 loss: 0.4378 time 0.98s 
2026-04-25 15:41:15,351 - INFO - Epoch 63/70 1/77 loss: 0.4945 time 0.32s 
2026-04-25 15:41:15,673 - INFO - Epoch 63/70 2/77 loss: 0.4541 time 0.32s 
2026-04-25 15:41:15,997 - INFO - Epoch 63/70 3/77 loss: 0.4517 time 0.32s 
2026-04-25 15:41:16,317 - INFO - Epoch 63/70 4/77 loss: 0.4238 time 0.32s 
2026-04-25 15:41:16,638 - INFO - Epoch 63/70 5/77 loss: 0.4054 time 0.32s 
2026-04-25 15:41:16,959 - INFO - Epoch 63/70 6/77 loss: 0.4022 time 0.32s 
2026-04-25 15:41:17,282 - INFO - Epoch 63/70 7/77 loss: 0.4050 time 0.32s 
2026-04-25 15:41:17,602 - INFO - Epoch 63/70 8/77 loss: 0.4040 time 0.32s 
2026-04-25 15:41:17,921 - INFO - Epoch 63/70 9/77 loss: 0.4013 time 0.32s 
2026-04-25 15:41:18,243 - INFO - Epoch 63/70 10/77 loss: 0.3960 time 0.32s 
2026-04-25 15:41:18,565 - INFO - Epoch 63/70 11/77 loss: 0.3848 time 0.32s 
2026-04-25 15:41:18,884 - INFO - Epoch 63/70 12/77 loss: 0.3823 time 0.32s 
2026-04-25 15:41:19,206 - INFO - Epoch 63/70 13/77 loss: 0.3809 time 0.32s 
2026-04-25 15:41:19,527 - INFO - Epoch 63/70 14/77 loss: 0.3833 time 0.32s 
2026-04-25 15:41:19,849 - INFO - Epoch 63/70 15/77 loss: 0.3843 time 0.32s 
2026-04-25 15:41:20,167 - INFO - Epoch 63/70 16/77 loss: 0.3845 time 0.32s 
2026-04-25 15:41:20,489 - INFO - Epoch 63/70 17/77 loss: 0.4012 time 0.32s 
2026-04-25 15:41:20,811 - INFO - Epoch 63/70 18/77 loss: 0.3957 time 0.32s 
2026-04-25 15:41:21,137 - INFO - Epoch 63/70 19/77 loss: 0.3978 time 0.33s 
2026-04-25 15:41:21,458 - INFO - Epoch 63/70 20/77 loss: 0.4030 time 0.32s 
2026-04-25 15:41:21,780 - INFO - Epoch 63/70 21/77 loss: 0.3996 time 0.32s 
2026-04-25 15:41:22,101 - INFO - Epoch 63/70 22/77 loss: 0.3889 time 0.32s 
2026-04-25 15:41:22,423 - INFO - Epoch 63/70 23/77 loss: 0.3977 time 0.32s 
2026-04-25 15:41:22,743 - INFO - Epoch 63/70 24/77 loss: 0.3995 time 0.32s 
2026-04-25 15:41:23,065 - INFO - Epoch 63/70 25/77 loss: 0.4008 time 0.32s 
2026-04-25 15:41:23,388 - INFO - Epoch 63/70 26/77 loss: 0.3988 time 0.32s 
2026-04-25 15:41:23,711 - INFO - Epoch 63/70 27/77 loss: 0.3969 time 0.32s 
2026-04-25 15:41:24,031 - INFO - Epoch 63/70 28/77 loss: 0.3933 time 0.32s 
2026-04-25 15:41:24,353 - INFO - Epoch 63/70 29/77 loss: 0.3927 time 0.32s 
2026-04-25 15:41:24,675 - INFO - Epoch 63/70 30/77 loss: 0.3941 time 0.32s 
2026-04-25 15:41:24,996 - INFO - Epoch 63/70 31/77 loss: 0.3928 time 0.32s 
2026-04-25 15:41:25,318 - INFO - Epoch 63/70 32/77 loss: 0.3970 time 0.32s 
2026-04-25 15:41:25,641 - INFO - Epoch 63/70 33/77 loss: 0.4007 time 0.32s 
2026-04-25 15:41:25,964 - INFO - Epoch 63/70 34/77 loss: 0.4013 time 0.32s 
2026-04-25 15:41:26,284 - INFO - Epoch 63/70 35/77 loss: 0.4154 time 0.32s 
2026-04-25 15:41:26,605 - INFO - Epoch 63/70 36/77 loss: 0.4134 time 0.32s 
2026-04-25 15:41:26,926 - INFO - Epoch 63/70 37/77 loss: 0.4095 time 0.32s 
2026-04-25 15:41:27,248 - INFO - Epoch 63/70 38/77 loss: 0.4162 time 0.32s 
2026-04-25 15:41:27,570 - INFO - Epoch 63/70 39/77 loss: 0.4159 time 0.32s 
2026-04-25 15:41:27,892 - INFO - Epoch 63/70 40/77 loss: 0.4176 time 0.32s 
2026-04-25 15:41:28,214 - INFO - Epoch 63/70 41/77 loss: 0.4201 time 0.32s 
2026-04-25 15:41:28,535 - INFO - Epoch 63/70 42/77 loss: 0.4176 time 0.32s 
2026-04-25 15:41:28,857 - INFO - Epoch 63/70 43/77 loss: 0.4185 time 0.32s 
2026-04-25 15:41:29,176 - INFO - Epoch 63/70 44/77 loss: 0.4220 time 0.32s 
2026-04-25 15:41:29,497 - INFO - Epoch 63/70 45/77 loss: 0.4247 time 0.32s 
2026-04-25 15:41:29,818 - INFO - Epoch 63/70 46/77 loss: 0.4234 time 0.32s 
2026-04-25 15:41:30,143 - INFO - Epoch 63/70 47/77 loss: 0.4250 time 0.32s 
2026-04-25 15:41:30,463 - INFO - Epoch 63/70 48/77 loss: 0.4251 time 0.32s 
2026-04-25 15:41:30,783 - INFO - Epoch 63/70 49/77 loss: 0.4228 time 0.32s 
2026-04-25 15:41:31,103 - INFO - Epoch 63/70 50/77 loss: 0.4217 time 0.32s 
2026-04-25 15:41:31,424 - INFO - Epoch 63/70 51/77 loss: 0.4270 time 0.32s 
2026-04-25 15:41:31,743 - INFO - Epoch 63/70 52/77 loss: 0.4274 time 0.32s 
2026-04-25 15:41:32,064 - INFO - Epoch 63/70 53/77 loss: 0.4271 time 0.32s 
2026-04-25 15:41:32,385 - INFO - Epoch 63/70 54/77 loss: 0.4254 time 0.32s 
2026-04-25 15:41:32,706 - INFO - Epoch 63/70 55/77 loss: 0.4245 time 0.32s 
2026-04-25 15:41:33,026 - INFO - Epoch 63/70 56/77 loss: 0.4223 time 0.32s 
2026-04-25 15:41:33,347 - INFO - Epoch 63/70 57/77 loss: 0.4208 time 0.32s 
2026-04-25 15:41:33,669 - INFO - Epoch 63/70 58/77 loss: 0.4224 time 0.32s 
2026-04-25 15:41:33,990 - INFO - Epoch 63/70 59/77 loss: 0.4225 time 0.32s 
2026-04-25 15:41:34,310 - INFO - Epoch 63/70 60/77 loss: 0.4231 time 0.32s 
2026-04-25 15:41:34,633 - INFO - Epoch 63/70 61/77 loss: 0.4281 time 0.32s 
2026-04-25 15:41:34,955 - INFO - Epoch 63/70 62/77 loss: 0.4316 time 0.32s 
2026-04-25 15:41:35,275 - INFO - Epoch 63/70 63/77 loss: 0.4303 time 0.32s 
2026-04-25 15:41:35,596 - INFO - Epoch 63/70 64/77 loss: 0.4315 time 0.32s 
2026-04-25 15:41:35,918 - INFO - Epoch 63/70 65/77 loss: 0.4335 time 0.32s 
2026-04-25 15:41:36,239 - INFO - Epoch 63/70 66/77 loss: 0.4391 time 0.32s 
2026-04-25 15:41:36,566 - INFO - Epoch 63/70 67/77 loss: 0.4416 time 0.33s 
2026-04-25 15:41:36,891 - INFO - Epoch 63/70 68/77 loss: 0.4399 time 0.32s 
2026-04-25 15:41:37,209 - INFO - Epoch 63/70 69/77 loss: 0.4414 time 0.32s 
2026-04-25 15:41:37,525 - INFO - Epoch 63/70 70/77 loss: 0.4413 time 0.32s 
2026-04-25 15:41:37,844 - INFO - Epoch 63/70 71/77 loss: 0.4398 time 0.32s 
2026-04-25 15:41:38,162 - INFO - Epoch 63/70 72/77 loss: 0.4433 time 0.32s 
2026-04-25 15:41:38,479 - INFO - Epoch 63/70 73/77 loss: 0.4471 time 0.32s 
2026-04-25 15:41:38,796 - INFO - Epoch 63/70 74/77 loss: 0.4514 time 0.32s 
2026-04-25 15:41:39,116 - INFO - Epoch 63/70 75/77 loss: 0.4476 time 0.32s 
2026-04-25 15:41:39,293 - INFO - Epoch 63/70 76/77 loss: 0.4482 time 0.18s 
2026-04-25 15:41:39,383 - INFO - Latest training  63/69 loss: 0.4482 time 25.34s  lr: 1.0000e-04
2026-04-25 15:41:39,384 - INFO - Estimated remaining training time for the current model fold 0 is 0.08 hr, running time 0.83 hr, est total time 0.91 hr 

2026-04-25 15:41:40,399 - INFO - Epoch 64/70 0/77 loss: 0.1978 time 1.01s 
2026-04-25 15:41:40,722 - INFO - Epoch 64/70 1/77 loss: 0.2197 time 0.32s 
2026-04-25 15:41:41,043 - INFO - Epoch 64/70 2/77 loss: 0.3602 time 0.32s 
2026-04-25 15:41:41,364 - INFO - Epoch 64/70 3/77 loss: 0.3646 time 0.32s 
2026-04-25 15:41:41,686 - INFO - Epoch 64/70 4/77 loss: 0.3921 time 0.32s 
2026-04-25 15:41:42,007 - INFO - Epoch 64/70 5/77 loss: 0.4334 time 0.32s 
2026-04-25 15:41:42,327 - INFO - Epoch 64/70 6/77 loss: 0.4294 time 0.32s 
2026-04-25 15:41:42,647 - INFO - Epoch 64/70 7/77 loss: 0.4291 time 0.32s 
2026-04-25 15:41:42,969 - INFO - Epoch 64/70 8/77 loss: 0.4447 time 0.32s 
2026-04-25 15:41:43,290 - INFO - Epoch 64/70 9/77 loss: 0.4360 time 0.32s 
2026-04-25 15:41:43,610 - INFO - Epoch 64/70 10/77 loss: 0.4360 time 0.32s 
2026-04-25 15:41:43,932 - INFO - Epoch 64/70 11/77 loss: 0.4360 time 0.32s 
2026-04-25 15:41:44,253 - INFO - Epoch 64/70 12/77 loss: 0.4467 time 0.32s 
2026-04-25 15:41:44,580 - INFO - Epoch 64/70 13/77 loss: 0.4349 time 0.33s 
2026-04-25 15:41:44,901 - INFO - Epoch 64/70 14/77 loss: 0.4229 time 0.32s 
2026-04-25 15:41:45,222 - INFO - Epoch 64/70 15/77 loss: 0.4333 time 0.32s 
2026-04-25 15:41:45,544 - INFO - Epoch 64/70 16/77 loss: 0.4239 time 0.32s 
2026-04-25 15:41:45,866 - INFO - Epoch 64/70 17/77 loss: 0.4159 time 0.32s 
2026-04-25 15:41:46,189 - INFO - Epoch 64/70 18/77 loss: 0.4100 time 0.32s 
2026-04-25 15:41:46,510 - INFO - Epoch 64/70 19/77 loss: 0.4003 time 0.32s 
2026-04-25 15:41:46,833 - INFO - Epoch 64/70 20/77 loss: 0.4101 time 0.32s 
2026-04-25 15:41:47,154 - INFO - Epoch 64/70 21/77 loss: 0.4101 time 0.32s 
2026-04-25 15:41:47,476 - INFO - Epoch 64/70 22/77 loss: 0.4254 time 0.32s 
2026-04-25 15:41:47,798 - INFO - Epoch 64/70 23/77 loss: 0.4265 time 0.32s 
2026-04-25 15:41:48,121 - INFO - Epoch 64/70 24/77 loss: 0.4289 time 0.32s 
2026-04-25 15:41:48,443 - INFO - Epoch 64/70 25/77 loss: 0.4228 time 0.32s 
2026-04-25 15:41:48,764 - INFO - Epoch 64/70 26/77 loss: 0.4254 time 0.32s 
2026-04-25 15:41:49,086 - INFO - Epoch 64/70 27/77 loss: 0.4244 time 0.32s 
2026-04-25 15:41:49,406 - INFO - Epoch 64/70 28/77 loss: 0.4252 time 0.32s 
2026-04-25 15:41:49,729 - INFO - Epoch 64/70 29/77 loss: 0.4332 time 0.32s 
2026-04-25 15:41:50,050 - INFO - Epoch 64/70 30/77 loss: 0.4314 time 0.32s 
2026-04-25 15:41:50,373 - INFO - Epoch 64/70 31/77 loss: 0.4310 time 0.32s 
2026-04-25 15:41:50,694 - INFO - Epoch 64/70 32/77 loss: 0.4290 time 0.32s 
2026-04-25 15:41:51,016 - INFO - Epoch 64/70 33/77 loss: 0.4308 time 0.32s 
2026-04-25 15:41:51,337 - INFO - Epoch 64/70 34/77 loss: 0.4415 time 0.32s 
2026-04-25 15:41:51,657 - INFO - Epoch 64/70 35/77 loss: 0.4467 time 0.32s 
2026-04-25 15:41:51,978 - INFO - Epoch 64/70 36/77 loss: 0.4521 time 0.32s 
2026-04-25 15:41:52,301 - INFO - Epoch 64/70 37/77 loss: 0.4509 time 0.32s 
2026-04-25 15:41:52,624 - INFO - Epoch 64/70 38/77 loss: 0.4496 time 0.32s 
2026-04-25 15:41:52,946 - INFO - Epoch 64/70 39/77 loss: 0.4560 time 0.32s 
2026-04-25 15:41:53,269 - INFO - Epoch 64/70 40/77 loss: 0.4594 time 0.32s 
2026-04-25 15:41:53,589 - INFO - Epoch 64/70 41/77 loss: 0.4609 time 0.32s 
2026-04-25 15:41:53,910 - INFO - Epoch 64/70 42/77 loss: 0.4646 time 0.32s 
2026-04-25 15:41:54,231 - INFO - Epoch 64/70 43/77 loss: 0.4707 time 0.32s 
2026-04-25 15:41:54,553 - INFO - Epoch 64/70 44/77 loss: 0.4660 time 0.32s 
2026-04-25 15:41:54,874 - INFO - Epoch 64/70 45/77 loss: 0.4731 time 0.32s 
2026-04-25 15:41:55,196 - INFO - Epoch 64/70 46/77 loss: 0.4680 time 0.32s 
2026-04-25 15:41:55,519 - INFO - Epoch 64/70 47/77 loss: 0.4650 time 0.32s 
2026-04-25 15:41:55,841 - INFO - Epoch 64/70 48/77 loss: 0.4624 time 0.32s 
2026-04-25 15:41:56,164 - INFO - Epoch 64/70 49/77 loss: 0.4646 time 0.32s 
2026-04-25 15:41:56,490 - INFO - Epoch 64/70 50/77 loss: 0.4697 time 0.33s 
2026-04-25 15:41:56,813 - INFO - Epoch 64/70 51/77 loss: 0.4699 time 0.32s 
2026-04-25 15:41:57,137 - INFO - Epoch 64/70 52/77 loss: 0.4854 time 0.32s 
2026-04-25 15:41:57,460 - INFO - Epoch 64/70 53/77 loss: 0.4839 time 0.32s 
2026-04-25 15:41:57,783 - INFO - Epoch 64/70 54/77 loss: 0.4832 time 0.32s 
2026-04-25 15:41:58,105 - INFO - Epoch 64/70 55/77 loss: 0.4799 time 0.32s 
2026-04-25 15:41:58,429 - INFO - Epoch 64/70 56/77 loss: 0.4754 time 0.32s 
2026-04-25 15:41:58,750 - INFO - Epoch 64/70 57/77 loss: 0.4738 time 0.32s 
2026-04-25 15:41:59,073 - INFO - Epoch 64/70 58/77 loss: 0.4758 time 0.32s 
2026-04-25 15:41:59,401 - INFO - Epoch 64/70 59/77 loss: 0.4762 time 0.33s 
2026-04-25 15:41:59,725 - INFO - Epoch 64/70 60/77 loss: 0.4726 time 0.32s 
2026-04-25 15:42:00,050 - INFO - Epoch 64/70 61/77 loss: 0.4721 time 0.32s 
2026-04-25 15:42:00,371 - INFO - Epoch 64/70 62/77 loss: 0.4688 time 0.32s 
2026-04-25 15:42:00,693 - INFO - Epoch 64/70 63/77 loss: 0.4646 time 0.32s 
2026-04-25 15:42:01,018 - INFO - Epoch 64/70 64/77 loss: 0.4624 time 0.32s 
2026-04-25 15:42:01,341 - INFO - Epoch 64/70 65/77 loss: 0.4599 time 0.32s 
2026-04-25 15:42:01,660 - INFO - Epoch 64/70 66/77 loss: 0.4594 time 0.32s 
2026-04-25 15:42:01,983 - INFO - Epoch 64/70 67/77 loss: 0.4566 time 0.32s 
2026-04-25 15:42:02,304 - INFO - Epoch 64/70 68/77 loss: 0.4571 time 0.32s 
2026-04-25 15:42:02,623 - INFO - Epoch 64/70 69/77 loss: 0.4563 time 0.32s 
2026-04-25 15:42:02,941 - INFO - Epoch 64/70 70/77 loss: 0.4573 time 0.32s 
2026-04-25 15:42:03,258 - INFO - Epoch 64/70 71/77 loss: 0.4549 time 0.32s 
2026-04-25 15:42:03,576 - INFO - Epoch 64/70 72/77 loss: 0.4540 time 0.32s 
2026-04-25 15:42:03,894 - INFO - Epoch 64/70 73/77 loss: 0.4544 time 0.32s 
2026-04-25 15:42:04,212 - INFO - Epoch 64/70 74/77 loss: 0.4578 time 0.32s 
2026-04-25 15:42:04,531 - INFO - Epoch 64/70 75/77 loss: 0.4577 time 0.32s 
2026-04-25 15:42:04,709 - INFO - Epoch 64/70 76/77 loss: 0.4581 time 0.18s 
2026-04-25 15:42:04,801 - INFO - Latest training  64/69 loss: 0.4581 time 25.42s  lr: 1.0000e-04
2026-04-25 15:42:10,319 - INFO - Val 64/70 0/30 loss: 0.8079 acc 0.7394594594594595  time 5.50s
2026-04-25 15:42:13,889 - INFO - Val 64/70 1/30 loss: 0.5531 acc 0.8344988344988346  time 3.57s
2026-04-25 15:42:17,527 - INFO - Val 64/70 2/30 loss: 0.5169 acc 0.8338192419825073  time 3.64s
2026-04-25 15:42:21,045 - INFO - Val 64/70 3/30 loss: 0.3411 acc 0.8525641025641025  time 3.52s
2026-04-25 15:42:24,622 - INFO - Val 64/70 4/30 loss: 0.4252 acc 0.8035143769968051  time 3.58s
2026-04-25 15:42:28,354 - INFO - Val 64/70 5/30 loss: 0.7580 acc 0.8225446428571429  time 3.73s
2026-04-25 15:42:32,001 - INFO - Val 64/70 6/30 loss: 0.6618 acc 0.7771664374140302  time 3.65s
2026-04-25 15:42:35,547 - INFO - Val 64/70 7/30 loss: 0.2849 acc 0.89937106918239  time 3.55s
2026-04-25 15:42:39,293 - INFO - Val 64/70 8/30 loss: 0.8538 acc 0.8219832735961768  time 3.75s
2026-04-25 15:42:42,950 - INFO - Val 64/70 9/30 loss: 0.5222 acc 0.8679525222551929  time 3.66s
2026-04-25 15:42:46,500 - INFO - Val 64/70 10/30 loss: 0.3081 acc 0.875  time 3.55s
2026-04-25 15:42:50,081 - INFO - Val 64/70 11/30 loss: 0.3960 acc 0.8685968819599109  time 3.58s
2026-04-25 15:42:53,586 - INFO - Val 64/70 12/30 loss: 0.3386 acc 0.8171641791044776  time 3.51s
2026-04-25 15:42:57,274 - INFO - Val 64/70 13/30 loss: 0.5911 acc 0.8522238163558106  time 3.69s
2026-04-25 15:43:00,761 - INFO - Val 64/70 14/30 loss: 0.2100 acc 0.8120805369127517  time 3.49s
2026-04-25 15:43:04,330 - INFO - Val 64/70 15/30 loss: 0.3058 acc 0.8517745302713987  time 3.57s
2026-04-25 15:43:07,996 - INFO - Val 64/70 16/30 loss: 0.6553 acc 0.8492392807745505  time 3.67s
2026-04-25 15:43:11,602 - INFO - Val 64/70 17/30 loss: 0.4334 acc 0.7820738137082601  time 3.61s
2026-04-25 15:43:15,169 - INFO - Val 64/70 18/30 loss: 0.6298 acc 0.7757201646090535  time 3.57s
2026-04-25 15:43:18,747 - INFO - Val 64/70 19/30 loss: 0.4353 acc 0.8445807770961146  time 3.58s
2026-04-25 15:43:22,310 - INFO - Val 64/70 20/30 loss: 0.2817 acc 0.8952205882352942  time 3.56s
2026-04-25 15:43:25,883 - INFO - Val 64/70 21/30 loss: 0.2451 acc 0.9236499068901304  time 3.57s
2026-04-25 15:43:29,330 - INFO - Val 64/70 22/30 loss: 0.1769 acc 0.8905660377358491  time 3.45s
2026-04-25 15:43:33,036 - INFO - Val 64/70 23/30 loss: 0.4729 acc 0.8811881188118812  time 3.71s
2026-04-25 15:43:36,594 - INFO - Val 64/70 24/30 loss: 0.2621 acc 0.8969072164948454  time 3.56s
2026-04-25 15:43:40,136 - INFO - Val 64/70 25/30 loss: 0.4436 acc 0.7072599531615925  time 3.54s
2026-04-25 15:43:43,912 - INFO - Val 64/70 26/30 loss: 0.7558 acc 0.8483904465212876  time 3.78s
2026-04-25 15:43:47,448 - INFO - Val 64/70 27/30 loss: 0.5558 acc 0.711864406779661  time 3.54s
2026-04-25 15:43:51,101 - INFO - Val 64/70 28/30 loss: 0.5486 acc 0.8290960451977402  time 3.65s
2026-04-25 15:43:54,642 - INFO - Val 64/70 29/30 loss: 0.3445 acc 0.8248175182481752  time 3.54s
2026-04-25 15:43:54,726 - INFO - Latest validation 64/69 loss: 0.4705 acc_avg: 0.8330 acc: 0.833009660243988 time: 109.92s
2026-04-25 15:43:58,486 - INFO - Saving checkpoint process: ./models/puma/model_final.pt, {'epoch': 64, 'best_metric': 0.833009660243988}, save_time 3.76s
2026-04-25 15:43:58,487 - INFO - Estimated remaining training time for the current model fold 0 is 0.04 hr, running time 0.87 hr, est total time 0.91 hr 

2026-04-25 15:43:59,547 - INFO - Epoch 65/70 0/77 loss: 1.1147 time 1.06s 
2026-04-25 15:43:59,873 - INFO - Epoch 65/70 1/77 loss: 0.8337 time 0.33s 
2026-04-25 15:44:00,200 - INFO - Epoch 65/70 2/77 loss: 0.7709 time 0.33s 
2026-04-25 15:44:00,524 - INFO - Epoch 65/70 3/77 loss: 0.6910 time 0.32s 
2026-04-25 15:44:00,846 - INFO - Epoch 65/70 4/77 loss: 0.6505 time 0.32s 
2026-04-25 15:44:01,167 - INFO - Epoch 65/70 5/77 loss: 0.6082 time 0.32s 
2026-04-25 15:44:01,489 - INFO - Epoch 65/70 6/77 loss: 0.6002 time 0.32s 
2026-04-25 15:44:01,810 - INFO - Epoch 65/70 7/77 loss: 0.6045 time 0.32s 
2026-04-25 15:44:02,131 - INFO - Epoch 65/70 8/77 loss: 0.5621 time 0.32s 
2026-04-25 15:44:02,456 - INFO - Epoch 65/70 9/77 loss: 0.5769 time 0.32s 
2026-04-25 15:44:02,777 - INFO - Epoch 65/70 10/77 loss: 0.5657 time 0.32s 
2026-04-25 15:44:03,098 - INFO - Epoch 65/70 11/77 loss: 0.5546 time 0.32s 
2026-04-25 15:44:03,419 - INFO - Epoch 65/70 12/77 loss: 0.5278 time 0.32s 
2026-04-25 15:44:03,740 - INFO - Epoch 65/70 13/77 loss: 0.5170 time 0.32s 
2026-04-25 15:44:04,062 - INFO - Epoch 65/70 14/77 loss: 0.5126 time 0.32s 
2026-04-25 15:44:04,385 - INFO - Epoch 65/70 15/77 loss: 0.4974 time 0.32s 
2026-04-25 15:44:04,706 - INFO - Epoch 65/70 16/77 loss: 0.4919 time 0.32s 
2026-04-25 15:44:05,028 - INFO - Epoch 65/70 17/77 loss: 0.4997 time 0.32s 
2026-04-25 15:44:05,350 - INFO - Epoch 65/70 18/77 loss: 0.4929 time 0.32s 
2026-04-25 15:44:05,669 - INFO - Epoch 65/70 19/77 loss: 0.4960 time 0.32s 
2026-04-25 15:44:05,992 - INFO - Epoch 65/70 20/77 loss: 0.4893 time 0.32s 
2026-04-25 15:44:06,313 - INFO - Epoch 65/70 21/77 loss: 0.4907 time 0.32s 
2026-04-25 15:44:06,633 - INFO - Epoch 65/70 22/77 loss: 0.4945 time 0.32s 
2026-04-25 15:44:06,968 - INFO - Epoch 65/70 23/77 loss: 0.5121 time 0.33s 
2026-04-25 15:44:07,296 - INFO - Epoch 65/70 24/77 loss: 0.5008 time 0.33s 
2026-04-25 15:44:07,619 - INFO - Epoch 65/70 25/77 loss: 0.4912 time 0.32s 
2026-04-25 15:44:07,942 - INFO - Epoch 65/70 26/77 loss: 0.4847 time 0.32s 
2026-04-25 15:44:08,264 - INFO - Epoch 65/70 27/77 loss: 0.4802 time 0.32s 
2026-04-25 15:44:08,585 - INFO - Epoch 65/70 28/77 loss: 0.4725 time 0.32s 
2026-04-25 15:44:08,905 - INFO - Epoch 65/70 29/77 loss: 0.4737 time 0.32s 
2026-04-25 15:44:09,228 - INFO - Epoch 65/70 30/77 loss: 0.4723 time 0.32s 
2026-04-25 15:44:09,550 - INFO - Epoch 65/70 31/77 loss: 0.4691 time 0.32s 
2026-04-25 15:44:09,871 - INFO - Epoch 65/70 32/77 loss: 0.4652 time 0.32s 
2026-04-25 15:44:10,192 - INFO - Epoch 65/70 33/77 loss: 0.4651 time 0.32s 
2026-04-25 15:44:10,512 - INFO - Epoch 65/70 34/77 loss: 0.4642 time 0.32s 
2026-04-25 15:44:10,835 - INFO - Epoch 65/70 35/77 loss: 0.4648 time 0.32s 
2026-04-25 15:44:11,155 - INFO - Epoch 65/70 36/77 loss: 0.4714 time 0.32s 
2026-04-25 15:44:11,476 - INFO - Epoch 65/70 37/77 loss: 0.4674 time 0.32s 
2026-04-25 15:44:11,797 - INFO - Epoch 65/70 38/77 loss: 0.4623 time 0.32s 
2026-04-25 15:44:12,118 - INFO - Epoch 65/70 39/77 loss: 0.4586 time 0.32s 
2026-04-25 15:44:12,440 - INFO - Epoch 65/70 40/77 loss: 0.4591 time 0.32s 
2026-04-25 15:44:12,761 - INFO - Epoch 65/70 41/77 loss: 0.4641 time 0.32s 
2026-04-25 15:44:13,082 - INFO - Epoch 65/70 42/77 loss: 0.4619 time 0.32s 
2026-04-25 15:44:13,404 - INFO - Epoch 65/70 43/77 loss: 0.4659 time 0.32s 
2026-04-25 15:44:13,724 - INFO - Epoch 65/70 44/77 loss: 0.4660 time 0.32s 
2026-04-25 15:44:14,045 - INFO - Epoch 65/70 45/77 loss: 0.4614 time 0.32s 
2026-04-25 15:44:14,368 - INFO - Epoch 65/70 46/77 loss: 0.4611 time 0.32s 
2026-04-25 15:44:14,689 - INFO - Epoch 65/70 47/77 loss: 0.4581 time 0.32s 
2026-04-25 15:44:15,008 - INFO - Epoch 65/70 48/77 loss: 0.4534 time 0.32s 
2026-04-25 15:44:15,330 - INFO - Epoch 65/70 49/77 loss: 0.4498 time 0.32s 
2026-04-25 15:44:15,650 - INFO - Epoch 65/70 50/77 loss: 0.4512 time 0.32s 
2026-04-25 15:44:15,972 - INFO - Epoch 65/70 51/77 loss: 0.4502 time 0.32s 
2026-04-25 15:44:16,296 - INFO - Epoch 65/70 52/77 loss: 0.4516 time 0.32s 
2026-04-25 15:44:16,616 - INFO - Epoch 65/70 53/77 loss: 0.4609 time 0.32s 
2026-04-25 15:44:16,937 - INFO - Epoch 65/70 54/77 loss: 0.4562 time 0.32s 
2026-04-25 15:44:17,259 - INFO - Epoch 65/70 55/77 loss: 0.4564 time 0.32s 
2026-04-25 15:44:17,581 - INFO - Epoch 65/70 56/77 loss: 0.4528 time 0.32s 
2026-04-25 15:44:17,902 - INFO - Epoch 65/70 57/77 loss: 0.4534 time 0.32s 
2026-04-25 15:44:18,223 - INFO - Epoch 65/70 58/77 loss: 0.4529 time 0.32s 
2026-04-25 15:44:18,543 - INFO - Epoch 65/70 59/77 loss: 0.4503 time 0.32s 
2026-04-25 15:44:18,862 - INFO - Epoch 65/70 60/77 loss: 0.4487 time 0.32s 
2026-04-25 15:44:19,182 - INFO - Epoch 65/70 61/77 loss: 0.4447 time 0.32s 
2026-04-25 15:44:19,505 - INFO - Epoch 65/70 62/77 loss: 0.4444 time 0.32s 
2026-04-25 15:44:19,827 - INFO - Epoch 65/70 63/77 loss: 0.4426 time 0.32s 
2026-04-25 15:44:20,147 - INFO - Epoch 65/70 64/77 loss: 0.4402 time 0.32s 
2026-04-25 15:44:20,468 - INFO - Epoch 65/70 65/77 loss: 0.4375 time 0.32s 
2026-04-25 15:44:20,790 - INFO - Epoch 65/70 66/77 loss: 0.4343 time 0.32s 
2026-04-25 15:44:21,110 - INFO - Epoch 65/70 67/77 loss: 0.4346 time 0.32s 
2026-04-25 15:44:21,431 - INFO - Epoch 65/70 68/77 loss: 0.4404 time 0.32s 
2026-04-25 15:44:21,749 - INFO - Epoch 65/70 69/77 loss: 0.4472 time 0.32s 
2026-04-25 15:44:22,068 - INFO - Epoch 65/70 70/77 loss: 0.4457 time 0.32s 
2026-04-25 15:44:22,388 - INFO - Epoch 65/70 71/77 loss: 0.4472 time 0.32s 
2026-04-25 15:44:22,706 - INFO - Epoch 65/70 72/77 loss: 0.4459 time 0.32s 
2026-04-25 15:44:23,023 - INFO - Epoch 65/70 73/77 loss: 0.4447 time 0.32s 
2026-04-25 15:44:23,341 - INFO - Epoch 65/70 74/77 loss: 0.4455 time 0.32s 
2026-04-25 15:44:23,660 - INFO - Epoch 65/70 75/77 loss: 0.4463 time 0.32s 
2026-04-25 15:44:23,838 - INFO - Epoch 65/70 76/77 loss: 0.4457 time 0.18s 
2026-04-25 15:44:23,929 - INFO - Latest training  65/69 loss: 0.4457 time 25.44s  lr: 1.0000e-04
2026-04-25 15:44:23,929 - INFO - Estimated remaining training time for the current model fold 0 is 0.04 hr, running time 0.88 hr, est total time 0.91 hr 

2026-04-25 15:44:24,882 - INFO - Epoch 66/70 0/77 loss: 0.3936 time 0.95s 
2026-04-25 15:44:25,206 - INFO - Epoch 66/70 1/77 loss: 0.3270 time 0.32s 
2026-04-25 15:44:25,526 - INFO - Epoch 66/70 2/77 loss: 0.4447 time 0.32s 
2026-04-25 15:44:25,848 - INFO - Epoch 66/70 3/77 loss: 0.4311 time 0.32s 
2026-04-25 15:44:26,169 - INFO - Epoch 66/70 4/77 loss: 0.4350 time 0.32s 
2026-04-25 15:44:26,489 - INFO - Epoch 66/70 5/77 loss: 0.4730 time 0.32s 
2026-04-25 15:44:26,811 - INFO - Epoch 66/70 6/77 loss: 0.5096 time 0.32s 
2026-04-25 15:44:27,133 - INFO - Epoch 66/70 7/77 loss: 0.5060 time 0.32s 
2026-04-25 15:44:27,454 - INFO - Epoch 66/70 8/77 loss: 0.4723 time 0.32s 
2026-04-25 15:44:27,777 - INFO - Epoch 66/70 9/77 loss: 0.4667 time 0.32s 
2026-04-25 15:44:28,098 - INFO - Epoch 66/70 10/77 loss: 0.4527 time 0.32s 
2026-04-25 15:44:28,420 - INFO - Epoch 66/70 11/77 loss: 0.4593 time 0.32s 
2026-04-25 15:44:28,742 - INFO - Epoch 66/70 12/77 loss: 0.4550 time 0.32s 
2026-04-25 15:44:29,065 - INFO - Epoch 66/70 13/77 loss: 0.4595 time 0.32s 
2026-04-25 15:44:29,385 - INFO - Epoch 66/70 14/77 loss: 0.4459 time 0.32s 
2026-04-25 15:44:29,706 - INFO - Epoch 66/70 15/77 loss: 0.4499 time 0.32s 
2026-04-25 15:44:30,026 - INFO - Epoch 66/70 16/77 loss: 0.4550 time 0.32s 
2026-04-25 15:44:30,346 - INFO - Epoch 66/70 17/77 loss: 0.4516 time 0.32s 
2026-04-25 15:44:30,669 - INFO - Epoch 66/70 18/77 loss: 0.4590 time 0.32s 
2026-04-25 15:44:30,990 - INFO - Epoch 66/70 19/77 loss: 0.4553 time 0.32s 
2026-04-25 15:44:31,311 - INFO - Epoch 66/70 20/77 loss: 0.4560 time 0.32s 
2026-04-25 15:44:31,634 - INFO - Epoch 66/70 21/77 loss: 0.4564 time 0.32s 
2026-04-25 15:44:31,954 - INFO - Epoch 66/70 22/77 loss: 0.4597 time 0.32s 
2026-04-25 15:44:32,277 - INFO - Epoch 66/70 23/77 loss: 0.4644 time 0.32s 
2026-04-25 15:44:32,600 - INFO - Epoch 66/70 24/77 loss: 0.4676 time 0.32s 
2026-04-25 15:44:32,923 - INFO - Epoch 66/70 25/77 loss: 0.4618 time 0.32s 
2026-04-25 15:44:33,245 - INFO - Epoch 66/70 26/77 loss: 0.4624 time 0.32s 
2026-04-25 15:44:33,567 - INFO - Epoch 66/70 27/77 loss: 0.4648 time 0.32s 
2026-04-25 15:44:33,887 - INFO - Epoch 66/70 28/77 loss: 0.4628 time 0.32s 
2026-04-25 15:44:34,206 - INFO - Epoch 66/70 29/77 loss: 0.4609 time 0.32s 
2026-04-25 15:44:34,529 - INFO - Epoch 66/70 30/77 loss: 0.4647 time 0.32s 
2026-04-25 15:44:34,851 - INFO - Epoch 66/70 31/77 loss: 0.4590 time 0.32s 
2026-04-25 15:44:35,172 - INFO - Epoch 66/70 32/77 loss: 0.4700 time 0.32s 
2026-04-25 15:44:35,494 - INFO - Epoch 66/70 33/77 loss: 0.4654 time 0.32s 
2026-04-25 15:44:35,817 - INFO - Epoch 66/70 34/77 loss: 0.4665 time 0.32s 
2026-04-25 15:44:36,138 - INFO - Epoch 66/70 35/77 loss: 0.4648 time 0.32s 
2026-04-25 15:44:36,459 - INFO - Epoch 66/70 36/77 loss: 0.4649 time 0.32s 
2026-04-25 15:44:36,782 - INFO - Epoch 66/70 37/77 loss: 0.4743 time 0.32s 
2026-04-25 15:44:37,102 - INFO - Epoch 66/70 38/77 loss: 0.4777 time 0.32s 
2026-04-25 15:44:37,423 - INFO - Epoch 66/70 39/77 loss: 0.4696 time 0.32s 
2026-04-25 15:44:37,743 - INFO - Epoch 66/70 40/77 loss: 0.4714 time 0.32s 
2026-04-25 15:44:38,064 - INFO - Epoch 66/70 41/77 loss: 0.4686 time 0.32s 
2026-04-25 15:44:38,384 - INFO - Epoch 66/70 42/77 loss: 0.4766 time 0.32s 
2026-04-25 15:44:38,706 - INFO - Epoch 66/70 43/77 loss: 0.4750 time 0.32s 
2026-04-25 15:44:39,025 - INFO - Epoch 66/70 44/77 loss: 0.4734 time 0.32s 
2026-04-25 15:44:39,347 - INFO - Epoch 66/70 45/77 loss: 0.4713 time 0.32s 
2026-04-25 15:44:39,666 - INFO - Epoch 66/70 46/77 loss: 0.4717 time 0.32s 
2026-04-25 15:44:39,986 - INFO - Epoch 66/70 47/77 loss: 0.4731 time 0.32s 
2026-04-25 15:44:40,309 - INFO - Epoch 66/70 48/77 loss: 0.4671 time 0.32s 
2026-04-25 15:44:40,631 - INFO - Epoch 66/70 49/77 loss: 0.4663 time 0.32s 
2026-04-25 15:44:40,951 - INFO - Epoch 66/70 50/77 loss: 0.4631 time 0.32s 
2026-04-25 15:44:41,272 - INFO - Epoch 66/70 51/77 loss: 0.4623 time 0.32s 
2026-04-25 15:44:41,593 - INFO - Epoch 66/70 52/77 loss: 0.4596 time 0.32s 
2026-04-25 15:44:41,915 - INFO - Epoch 66/70 53/77 loss: 0.4582 time 0.32s 
2026-04-25 15:44:42,235 - INFO - Epoch 66/70 54/77 loss: 0.4583 time 0.32s 
2026-04-25 15:44:42,556 - INFO - Epoch 66/70 55/77 loss: 0.4560 time 0.32s 
2026-04-25 15:44:42,878 - INFO - Epoch 66/70 56/77 loss: 0.4549 time 0.32s 
2026-04-25 15:44:43,200 - INFO - Epoch 66/70 57/77 loss: 0.4603 time 0.32s 
2026-04-25 15:44:43,521 - INFO - Epoch 66/70 58/77 loss: 0.4604 time 0.32s 
2026-04-25 15:44:43,843 - INFO - Epoch 66/70 59/77 loss: 0.4574 time 0.32s 
2026-04-25 15:44:44,164 - INFO - Epoch 66/70 60/77 loss: 0.4573 time 0.32s 
2026-04-25 15:44:44,485 - INFO - Epoch 66/70 61/77 loss: 0.4583 time 0.32s 
2026-04-25 15:44:44,807 - INFO - Epoch 66/70 62/77 loss: 0.4595 time 0.32s 
2026-04-25 15:44:45,129 - INFO - Epoch 66/70 63/77 loss: 0.4587 time 0.32s 
2026-04-25 15:44:45,456 - INFO - Epoch 66/70 64/77 loss: 0.4615 time 0.33s 
2026-04-25 15:44:45,778 - INFO - Epoch 66/70 65/77 loss: 0.4597 time 0.32s 
2026-04-25 15:44:46,100 - INFO - Epoch 66/70 66/77 loss: 0.4567 time 0.32s 
2026-04-25 15:44:46,421 - INFO - Epoch 66/70 67/77 loss: 0.4544 time 0.32s 
2026-04-25 15:44:46,740 - INFO - Epoch 66/70 68/77 loss: 0.4532 time 0.32s 
2026-04-25 15:44:47,056 - INFO - Epoch 66/70 69/77 loss: 0.4498 time 0.32s 
2026-04-25 15:44:47,372 - INFO - Epoch 66/70 70/77 loss: 0.4474 time 0.32s 
2026-04-25 15:44:47,689 - INFO - Epoch 66/70 71/77 loss: 0.4440 time 0.32s 
2026-04-25 15:44:48,007 - INFO - Epoch 66/70 72/77 loss: 0.4464 time 0.32s 
2026-04-25 15:44:48,324 - INFO - Epoch 66/70 73/77 loss: 0.4445 time 0.32s 
2026-04-25 15:44:48,642 - INFO - Epoch 66/70 74/77 loss: 0.4450 time 0.32s 
2026-04-25 15:44:48,962 - INFO - Epoch 66/70 75/77 loss: 0.4469 time 0.32s 
2026-04-25 15:44:49,139 - INFO - Epoch 66/70 76/77 loss: 0.4463 time 0.18s 
2026-04-25 15:44:49,230 - INFO - Latest training  66/69 loss: 0.4463 time 25.30s  lr: 1.0000e-04
2026-04-25 15:44:49,231 - INFO - Estimated remaining training time for the current model fold 0 is 0.03 hr, running time 0.88 hr, est total time 0.91 hr 

2026-04-25 15:44:50,256 - INFO - Epoch 67/70 0/77 loss: 0.3744 time 1.02s 
2026-04-25 15:44:50,579 - INFO - Epoch 67/70 1/77 loss: 0.5233 time 0.32s 
2026-04-25 15:44:50,901 - INFO - Epoch 67/70 2/77 loss: 0.4491 time 0.32s 
2026-04-25 15:44:51,223 - INFO - Epoch 67/70 3/77 loss: 0.4662 time 0.32s 
2026-04-25 15:44:51,544 - INFO - Epoch 67/70 4/77 loss: 0.4568 time 0.32s 
2026-04-25 15:44:51,866 - INFO - Epoch 67/70 5/77 loss: 0.4655 time 0.32s 
2026-04-25 15:44:52,185 - INFO - Epoch 67/70 6/77 loss: 0.4706 time 0.32s 
2026-04-25 15:44:52,507 - INFO - Epoch 67/70 7/77 loss: 0.4676 time 0.32s 
2026-04-25 15:44:52,829 - INFO - Epoch 67/70 8/77 loss: 0.4646 time 0.32s 
2026-04-25 15:44:53,150 - INFO - Epoch 67/70 9/77 loss: 0.4435 time 0.32s 
2026-04-25 15:44:53,471 - INFO - Epoch 67/70 10/77 loss: 0.4256 time 0.32s 
2026-04-25 15:44:53,792 - INFO - Epoch 67/70 11/77 loss: 0.4145 time 0.32s 
2026-04-25 15:44:54,116 - INFO - Epoch 67/70 12/77 loss: 0.4069 time 0.32s 
2026-04-25 15:44:54,438 - INFO - Epoch 67/70 13/77 loss: 0.4155 time 0.32s 
2026-04-25 15:44:54,758 - INFO - Epoch 67/70 14/77 loss: 0.4101 time 0.32s 
2026-04-25 15:44:55,079 - INFO - Epoch 67/70 15/77 loss: 0.4036 time 0.32s 
2026-04-25 15:44:55,400 - INFO - Epoch 67/70 16/77 loss: 0.4035 time 0.32s 
2026-04-25 15:44:55,721 - INFO - Epoch 67/70 17/77 loss: 0.4062 time 0.32s 
2026-04-25 15:44:56,041 - INFO - Epoch 67/70 18/77 loss: 0.4099 time 0.32s 
2026-04-25 15:44:56,362 - INFO - Epoch 67/70 19/77 loss: 0.4149 time 0.32s 
2026-04-25 15:44:56,684 - INFO - Epoch 67/70 20/77 loss: 0.4126 time 0.32s 
2026-04-25 15:44:57,007 - INFO - Epoch 67/70 21/77 loss: 0.4291 time 0.32s 
2026-04-25 15:44:57,327 - INFO - Epoch 67/70 22/77 loss: 0.4290 time 0.32s 
2026-04-25 15:44:57,648 - INFO - Epoch 67/70 23/77 loss: 0.4268 time 0.32s 
2026-04-25 15:44:57,969 - INFO - Epoch 67/70 24/77 loss: 0.4252 time 0.32s 
2026-04-25 15:44:58,289 - INFO - Epoch 67/70 25/77 loss: 0.4251 time 0.32s 
2026-04-25 15:44:58,609 - INFO - Epoch 67/70 26/77 loss: 0.4247 time 0.32s 
2026-04-25 15:44:58,931 - INFO - Epoch 67/70 27/77 loss: 0.4241 time 0.32s 
2026-04-25 15:44:59,252 - INFO - Epoch 67/70 28/77 loss: 0.4191 time 0.32s 
2026-04-25 15:44:59,573 - INFO - Epoch 67/70 29/77 loss: 0.4201 time 0.32s 
2026-04-25 15:44:59,894 - INFO - Epoch 67/70 30/77 loss: 0.4141 time 0.32s 
2026-04-25 15:45:00,217 - INFO - Epoch 67/70 31/77 loss: 0.4191 time 0.32s 
2026-04-25 15:45:00,537 - INFO - Epoch 67/70 32/77 loss: 0.4173 time 0.32s 
2026-04-25 15:45:00,858 - INFO - Epoch 67/70 33/77 loss: 0.4232 time 0.32s 
2026-04-25 15:45:01,181 - INFO - Epoch 67/70 34/77 loss: 0.4172 time 0.32s 
2026-04-25 15:45:01,502 - INFO - Epoch 67/70 35/77 loss: 0.4180 time 0.32s 
2026-04-25 15:45:01,824 - INFO - Epoch 67/70 36/77 loss: 0.4152 time 0.32s 
2026-04-25 15:45:02,145 - INFO - Epoch 67/70 37/77 loss: 0.4277 time 0.32s 
2026-04-25 15:45:02,466 - INFO - Epoch 67/70 38/77 loss: 0.4272 time 0.32s 
2026-04-25 15:45:02,787 - INFO - Epoch 67/70 39/77 loss: 0.4241 time 0.32s 
2026-04-25 15:45:03,108 - INFO - Epoch 67/70 40/77 loss: 0.4292 time 0.32s 
2026-04-25 15:45:03,428 - INFO - Epoch 67/70 41/77 loss: 0.4289 time 0.32s 
2026-04-25 15:45:03,749 - INFO - Epoch 67/70 42/77 loss: 0.4255 time 0.32s 
2026-04-25 15:45:04,070 - INFO - Epoch 67/70 43/77 loss: 0.4288 time 0.32s 
2026-04-25 15:45:04,391 - INFO - Epoch 67/70 44/77 loss: 0.4272 time 0.32s 
2026-04-25 15:45:04,714 - INFO - Epoch 67/70 45/77 loss: 0.4309 time 0.32s 
2026-04-25 15:45:05,037 - INFO - Epoch 67/70 46/77 loss: 0.4282 time 0.32s 
2026-04-25 15:45:05,362 - INFO - Epoch 67/70 47/77 loss: 0.4242 time 0.33s 
2026-04-25 15:45:05,685 - INFO - Epoch 67/70 48/77 loss: 0.4222 time 0.32s 
2026-04-25 15:45:06,007 - INFO - Epoch 67/70 49/77 loss: 0.4200 time 0.32s 
2026-04-25 15:45:06,329 - INFO - Epoch 67/70 50/77 loss: 0.4169 time 0.32s 
2026-04-25 15:45:06,651 - INFO - Epoch 67/70 51/77 loss: 0.4146 time 0.32s 
2026-04-25 15:45:06,972 - INFO - Epoch 67/70 52/77 loss: 0.4130 time 0.32s 
2026-04-25 15:45:07,295 - INFO - Epoch 67/70 53/77 loss: 0.4161 time 0.32s 
2026-04-25 15:45:07,616 - INFO - Epoch 67/70 54/77 loss: 0.4160 time 0.32s 
2026-04-25 15:45:07,937 - INFO - Epoch 67/70 55/77 loss: 0.4148 time 0.32s 
2026-04-25 15:45:08,259 - INFO - Epoch 67/70 56/77 loss: 0.4140 time 0.32s 
2026-04-25 15:45:08,578 - INFO - Epoch 67/70 57/77 loss: 0.4121 time 0.32s 
2026-04-25 15:45:08,898 - INFO - Epoch 67/70 58/77 loss: 0.4078 time 0.32s 
2026-04-25 15:45:09,219 - INFO - Epoch 67/70 59/77 loss: 0.4055 time 0.32s 
2026-04-25 15:45:09,542 - INFO - Epoch 67/70 60/77 loss: 0.4081 time 0.32s 
2026-04-25 15:45:09,864 - INFO - Epoch 67/70 61/77 loss: 0.4075 time 0.32s 
2026-04-25 15:45:10,184 - INFO - Epoch 67/70 62/77 loss: 0.4150 time 0.32s 
2026-04-25 15:45:10,506 - INFO - Epoch 67/70 63/77 loss: 0.4162 time 0.32s 
2026-04-25 15:45:10,832 - INFO - Epoch 67/70 64/77 loss: 0.4180 time 0.33s 
2026-04-25 15:45:11,158 - INFO - Epoch 67/70 65/77 loss: 0.4155 time 0.33s 
2026-04-25 15:45:11,480 - INFO - Epoch 67/70 66/77 loss: 0.4171 time 0.32s 
2026-04-25 15:45:11,801 - INFO - Epoch 67/70 67/77 loss: 0.4174 time 0.32s 
2026-04-25 15:45:12,122 - INFO - Epoch 67/70 68/77 loss: 0.4155 time 0.32s 
2026-04-25 15:45:12,441 - INFO - Epoch 67/70 69/77 loss: 0.4156 time 0.32s 
2026-04-25 15:45:12,760 - INFO - Epoch 67/70 70/77 loss: 0.4153 time 0.32s 
2026-04-25 15:45:13,075 - INFO - Epoch 67/70 71/77 loss: 0.4133 time 0.32s 
2026-04-25 15:45:13,392 - INFO - Epoch 67/70 72/77 loss: 0.4165 time 0.32s 
2026-04-25 15:45:13,709 - INFO - Epoch 67/70 73/77 loss: 0.4184 time 0.32s 
2026-04-25 15:45:14,027 - INFO - Epoch 67/70 74/77 loss: 0.4179 time 0.32s 
2026-04-25 15:45:14,343 - INFO - Epoch 67/70 75/77 loss: 0.4205 time 0.32s 
2026-04-25 15:45:14,521 - INFO - Epoch 67/70 76/77 loss: 0.4192 time 0.18s 
2026-04-25 15:45:14,611 - INFO - Latest training  67/69 loss: 0.4192 time 25.38s  lr: 1.0000e-04
2026-04-25 15:45:14,612 - INFO - Estimated remaining training time for the current model fold 0 is 0.02 hr, running time 0.89 hr, est total time 0.91 hr 

2026-04-25 15:45:15,602 - INFO - Epoch 68/70 0/77 loss: 0.2265 time 0.99s 
2026-04-25 15:45:15,928 - INFO - Epoch 68/70 1/77 loss: 0.2345 time 0.32s 
2026-04-25 15:45:16,249 - INFO - Epoch 68/70 2/77 loss: 0.3283 time 0.32s 
2026-04-25 15:45:16,573 - INFO - Epoch 68/70 3/77 loss: 0.3534 time 0.32s 
2026-04-25 15:45:16,895 - INFO - Epoch 68/70 4/77 loss: 0.3746 time 0.32s 
2026-04-25 15:45:17,217 - INFO - Epoch 68/70 5/77 loss: 0.4129 time 0.32s 
2026-04-25 15:45:17,537 - INFO - Epoch 68/70 6/77 loss: 0.4234 time 0.32s 
2026-04-25 15:45:17,859 - INFO - Epoch 68/70 7/77 loss: 0.4611 time 0.32s 
2026-04-25 15:45:18,178 - INFO - Epoch 68/70 8/77 loss: 0.4928 time 0.32s 
2026-04-25 15:45:18,499 - INFO - Epoch 68/70 9/77 loss: 0.4770 time 0.32s 
2026-04-25 15:45:18,820 - INFO - Epoch 68/70 10/77 loss: 0.5009 time 0.32s 
2026-04-25 15:45:19,143 - INFO - Epoch 68/70 11/77 loss: 0.5022 time 0.32s 
2026-04-25 15:45:19,464 - INFO - Epoch 68/70 12/77 loss: 0.5042 time 0.32s 
2026-04-25 15:45:19,784 - INFO - Epoch 68/70 13/77 loss: 0.4915 time 0.32s 
2026-04-25 15:45:20,105 - INFO - Epoch 68/70 14/77 loss: 0.4788 time 0.32s 
2026-04-25 15:45:20,428 - INFO - Epoch 68/70 15/77 loss: 0.4673 time 0.32s 
2026-04-25 15:45:20,748 - INFO - Epoch 68/70 16/77 loss: 0.4608 time 0.32s 
2026-04-25 15:45:21,070 - INFO - Epoch 68/70 17/77 loss: 0.4491 time 0.32s 
2026-04-25 15:45:21,391 - INFO - Epoch 68/70 18/77 loss: 0.4558 time 0.32s 
2026-04-25 15:45:21,714 - INFO - Epoch 68/70 19/77 loss: 0.4466 time 0.32s 
2026-04-25 15:45:22,037 - INFO - Epoch 68/70 20/77 loss: 0.4404 time 0.32s 
2026-04-25 15:45:22,356 - INFO - Epoch 68/70 21/77 loss: 0.4500 time 0.32s 
2026-04-25 15:45:22,676 - INFO - Epoch 68/70 22/77 loss: 0.4516 time 0.32s 
2026-04-25 15:45:22,997 - INFO - Epoch 68/70 23/77 loss: 0.4619 time 0.32s 
2026-04-25 15:45:23,320 - INFO - Epoch 68/70 24/77 loss: 0.4608 time 0.32s 
2026-04-25 15:45:23,641 - INFO - Epoch 68/70 25/77 loss: 0.4530 time 0.32s 
2026-04-25 15:45:23,960 - INFO - Epoch 68/70 26/77 loss: 0.4446 time 0.32s 
2026-04-25 15:45:24,279 - INFO - Epoch 68/70 27/77 loss: 0.4511 time 0.32s 
2026-04-25 15:45:24,600 - INFO - Epoch 68/70 28/77 loss: 0.4680 time 0.32s 
2026-04-25 15:45:24,922 - INFO - Epoch 68/70 29/77 loss: 0.4656 time 0.32s 
2026-04-25 15:45:25,243 - INFO - Epoch 68/70 30/77 loss: 0.4712 time 0.32s 
2026-04-25 15:45:25,563 - INFO - Epoch 68/70 31/77 loss: 0.4621 time 0.32s 
2026-04-25 15:45:25,884 - INFO - Epoch 68/70 32/77 loss: 0.4604 time 0.32s 
2026-04-25 15:45:26,206 - INFO - Epoch 68/70 33/77 loss: 0.4622 time 0.32s 
2026-04-25 15:45:26,528 - INFO - Epoch 68/70 34/77 loss: 0.4659 time 0.32s 
2026-04-25 15:45:26,850 - INFO - Epoch 68/70 35/77 loss: 0.4635 time 0.32s 
2026-04-25 15:45:27,173 - INFO - Epoch 68/70 36/77 loss: 0.4617 time 0.32s 
2026-04-25 15:45:27,494 - INFO - Epoch 68/70 37/77 loss: 0.4599 time 0.32s 
2026-04-25 15:45:27,816 - INFO - Epoch 68/70 38/77 loss: 0.4529 time 0.32s 
2026-04-25 15:45:28,137 - INFO - Epoch 68/70 39/77 loss: 0.4529 time 0.32s 
2026-04-25 15:45:28,458 - INFO - Epoch 68/70 40/77 loss: 0.4494 time 0.32s 
2026-04-25 15:45:28,781 - INFO - Epoch 68/70 41/77 loss: 0.4472 time 0.32s 
2026-04-25 15:45:29,102 - INFO - Epoch 68/70 42/77 loss: 0.4450 time 0.32s 
2026-04-25 15:45:29,423 - INFO - Epoch 68/70 43/77 loss: 0.4423 time 0.32s 
2026-04-25 15:45:29,744 - INFO - Epoch 68/70 44/77 loss: 0.4420 time 0.32s 
2026-04-25 15:45:30,065 - INFO - Epoch 68/70 45/77 loss: 0.4395 time 0.32s 
2026-04-25 15:45:30,386 - INFO - Epoch 68/70 46/77 loss: 0.4380 time 0.32s 
2026-04-25 15:45:30,707 - INFO - Epoch 68/70 47/77 loss: 0.4388 time 0.32s 
2026-04-25 15:45:31,029 - INFO - Epoch 68/70 48/77 loss: 0.4369 time 0.32s 
2026-04-25 15:45:31,350 - INFO - Epoch 68/70 49/77 loss: 0.4364 time 0.32s 
2026-04-25 15:45:31,671 - INFO - Epoch 68/70 50/77 loss: 0.4391 time 0.32s 
2026-04-25 15:45:31,991 - INFO - Epoch 68/70 51/77 loss: 0.4369 time 0.32s 
2026-04-25 15:45:32,311 - INFO - Epoch 68/70 52/77 loss: 0.4366 time 0.32s 
2026-04-25 15:45:32,631 - INFO - Epoch 68/70 53/77 loss: 0.4377 time 0.32s 
2026-04-25 15:45:32,954 - INFO - Epoch 68/70 54/77 loss: 0.4423 time 0.32s 
2026-04-25 15:45:33,275 - INFO - Epoch 68/70 55/77 loss: 0.4468 time 0.32s 
2026-04-25 15:45:33,596 - INFO - Epoch 68/70 56/77 loss: 0.4469 time 0.32s 
2026-04-25 15:45:33,916 - INFO - Epoch 68/70 57/77 loss: 0.4468 time 0.32s 
2026-04-25 15:45:34,239 - INFO - Epoch 68/70 58/77 loss: 0.4474 time 0.32s 
2026-04-25 15:45:34,562 - INFO - Epoch 68/70 59/77 loss: 0.4462 time 0.32s 
2026-04-25 15:45:34,883 - INFO - Epoch 68/70 60/77 loss: 0.4494 time 0.32s 
2026-04-25 15:45:35,206 - INFO - Epoch 68/70 61/77 loss: 0.4500 time 0.32s 
2026-04-25 15:45:35,530 - INFO - Epoch 68/70 62/77 loss: 0.4468 time 0.32s 
2026-04-25 15:45:35,851 - INFO - Epoch 68/70 63/77 loss: 0.4539 time 0.32s 
2026-04-25 15:45:36,172 - INFO - Epoch 68/70 64/77 loss: 0.4573 time 0.32s 
2026-04-25 15:45:36,493 - INFO - Epoch 68/70 65/77 loss: 0.4576 time 0.32s 
2026-04-25 15:45:36,814 - INFO - Epoch 68/70 66/77 loss: 0.4556 time 0.32s 
2026-04-25 15:45:37,134 - INFO - Epoch 68/70 67/77 loss: 0.4548 time 0.32s 
2026-04-25 15:45:37,456 - INFO - Epoch 68/70 68/77 loss: 0.4517 time 0.32s 
2026-04-25 15:45:37,773 - INFO - Epoch 68/70 69/77 loss: 0.4516 time 0.32s 
2026-04-25 15:45:38,090 - INFO - Epoch 68/70 70/77 loss: 0.4536 time 0.32s 
2026-04-25 15:45:38,406 - INFO - Epoch 68/70 71/77 loss: 0.4520 time 0.32s 
2026-04-25 15:45:38,725 - INFO - Epoch 68/70 72/77 loss: 0.4510 time 0.32s 
2026-04-25 15:45:39,043 - INFO - Epoch 68/70 73/77 loss: 0.4492 time 0.32s 
2026-04-25 15:45:39,360 - INFO - Epoch 68/70 74/77 loss: 0.4494 time 0.32s 
2026-04-25 15:45:39,677 - INFO - Epoch 68/70 75/77 loss: 0.4536 time 0.32s 
2026-04-25 15:45:39,856 - INFO - Epoch 68/70 76/77 loss: 0.4522 time 0.18s 
2026-04-25 15:45:40,013 - INFO - Latest training  68/69 loss: 0.4522 time 25.40s  lr: 1.0000e-04
2026-04-25 15:45:40,014 - INFO - Estimated remaining training time for the current model fold 0 is 0.01 hr, running time 0.90 hr, est total time 0.91 hr 

2026-04-25 15:45:40,939 - INFO - Epoch 69/70 0/77 loss: 0.3493 time 0.92s 
2026-04-25 15:45:41,263 - INFO - Epoch 69/70 1/77 loss: 0.3598 time 0.32s 
2026-04-25 15:45:41,586 - INFO - Epoch 69/70 2/77 loss: 0.4180 time 0.32s 
2026-04-25 15:45:41,906 - INFO - Epoch 69/70 3/77 loss: 0.4562 time 0.32s 
2026-04-25 15:45:42,227 - INFO - Epoch 69/70 4/77 loss: 0.4452 time 0.32s 
2026-04-25 15:45:42,549 - INFO - Epoch 69/70 5/77 loss: 0.4375 time 0.32s 
2026-04-25 15:45:42,870 - INFO - Epoch 69/70 6/77 loss: 0.4454 time 0.32s 
2026-04-25 15:45:43,190 - INFO - Epoch 69/70 7/77 loss: 0.4229 time 0.32s 
2026-04-25 15:45:43,511 - INFO - Epoch 69/70 8/77 loss: 0.4087 time 0.32s 
2026-04-25 15:45:43,832 - INFO - Epoch 69/70 9/77 loss: 0.4270 time 0.32s 
2026-04-25 15:45:44,154 - INFO - Epoch 69/70 10/77 loss: 0.4161 time 0.32s 
2026-04-25 15:45:44,474 - INFO - Epoch 69/70 11/77 loss: 0.4112 time 0.32s 
2026-04-25 15:45:44,795 - INFO - Epoch 69/70 12/77 loss: 0.4287 time 0.32s 
2026-04-25 15:45:45,116 - INFO - Epoch 69/70 13/77 loss: 0.4251 time 0.32s 
2026-04-25 15:45:45,436 - INFO - Epoch 69/70 14/77 loss: 0.4330 time 0.32s 
2026-04-25 15:45:45,758 - INFO - Epoch 69/70 15/77 loss: 0.4296 time 0.32s 
2026-04-25 15:45:46,081 - INFO - Epoch 69/70 16/77 loss: 0.4198 time 0.32s 
2026-04-25 15:45:46,407 - INFO - Epoch 69/70 17/77 loss: 0.4215 time 0.33s 
2026-04-25 15:45:46,727 - INFO - Epoch 69/70 18/77 loss: 0.4141 time 0.32s 
2026-04-25 15:45:47,049 - INFO - Epoch 69/70 19/77 loss: 0.4150 time 0.32s 
2026-04-25 15:45:47,371 - INFO - Epoch 69/70 20/77 loss: 0.4175 time 0.32s 
2026-04-25 15:45:47,691 - INFO - Epoch 69/70 21/77 loss: 0.4264 time 0.32s 
2026-04-25 15:45:48,013 - INFO - Epoch 69/70 22/77 loss: 0.4270 time 0.32s 
2026-04-25 15:45:48,334 - INFO - Epoch 69/70 23/77 loss: 0.4339 time 0.32s 
2026-04-25 15:45:48,654 - INFO - Epoch 69/70 24/77 loss: 0.4285 time 0.32s 
2026-04-25 15:45:48,976 - INFO - Epoch 69/70 25/77 loss: 0.4280 time 0.32s 
2026-04-25 15:45:49,298 - INFO - Epoch 69/70 26/77 loss: 0.4455 time 0.32s 
2026-04-25 15:45:49,619 - INFO - Epoch 69/70 27/77 loss: 0.4448 time 0.32s 
2026-04-25 15:45:49,942 - INFO - Epoch 69/70 28/77 loss: 0.4467 time 0.32s 
2026-04-25 15:45:50,266 - INFO - Epoch 69/70 29/77 loss: 0.4462 time 0.32s 
2026-04-25 15:45:50,588 - INFO - Epoch 69/70 30/77 loss: 0.4453 time 0.32s 
2026-04-25 15:45:50,909 - INFO - Epoch 69/70 31/77 loss: 0.4508 time 0.32s 
2026-04-25 15:45:51,229 - INFO - Epoch 69/70 32/77 loss: 0.4548 time 0.32s 
2026-04-25 15:45:51,551 - INFO - Epoch 69/70 33/77 loss: 0.4564 time 0.32s 
2026-04-25 15:45:51,875 - INFO - Epoch 69/70 34/77 loss: 0.4590 time 0.32s 
2026-04-25 15:45:52,197 - INFO - Epoch 69/70 35/77 loss: 0.4636 time 0.32s 
2026-04-25 15:45:52,517 - INFO - Epoch 69/70 36/77 loss: 0.4601 time 0.32s 
2026-04-25 15:45:52,839 - INFO - Epoch 69/70 37/77 loss: 0.4631 time 0.32s 
2026-04-25 15:45:53,159 - INFO - Epoch 69/70 38/77 loss: 0.4580 time 0.32s 
2026-04-25 15:45:53,481 - INFO - Epoch 69/70 39/77 loss: 0.4611 time 0.32s 
2026-04-25 15:45:53,802 - INFO - Epoch 69/70 40/77 loss: 0.4609 time 0.32s 
2026-04-25 15:45:54,124 - INFO - Epoch 69/70 41/77 loss: 0.4649 time 0.32s 
2026-04-25 15:45:54,445 - INFO - Epoch 69/70 42/77 loss: 0.4621 time 0.32s 
2026-04-25 15:45:54,767 - INFO - Epoch 69/70 43/77 loss: 0.4697 time 0.32s 
2026-04-25 15:45:55,089 - INFO - Epoch 69/70 44/77 loss: 0.4702 time 0.32s 
2026-04-25 15:45:55,411 - INFO - Epoch 69/70 45/77 loss: 0.4811 time 0.32s 
2026-04-25 15:45:55,733 - INFO - Epoch 69/70 46/77 loss: 0.4804 time 0.32s 
2026-04-25 15:45:56,052 - INFO - Epoch 69/70 47/77 loss: 0.4822 time 0.32s 
2026-04-25 15:45:56,374 - INFO - Epoch 69/70 48/77 loss: 0.4826 time 0.32s 
2026-04-25 15:45:56,698 - INFO - Epoch 69/70 49/77 loss: 0.4798 time 0.32s 
2026-04-25 15:45:57,018 - INFO - Epoch 69/70 50/77 loss: 0.4800 time 0.32s 
2026-04-25 15:45:57,340 - INFO - Epoch 69/70 51/77 loss: 0.4832 time 0.32s 
2026-04-25 15:45:57,661 - INFO - Epoch 69/70 52/77 loss: 0.4823 time 0.32s 
2026-04-25 15:45:57,983 - INFO - Epoch 69/70 53/77 loss: 0.4790 time 0.32s 
2026-04-25 15:45:58,303 - INFO - Epoch 69/70 54/77 loss: 0.4766 time 0.32s 
2026-04-25 15:45:58,623 - INFO - Epoch 69/70 55/77 loss: 0.4743 time 0.32s 
2026-04-25 15:45:58,944 - INFO - Epoch 69/70 56/77 loss: 0.4727 time 0.32s 
2026-04-25 15:45:59,264 - INFO - Epoch 69/70 57/77 loss: 0.4715 time 0.32s 
2026-04-25 15:45:59,585 - INFO - Epoch 69/70 58/77 loss: 0.4718 time 0.32s 
2026-04-25 15:45:59,907 - INFO - Epoch 69/70 59/77 loss: 0.4706 time 0.32s 
2026-04-25 15:46:00,229 - INFO - Epoch 69/70 60/77 loss: 0.4702 time 0.32s 
2026-04-25 15:46:00,553 - INFO - Epoch 69/70 61/77 loss: 0.4669 time 0.32s 
2026-04-25 15:46:00,874 - INFO - Epoch 69/70 62/77 loss: 0.4678 time 0.32s 
2026-04-25 15:46:01,196 - INFO - Epoch 69/70 63/77 loss: 0.4694 time 0.32s 
2026-04-25 15:46:01,517 - INFO - Epoch 69/70 64/77 loss: 0.4679 time 0.32s 
2026-04-25 15:46:01,839 - INFO - Epoch 69/70 65/77 loss: 0.4662 time 0.32s 
2026-04-25 15:46:02,161 - INFO - Epoch 69/70 66/77 loss: 0.4663 time 0.32s 
2026-04-25 15:46:02,482 - INFO - Epoch 69/70 67/77 loss: 0.4703 time 0.32s 
2026-04-25 15:46:02,803 - INFO - Epoch 69/70 68/77 loss: 0.4696 time 0.32s 
2026-04-25 15:46:03,119 - INFO - Epoch 69/70 69/77 loss: 0.4673 time 0.32s 
2026-04-25 15:46:03,437 - INFO - Epoch 69/70 70/77 loss: 0.4645 time 0.32s 
2026-04-25 15:46:03,754 - INFO - Epoch 69/70 71/77 loss: 0.4621 time 0.32s 
2026-04-25 15:46:04,073 - INFO - Epoch 69/70 72/77 loss: 0.4610 time 0.32s 
2026-04-25 15:46:04,389 - INFO - Epoch 69/70 73/77 loss: 0.4595 time 0.32s 
2026-04-25 15:46:04,705 - INFO - Epoch 69/70 74/77 loss: 0.4605 time 0.32s 
2026-04-25 15:46:05,023 - INFO - Epoch 69/70 75/77 loss: 0.4583 time 0.32s 
2026-04-25 15:46:05,201 - INFO - Epoch 69/70 76/77 loss: 0.4618 time 0.18s 
2026-04-25 15:46:05,287 - INFO - Latest training  69/69 loss: 0.4618 time 25.27s  lr: 1.0000e-04
2026-04-25 15:46:09,002 - INFO - Saving checkpoint process: ./models/puma/model_final.pt, {'epoch': 69, 'best_metric': -1}, save_time 3.71s
2026-04-25 15:46:09,003 - INFO - Estimated remaining training time for the current model fold 0 is 0.01 hr, running time 0.91 hr, est total time 0.91 hr 

2026-04-25 15:46:09,005 - INFO - Checking to run final testing True
2026-04-25 15:46:09,306 - INFO - Running final best model testing set!
2026-04-25 15:46:09,309 - INFO - adding datalist (0 -- testing): datalists/puma_datalist.json 22
2026-04-25 15:46:09,310 - INFO - validation file groups 1 grouping True
2026-04-25 15:46:10,393 - INFO - => loaded checkpoint ./models/puma/model.pt (epoch 44) (best_metric 0.8419474363327026) setting start_epoch 1
2026-04-25 15:46:10,405 - INFO - total parameters count 89970051 distributed False
2026-04-25 15:46:15,713 - INFO - Val 0/0 0/22 loss: 0.4602 acc 0.839344262295082  time 5.30s
2026-04-25 15:46:19,118 - INFO - Val 0/0 1/22 loss: 0.1447 acc 0.8108108108108109  time 3.40s
2026-04-25 15:46:22,718 - INFO - Val 0/0 2/22 loss: 0.5707 acc 0.8633093525179856  time 3.60s
2026-04-25 15:46:26,387 - INFO - Val 0/0 3/22 loss: 0.7806 acc 0.8373626373626374  time 3.67s
2026-04-25 15:46:29,907 - INFO - Val 0/0 4/22 loss: 0.6352 acc 0.771875  time 3.52s
2026-04-25 15:46:33,442 - INFO - Val 0/0 5/22 loss: 0.4520 acc 0.5904761904761905  time 3.54s
2026-04-25 15:46:37,019 - INFO - Val 0/0 6/22 loss: 0.4914 acc 0.760119940029985  time 3.58s
2026-04-25 15:46:40,589 - INFO - Val 0/0 7/22 loss: 0.4324 acc 0.8379705400981997  time 3.57s
2026-04-25 15:46:44,080 - INFO - Val 0/0 8/22 loss: 0.3045 acc 0.8113695090439277  time 3.49s
2026-04-25 15:46:47,699 - INFO - Val 0/0 9/22 loss: 0.3397 acc 0.8658698539176627  time 3.62s
2026-04-25 15:46:51,200 - INFO - Val 0/0 10/22 loss: 0.2443 acc 0.7901234567901234  time 3.50s
2026-04-25 15:46:54,771 - INFO - Val 0/0 11/22 loss: 0.3551 acc 0.9024856596558317  time 3.57s
2026-04-25 15:46:58,313 - INFO - Val 0/0 12/22 loss: 0.4299 acc 0.808300395256917  time 3.54s
2026-04-25 15:47:01,764 - INFO - Val 0/0 13/22 loss: 0.2452 acc 0.8393939393939394  time 3.45s
2026-04-25 15:47:05,332 - INFO - Val 0/0 14/22 loss: 0.5850 acc 0.7899408284023669  time 3.57s
2026-04-25 15:47:08,873 - INFO - Val 0/0 15/22 loss: 0.2576 acc 0.8459715639810427  time 3.54s
2026-04-25 15:47:12,535 - INFO - Val 0/0 16/22 loss: 0.4371 acc 0.9006535947712418  time 3.66s
2026-04-25 15:47:16,109 - INFO - Val 0/0 17/22 loss: 0.2976 acc 0.9058823529411765  time 3.57s
2026-04-25 15:47:19,674 - INFO - Val 0/0 18/22 loss: 0.5021 acc 0.849609375  time 3.57s
2026-04-25 15:47:23,317 - INFO - Val 0/0 19/22 loss: 0.3609 acc 0.9030955585464334  time 3.64s
2026-04-25 15:47:26,754 - INFO - Val 0/0 20/22 loss: 0.2191 acc 0.8546712802768166  time 3.44s
2026-04-25 15:47:30,264 - INFO - Val 0/0 21/22 loss: 0.2058 acc 0.9025974025974026  time 3.51s
2026-04-25 15:47:30,346 - INFO - Validation 0 complete, loss_avg: 0.3978 acc_avg: 0.8310 acc 0.8309651017189026 time 81.03s
2026-04-25 15:47:30,347 - INFO - group: 0 => 0.8310
2026-04-25 15:47:30,347 - INFO - Testing group score average: 0.8310
2026-04-25 15:47:30,347 - INFO - Testing: loss: 0.3978 acc_avg: 0.8310 acc 0.8309651017189026 time 81.04s
2026-04-25 15:47:30,349 - INFO - Progress: best_avg_score_epoch: 44, best_avg_score: 0.8309651017189026, validation_time: 81.04s, run_final_testing: True, time: 0.93 hr, model: ./models/puma/model.pt, date: 2026-04-25 15:47:30
2026-04-25 15:47:30,350 - INFO - === DONE: best_metric: 0.8310 at epoch: 44 of 70.Training time 0.93 hr.
